nombre_empresa,cuit,periodo_fiscal,empleados,ingresos,gastos,margen,deuda,activos,prestamos_solicitados,prestamos_aprobados,monto_solicitado,monto_aprobado,ticket_promedio_solicitado,ticket_promedio_aprobado,prestamos_cancelados,prestamos_vigentes,tiempo_cancelacion_prestamo,servicios_utilizados,transferencias,pagos,creditos,inversiones,trimestre_dias_actividad,trimestre_dias_inactividad,promedio_login_dia,total_login_dia,churn
Diaz Construcción S.A.,20691442021,2025-Q4,469,65933728.05,48198969.08,17734758.97,23234838.04,113035618.41,2,1,15012848.26,4936490.11,7506424.13,4936490.11,1,0,90,0,0,0,0,0,54,36,3.0,162.0,0
Godoy Tech,20748123114,2022-Q1,219,83320313.96,45830772.92,37489541.04,6839718.09,93936945.53,5,4,41272412.07,27131067.21,8254482.41,6782766.8,3,1,60,2,0,1,1,0,41,49,3.0,123.0,0
Godoy Tech,20748123114,2022-Q2,219,80886622.67,52069210.99,28817411.68,6572145.89,105506461.11,2,1,10591465.8,4413254.63,5295732.9,4413254.63,1,0,60,3,0,1,1,1,4,86,6.0,24.0,0
Godoy Tech,20748123114,2022-Q3,219,76065908.53,48230650.87,27835257.66,6893226.62,90439926.56,4,1,17404150.27,4067815.47,4351037.57,4067815.47,1,0,60,3,0,1,1,1,85,5,5.0,425.0,0
Godoy Tech,20748123114,2022-Q4,219,84048459.33,52531435.05,31517024.28,6664125.36,92346452.07,1,0,7357827.13,0.0,7357827.13,4441781.43,0,0,90,3,1,1,0,1,72,18,8.0,576.0,0
Godoy Tech,20748123114,2023-Q1,219,78163714.15,50194170.93,27969543.22,5972776.79,88994628.4,2,1,5268520.91,2588159.39,2634260.46,2588159.39,1,0,60,3,1,0,1,1,58,32,6.0,348.0,1
Godoy Tech,20748123114,2023-Q2,219,77813817.44,46687068.8,31126748.64,6722882.58,103244341.15,1,0,4161095.43,0.0,4161095.43,3082089.87,0,0,90,3,1,0,1,1,27,63,5.0,135.0,0
Godoy Tech,20748123114,2023-Q3,219,77335739.8,52623094.61,24712645.19,6048632.45,87223850.29,4,1,27895779.85,4746717.23,6973944.96,4746717.23,1,0,90,2,1,0,0,1,82,8,6.0,492.0,0
Godoy Tech,20748123114,2023-Q4,219,76935920.09,47547884.02,29388036.07,7341860.38,93763655.18,5,2,20027531.72,8445933.34,4005506.34,4222966.67,0,2,60,2,0,1,1,0,63,27,5.0,315.0,0
Godoy Tech,20748123114,2024-Q1,219,78013117.22,47258027.08,30755090.14,5851618.3,104193186.52,4,2,27475389.15,12221187.51,6868847.29,6110593.75,2,0,30,2,0,1,0,1,50,40,2.0,100.0,0
Godoy Tech,20748123114,2024-Q2,219,77740927.24,50774148.14,26966779.1,7212946.08,99318603.91,3,1,19319980.1,5454644.82,6439993.37,5454644.82,0,1,30,1,0,1,0,0,30,60,7.0,210.0,0
Godoy Tech,20748123114,2024-Q3,219,85512147.68,50316171.51,35195976.17,6550775.38,98182073.83,3,1,11906525.51,3934581.26,3968841.84,3934581.26,0,1,90,1,0,0,1,0,6,84,1.0,6.0,0
Godoy Tech,20748123114,2024-Q4,219,79941890.46,49250921.97,30690968.49,6327768.3,93180384.71,3,1,17155254.68,5793592.34,5718418.23,5793592.34,1,0,30,1,0,0,1,0,81,9,6.0,486.0,0
Godoy Tech,20748123114,2025-Q1,219,75363044.6,51092161.07,24270883.53,7611810.91,101609767.02,0,0,0.0,0.0,5001408.8,3576542.42,0,0,0,2,0,1,1,0,22,68,1.0,22.0,0
Godoy Tech,20748123114,2025-Q2,219,83670033.83,47702631.41,35967402.42,8242374.85,92396397.01,3,1,14071273.83,3200295.04,4690424.61,3200295.04,1,0,60,2,0,1,1,0,5,85,3.0,15.0,0
Godoy Tech,20748123114,2025-Q3,219,84971066.73,53409628.16,31561438.57,7030843.93,92878756.78,5,4,41062887.1,21261815.46,8212577.42,5315453.86,1,3,60,1,0,0,0,1,67,23,8.0,536.0,0
Godoy Tech,20748123114,2025-Q4,219,72865107.2,52792354.23,20072752.97,6010423.69,90243153.17,2,1,17621527.3,6653552.46,8810763.65,6653552.46,1,0,90,2,1,0,1,0,70,20,4.0,280.0,1
Diaz Tech,20802907126,2022-Q1,371,45555330.43,38403261.91,7152068.52,5078628.92,59073290.18,4,2,29954668.71,10295561.48,7488667.18,5147780.74,1,1,60,2,1,0,0,1,9,81,1.0,9.0,0
Diaz Tech,20802907126,2022-Q2,371,44363653.21,36595748.86,7767904.35,4135152.36,60249359.19,1,0,6566882.87,0.0,6566882.87,6971480.13,0,0,90,1,0,1,0,0,27,63,6.0,162.0,0
Diaz Tech,20802907126,2022-Q3,371,43836861.74,38917734.38,4919127.36,4949191.41,59142010.44,0,0,0.0,0.0,6546642.51,5963324.21,0,0,0,3,1,1,1,0,20,70,4.0,80.0,0
Diaz Tech,20802907126,2022-Q4,371,48207938.14,35524965.28,12682972.86,5073961.46,57993965.78,1,0,9445659.77,0.0,9445659.77,9990327.34,0,0,60,3,0,1,1,1,47,43,4.0,188.0,0
Diaz Tech,20802907126,2023-Q1,371,50190998.65,35244351.14,14946647.51,4519153.43,67707406.99,4,2,18849407.89,9416277.51,4712351.97,4708138.76,1,1,60,1,0,0,0,1,54,36,9.0,486.0,0
Diaz Tech,20802907126,2023-Q2,371,47817753.9,36807013.05,11010740.85,4883766.56,68255538.3,3,2,13840878.32,7890804.3,4613626.11,3945402.15,2,0,30,1,0,0,1,0,46,44,4.0,184.0,0
Diaz Tech,20802907126,2023-Q3,371,50456359.26,36150685.26,14305674.0,4413512.31,57211541.73,5,3,29007882.65,10714708.15,5801576.53,3571569.38,2,1,60,1,1,0,0,0,9,81,7.0,63.0,0
Diaz Tech,20802907126,2023-Q4,371,47999351.67,36502116.32,11497235.35,4317547.05,64119452.23,0,0,0.0,0.0,8127017.86,6708547.45,0,0,0,3,0,1,1,1,1,89,3.0,3.0,0
Diaz Tech,20802907126,2024-Q1,371,46651450.92,37985912.46,8665538.46,3924698.86,57033887.87,1,0,5679414.11,0.0,5679414.11,4712627.76,0,0,90,2,1,0,1,0,87,3,3.0,261.0,0
Diaz Tech,20802907126,2024-Q2,371,48168260.85,37786362.72,10381898.13,5210849.87,65042157.81,1,0,8052379.34,0.0,8052379.34,5344308.29,0,0,90,2,0,0,1,1,63,27,4.0,252.0,0
Diaz Tech,20802907126,2024-Q3,371,44150939.79,33778770.29,10372169.5,4351159.91,57808308.04,4,3,30541692.85,16948300.67,7635423.21,5649433.56,3,0,60,2,1,0,0,1,90,0,6.0,540.0,0
Diaz Tech,20802907126,2024-Q4,371,43850305.93,34779945.89,9070360.04,4897377.74,58124342.14,0,0,0.0,0.0,6059667.57,4211653.44,0,0,0,2,0,1,0,1,56,34,7.0,392.0,0
Diaz Tech,20802907126,2025-Q1,371,46273512.05,36585847.19,9687664.86,3688410.63,63951343.43,1,0,4708806.8,0.0,4708806.8,2992844.19,0,0,30,1,1,0,0,0,88,2,3.0,264.0,0
Diaz Tech,20802907126,2025-Q2,371,44330992.2,34878709.04,9452283.16,5013464.93,64401293.6,0,0,0.0,0.0,6699543.64,4876533.01,0,0,0,2,1,0,0,1,68,22,10.0,680.0,0
Diaz Tech,20802907126,2025-Q3,371,43514932.88,34534668.71,8980264.17,4161043.16,67744905.03,2,1,10477500.61,5312414.44,5238750.31,5312414.44,1,0,30,3,1,1,1,0,43,47,5.0,215.0,0
Diaz Tech,20802907126,2025-Q4,371,43073073.02,34711355.13,8361717.89,4886851.61,61082968.63,1,0,4880599.46,0.0,4880599.46,4223564.38,0,0,30,2,0,1,0,1,77,13,7.0,539.0,0
Nuñez Restaurantes S.A.,20829044154,2022-Q1,286,78992577.41,49435196.6,29557380.81,24583394.59,124510096.85,3,2,5861488.48,3618209.01,1953829.49,1809104.5,1,1,90,2,0,0,1,1,36,54,7.0,252.0,0
Nuñez Restaurantes S.A.,20829044154,2022-Q2,286,83852580.45,47330381.04,36522199.41,21537865.95,123469024.33,5,2,27947678.28,7436695.84,5589535.66,3718347.92,2,0,60,1,0,0,0,1,89,1,5.0,445.0,0
Nuñez Restaurantes S.A.,20829044154,2022-Q3,286,72184297.05,51204044.85,20980252.2,18887114.4,113565221.39,2,1,17777374.81,9119773.76,8888687.4,9119773.76,1,0,60,1,0,0,1,0,66,24,2.0,132.0,0
Nuñez Restaurantes S.A.,20829044154,2022-Q4,286,77152677.95,51433245.6,25719432.35,26271553.96,117176890.18,4,3,11336356.64,9159173.33,2834089.16,3053057.78,0,3,90,2,0,0,1,1,41,49,2.0,82.0,0
Nuñez Restaurantes S.A.,20829044154,2023-Q1,286,77339387.36,52055581.32,25283806.04,25679900.27,113459006.78,2,1,13346828.77,4076804.79,6673414.38,4076804.79,1,0,30,2,1,0,1,0,46,44,3.0,138.0,0
Nuñez Restaurantes S.A.,20829044154,2023-Q2,286,68722051.78,45349162.37,23372889.41,26042065.69,125108910.14,3,1,13433796.58,4231511.65,4477932.19,4231511.65,0,1,30,0,0,0,0,0,34,56,4.0,136.0,0
Nuñez Restaurantes S.A.,20829044154,2023-Q3,286,73590522.24,45815589.32,27774932.92,23289699.0,115978915.23,2,1,17911345.2,8937648.67,8955672.6,8937648.67,0,1,30,1,0,0,1,0,87,3,7.0,609.0,0
Nuñez Restaurantes S.A.,20829044154,2023-Q4,286,74343534.05,47593511.34,26750022.71,17568089.35,126490323.81,4,2,21901739.03,6792424.84,5475434.76,3396212.42,2,0,60,3,0,1,1,1,81,9,2.0,162.0,0
Nuñez Restaurantes S.A.,20829044154,2024-Q1,286,78681880.94,50123831.19,28558049.75,24659885.2,105403043.61,5,3,31272414.49,13093600.17,6254482.9,4364533.39,2,1,30,2,0,0,1,1,20,70,5.0,100.0,0
Nuñez Restaurantes S.A.,20829044154,2024-Q2,286,70237311.89,44478665.73,25758646.16,20315464.73,108254775.1,0,0,0.0,0.0,7044655.09,5008975.5,0,0,0,3,1,0,1,1,70,20,2.0,140.0,0
Nuñez Restaurantes S.A.,20829044154,2024-Q3,286,74195212.31,50364901.26,23830311.05,21741220.39,123359112.45,5,2,45790031.12,18499763.15,9158006.22,9249881.58,1,1,30,2,1,0,1,0,42,48,8.0,336.0,0
Nuñez Restaurantes S.A.,20829044154,2024-Q4,286,77800437.55,49469217.61,28331219.94,22020456.84,123518679.88,1,0,7178701.0,0.0,7178701.0,4482595.93,0,0,30,3,1,1,1,0,41,49,4.0,164.0,0
Nuñez Restaurantes S.A.,20829044154,2025-Q1,286,81243089.89,49585874.17,31657215.72,17714948.37,116804894.44,0,0,0.0,0.0,7675706.7,7019086.91,0,0,0,2,1,0,0,1,33,57,10.0,330.0,0
Nuñez Restaurantes S.A.,20829044154,2025-Q2,286,68955607.54,46566946.25,22388661.29,23736620.35,121290574.5,0,0,0.0,0.0,8478320.0,8223016.42,0,0,0,2,1,0,0,1,36,54,2.0,72.0,0
Nuñez Restaurantes S.A.,20829044154,2025-Q3,286,82856962.58,53190418.37,29666544.21,24503500.79,107360463.38,0,0,0.0,0.0,7980533.0,6258269.88,0,0,0,2,0,1,1,0,19,71,3.0,57.0,0
Nuñez Restaurantes S.A.,20829044154,2025-Q4,286,83641145.32,50965074.31,32676071.01,18212724.67,124774730.29,2,1,13405859.45,6967844.02,6702929.72,6967844.02,1,0,90,2,1,1,0,0,43,47,4.0,172.0,0
ServiRío SRL,20908297807,2022-Q1,357,63631398.52,39938432.23,23692966.29,45548219.07,118193434.85,2,1,14194552.29,7519426.24,7097276.14,7519426.24,0,1,90,2,0,1,0,1,44,46,6.0,264.0,0
ServiRío SRL,20908297807,2022-Q2,357,64500916.65,39658609.61,24842307.04,42514721.34,108278387.43,5,2,27574894.13,10846042.4,5514978.83,5423021.2,0,2,30,2,1,0,1,0,43,47,8.0,344.0,1
ServiRío SRL,20908297807,2022-Q3,357,63147771.57,44720199.46,18427572.11,46537414.99,117784721.67,4,2,28115595.68,9460946.97,7028898.92,4730473.49,1,1,30,2,0,1,1,0,6,84,7.0,42.0,0
ServiRío SRL,20908297807,2022-Q4,357,58832798.32,40348508.94,18484289.38,38249585.43,115521431.46,4,2,22655560.22,11232315.22,5663890.06,5616157.61,0,2,90,2,1,0,0,1,35,55,9.0,315.0,0
ServiRío SRL,20908297807,2023-Q1,357,64297684.58,44978730.27,19318954.31,41273229.61,105570914.19,1,0,2254371.93,0.0,2254371.93,2461640.01,0,0,90,0,0,0,0,0,50,40,6.0,300.0,1
ServiRío SRL,20908297807,2023-Q2,357,61128082.16,43646658.3,17481423.86,33928183.62,104003556.76,1,0,4136376.94,0.0,4136376.94,3005540.47,0,0,90,2,1,0,1,0,33,57,9.0,297.0,0
ServiRío SRL,20908297807,2023-Q3,357,59878074.2,44725449.86,15152624.34,36711326.97,103076200.11,4,1,27159489.7,4638287.51,6789872.43,4638287.51,1,0,90,2,1,1,0,0,29,61,8.0,232.0,0
ServiRío SRL,20908297807,2023-Q4,357,60995015.03,42109168.44,18885846.59,42843847.34,117042566.14,3,1,24298510.8,6812186.52,8099503.6,6812186.52,0,1,90,2,1,0,1,0,24,66,6.0,144.0,1
ServiRío SRL,20908297807,2024-Q1,357,54930821.67,42863998.79,12066822.88,34667288.9,116099852.32,2,1,10933528.71,4399684.42,5466764.36,4399684.42,1,0,60,1,0,0,0,1,80,10,8.0,640.0,0
ServiRío SRL,20908297807,2024-Q2,357,58625022.34,45567737.48,13057284.86,47082504.32,109278682.47,5,2,38923365.37,13064534.93,7784673.07,6532267.47,2,0,60,2,0,1,0,1,51,39,3.0,153.0,0
ServiRío SRL,20908297807,2024-Q3,357,64680769.53,38745732.56,25935036.97,35568733.78,110041659.72,4,1,23545773.78,4584868.41,5886443.45,4584868.41,0,1,60,3,1,0,1,1,6,84,10.0,60.0,0
ServiRío SRL,20908297807,2024-Q4,357,60706451.89,45636183.99,15070267.9,33039154.5,112364252.67,4,3,26837509.8,21207790.59,6709377.45,7069263.53,2,1,90,1,0,0,1,0,40,50,4.0,160.0,0
ServiRío SRL,20908297807,2025-Q1,357,54964091.02,44604037.35,10360053.67,46092090.78,101056181.8,0,0,0.0,0.0,5296484.07,5097779.17,0,0,0,3,1,0,1,1,73,17,1.0,73.0,0
ServiRío SRL,20908297807,2025-Q2,357,63050750.35,40488789.85,22561960.5,35774551.05,109622910.14,3,1,24124929.97,8223730.27,8041643.32,8223730.27,1,0,30,2,1,0,1,0,43,47,8.0,344.0,0
ServiRío SRL,20908297807,2025-Q3,357,55842199.76,43302348.0,12539851.76,33916880.3,119413286.14,3,1,9281421.41,2424906.54,3093807.14,2424906.54,0,1,30,3,0,1,1,1,31,59,4.0,124.0,0
ServiRío SRL,20908297807,2025-Q4,357,62114733.34,45451922.43,16662810.91,42179613.2,115456302.76,2,1,9843649.22,4586198.05,4921824.61,4586198.05,0,1,60,3,1,1,1,0,32,58,1.0,32.0,0
Garcia Industria S.R.L.,20927455227,2022-Q1,38,74984896.26,54866105.09,20118791.17,22273266.28,112818671.78,5,2,24545468.43,8444539.07,4909093.69,4222269.54,2,0,30,0,0,0,0,0,25,65,6.0,150.0,0
Garcia Industria S.R.L.,20927455227,2022-Q2,38,72794155.35,48959587.0,23834568.35,15999370.96,111272314.17,2,1,12612271.9,6462926.97,6306135.95,6462926.97,1,0,60,1,0,1,0,0,25,65,6.0,150.0,0
Garcia Industria S.R.L.,20927455227,2022-Q3,38,74006994.13,53598422.76,20408571.37,16204862.09,106725749.41,1,0,8949172.21,0.0,8949172.21,8932739.49,0,0,60,2,0,1,1,0,1,89,4.0,4.0,0
Garcia Industria S.R.L.,20927455227,2022-Q4,38,67922558.16,49179246.21,18743311.95,22192533.27,93733051.84,0,0,0.0,0.0,7283276.58,4703970.8,0,0,0,3,1,1,1,0,83,7,6.0,498.0,0
Garcia Industria S.R.L.,20927455227,2023-Q1,38,77302260.06,53527779.77,23774480.29,16231531.55,107323700.88,3,2,21088671.31,11256275.01,7029557.1,5628137.51,2,0,90,2,0,1,0,1,67,23,10.0,670.0,0
Garcia Industria S.R.L.,20927455227,2023-Q2,38,69065860.61,50295319.03,18770541.58,21153749.1,108308473.39,0,0,0.0,0.0,6800921.59,5432752.88,0,0,0,2,0,0,1,1,88,2,7.0,616.0,0
Garcia Industria S.R.L.,20927455227,2023-Q3,38,71575208.26,47587333.07,23987875.19,17575155.52,106656108.87,0,0,0.0,0.0,7922617.54,8354778.97,0,0,0,2,1,1,0,0,15,75,1.0,15.0,1
Garcia Industria S.R.L.,20927455227,2023-Q4,38,70183798.34,54515236.75,15668561.59,20432865.52,98449310.24,5,3,48504168.68,25328731.39,9700833.74,8442910.46,2,1,30,3,1,1,0,1,74,16,1.0,74.0,0
Garcia Industria S.R.L.,20927455227,2024-Q1,38,76009265.62,53141742.12,22867523.5,17904127.58,96852119.51,4,3,38868692.93,26622695.94,9717173.23,8874231.98,0,3,90,1,0,0,0,1,35,55,3.0,105.0,0
Garcia Industria S.R.L.,20927455227,2024-Q2,38,76410304.19,49386675.69,27023628.5,15377878.03,106031182.26,4,2,25038012.89,12588305.1,6259503.22,6294152.55,1,1,60,2,1,0,1,0,44,46,10.0,440.0,0
Garcia Industria S.R.L.,20927455227,2024-Q3,38,74110034.37,51453360.8,22656673.57,20300488.62,95278432.07,2,1,18403449.19,9071963.52,9201724.59,9071963.52,0,1,60,2,1,1,0,0,17,73,3.0,51.0,0
Garcia Industria S.R.L.,20927455227,2024-Q4,38,66619962.14,46638307.98,19981654.16,16058676.67,93597508.94,2,1,10787509.32,3864417.35,5393754.66,3864417.35,0,1,60,0,0,0,0,0,6,84,3.0,18.0,0
Garcia Industria S.R.L.,20927455227,2025-Q1,38,71045449.83,55679012.91,15366436.92,17334565.59,96991645.44,1,0,11119056.91,0.0,11119056.91,6934144.19,0,0,90,3,1,0,1,1,71,19,6.0,426.0,0
Garcia Industria S.R.L.,20927455227,2025-Q2,38,75731612.06,50414126.71,25317485.35,22139307.25,104978218.18,5,2,14861589.59,5128538.07,2972317.92,2564269.03,1,1,30,2,0,0,1,1,27,63,9.0,243.0,1
Garcia Industria S.R.L.,20927455227,2025-Q3,38,74290177.64,50284182.56,24005995.08,17870464.11,102495193.92,5,2,13890481.67,3966450.1,2778096.33,1983225.05,0,2,60,1,1,0,0,0,67,23,1.0,67.0,0
Garcia Industria S.R.L.,20927455227,2025-Q4,38,77338616.19,54518353.88,22820262.31,19794560.83,114131635.52,5,2,36894735.64,11023683.89,7378947.13,5511841.94,2,0,30,0,0,0,0,0,11,79,7.0,77.0,0
Romero Industria S.R.L.,20978553770,2022-Q1,27,69867805.29,40352664.63,29515140.66,28051365.19,105528407.55,3,2,9347442.02,6498332.41,3115814.01,3249166.2,2,0,30,1,0,1,0,0,10,80,5.0,50.0,0
Romero Industria S.R.L.,20978553770,2022-Q2,27,67569255.19,42364240.35,25205014.84,27411879.75,117672213.74,3,2,17044794.39,6989642.42,5681598.13,3494821.21,2,0,90,3,1,0,1,1,16,74,1.0,16.0,0
Romero Industria S.R.L.,20978553770,2022-Q3,27,61298449.26,45032706.5,16265742.76,26600660.74,103032726.45,3,2,12288453.5,5937550.55,4096151.17,2968775.28,1,1,90,1,0,0,0,1,8,82,6.0,48.0,0
Romero Industria S.R.L.,20978553770,2022-Q4,27,63203200.15,42664732.53,20538467.62,27159390.1,116521559.47,3,2,14581137.45,9247668.46,4860379.15,4623834.23,1,1,60,2,0,1,1,0,10,80,7.0,70.0,0
Romero Industria S.R.L.,20978553770,2023-Q1,27,64048547.5,48576379.24,15472168.26,25639432.47,100390008.94,4,2,25133030.19,11879137.55,6283257.55,5939568.77,2,0,30,3,1,1,1,0,29,61,6.0,174.0,0
Romero Industria S.R.L.,20978553770,2023-Q2,27,59920084.94,42840695.4,17079389.54,32707442.8,103530405.66,0,0,0.0,0.0,7354515.26,4861278.93,0,0,0,2,1,0,1,0,8,82,10.0,80.0,0
Romero Industria S.R.L.,20978553770,2023-Q3,27,69988299.15,41964378.8,28023920.35,35404898.29,111611956.85,3,1,17080177.71,4704589.47,5693392.57,4704589.47,1,0,90,2,0,1,0,1,22,68,5.0,110.0,0
Romero Industria S.R.L.,20978553770,2023-Q4,27,62965446.2,45670265.14,17295181.06,32730745.8,110929237.06,0,0,0.0,0.0,5779966.42,4335003.15,0,0,0,2,0,0,1,1,45,45,4.0,180.0,1
Romero Industria S.R.L.,20978553770,2024-Q1,27,60045110.27,46242029.58,13803080.69,36225193.51,106210888.55,1,0,4838828.67,0.0,4838828.67,3535818.96,0,0,60,2,1,0,0,1,90,0,3.0,270.0,0
Romero Industria S.R.L.,20978553770,2024-Q2,27,69647633.12,40997467.35,28650165.77,34810090.6,112912960.11,2,1,6168806.49,2654137.95,3084403.24,2654137.95,0,1,90,1,0,0,1,0,69,21,9.0,621.0,0
Romero Industria S.R.L.,20978553770,2024-Q3,27,62556166.05,47800210.06,14755955.99,30019822.57,111116743.71,4,2,25300727.85,7734205.57,6325181.96,3867102.78,2,0,90,2,0,1,0,1,10,80,10.0,100.0,0
Romero Industria S.R.L.,20978553770,2024-Q4,27,62601164.96,40644973.25,21956191.71,32623287.64,96971202.76,2,1,14137951.82,6347800.82,7068975.91,6347800.82,1,0,90,4,1,1,1,1,30,60,7.0,210.0,0
Romero Industria S.R.L.,20978553770,2025-Q1,27,64993962.63,45548344.01,19445618.62,34149763.63,99143726.27,1,0,9678751.13,0.0,9678751.13,7591961.14,0,0,60,2,1,0,0,1,70,20,3.0,210.0,0
Romero Industria S.R.L.,20978553770,2025-Q2,27,71184600.97,43259717.57,27924883.4,27509999.03,113372920.3,3,2,15763973.02,6956104.81,5254657.67,3478052.41,2,0,90,2,1,1,0,0,71,19,7.0,497.0,0
Romero Industria S.R.L.,20978553770,2025-Q3,27,71623381.62,44278433.5,27344948.12,29907381.02,116555062.91,5,4,23876741.11,15877136.45,4775348.22,3969284.11,3,1,90,2,0,0,1,1,24,66,3.0,72.0,0
Romero Industria S.R.L.,20978553770,2025-Q4,27,69347451.37,48271457.07,21075994.3,36191642.27,116778749.11,3,2,23966567.82,11329629.36,7988855.94,5664814.68,1,1,90,3,1,0,1,1,17,73,10.0,170.0,0
UQT TEC S.A.,23143037614,2022-Q1,473,68615825.43,51464981.1,17150844.33,18268880.43,110101734.84,3,2,13469822.77,7186917.74,4489940.92,3593458.87,1,1,60,3,1,1,0,1,60,30,9.0,540.0,0
UQT TEC S.A.,23143037614,2022-Q2,473,69893215.05,44277516.51,25615698.54,21820800.33,99583737.22,2,1,15388645.97,7247665.91,7694322.99,7247665.91,1,0,30,3,1,1,0,1,55,35,2.0,110.0,1
UQT TEC S.A.,23143037614,2022-Q3,473,77915021.45,49388318.32,28526703.13,19083807.81,107423549.74,3,1,14781221.14,3130740.97,4927073.71,3130740.97,1,0,30,2,0,1,0,1,23,67,9.0,207.0,0
UQT TEC S.A.,23143037614,2022-Q4,473,77675080.74,47607717.7,30067363.04,16649646.94,98734605.16,5,4,31457214.28,17671789.51,6291442.86,4417947.38,4,0,90,2,1,0,0,1,18,72,2.0,36.0,0
UQT TEC S.A.,23143037614,2023-Q1,473,70488798.28,49977840.46,20510957.82,23258252.42,106925113.72,3,2,19647209.02,11644947.28,6549069.67,5822473.64,2,0,60,2,0,1,1,0,89,1,5.0,445.0,1
UQT TEC S.A.,23143037614,2023-Q2,473,78607768.59,49300961.22,29306807.37,17013036.96,97208682.08,4,2,25296102.02,8045195.45,6324025.5,4022597.73,2,0,90,4,1,1,1,1,88,2,1.0,88.0,0
UQT TEC S.A.,23143037614,2023-Q3,473,78288690.13,51027513.74,27261176.39,23395608.43,104072937.78,1,0,2859201.86,0.0,2859201.86,2882528.9,0,0,30,2,0,1,1,0,24,66,1.0,24.0,0
UQT TEC S.A.,23143037614,2023-Q4,473,68164707.46,46679511.99,21485195.47,17824230.07,105309059.03,2,1,16773605.31,5585744.26,8386802.65,5585744.26,1,0,60,3,1,1,0,1,31,59,8.0,248.0,0
UQT TEC S.A.,23143037614,2024-Q1,473,75202402.65,46286247.62,28916155.03,15954470.91,94813436.45,3,1,11890639.42,2958454.77,3963546.47,2958454.77,0,1,30,2,1,0,1,0,69,21,5.0,345.0,0
UQT TEC S.A.,23143037614,2024-Q2,473,67480761.5,47572575.53,19908185.97,19637417.37,108007356.31,2,1,8162501.08,3531415.91,4081250.54,3531415.91,1,0,90,3,1,1,1,0,19,71,9.0,171.0,0
UQT TEC S.A.,23143037614,2024-Q3,473,78897043.33,48366617.01,30530426.32,16261831.36,95718436.5,0,0,0.0,0.0,7433466.02,6708153.72,0,0,0,2,1,0,1,0,70,20,4.0,280.0,0
UQT TEC S.A.,23143037614,2024-Q4,473,68143652.88,49903195.7,18240457.18,17142009.55,102542475.2,4,3,27671846.15,19483492.35,6917961.54,6494497.45,3,0,60,1,1,0,0,0,18,72,9.0,162.0,0
UQT TEC S.A.,23143037614,2025-Q1,473,75078469.89,46293981.66,28784488.23,19706574.8,106700702.39,0,0,0.0,0.0,8308775.8,6145932.25,0,0,0,1,0,1,0,0,2,88,8.0,16.0,0
UQT TEC S.A.,23143037614,2025-Q2,473,76622233.15,49345318.75,27276914.4,21823558.44,109334449.47,5,3,20314646.0,13313827.94,4062929.2,4437942.65,2,1,30,0,0,0,0,0,49,41,3.0,147.0,0
UQT TEC S.A.,23143037614,2025-Q3,473,76645016.07,47091776.32,29553239.75,23112985.44,107168735.04,3,2,16050940.83,9183779.76,5350313.61,4591889.88,0,2,30,2,1,1,0,0,45,45,4.0,180.0,0
UQT TEC S.A.,23143037614,2025-Q4,473,69948484.17,50013334.98,19935149.19,17123028.74,104233337.35,0,0,0.0,0.0,8537665.99,7192978.23,0,0,0,2,0,1,1,0,61,29,10.0,610.0,0
Diaz Comercio S.A.S.,23181657960,2022-Q1,177,78511414.92,52152860.0,26358554.92,28959090.94,121793294.26,0,0,0.0,0.0,6259564.64,5486076.42,0,0,0,2,0,1,1,0,49,41,8.0,392.0,0
Diaz Comercio S.A.S.,23181657960,2022-Q2,177,84042318.07,52222540.8,31819777.27,25967526.22,129867430.13,5,3,29150101.99,12777994.58,5830020.4,4259331.53,2,1,30,2,1,0,0,1,19,71,10.0,190.0,0
Diaz Comercio S.A.S.,23181657960,2022-Q3,177,71206605.04,51111123.57,20095481.47,24396314.28,121549531.64,3,2,9587424.02,4046892.64,3195808.01,2023446.32,1,1,30,2,0,1,0,1,29,61,6.0,174.0,0
Diaz Comercio S.A.S.,23181657960,2022-Q4,177,73599997.63,48995816.59,24604181.04,33234461.39,127085889.93,3,1,23533487.65,5453963.14,7844495.88,5453963.14,1,0,30,1,0,0,1,0,79,11,2.0,158.0,0
Diaz Comercio S.A.S.,23181657960,2023-Q1,177,70654200.58,48986109.44,21668091.14,31855949.17,137402987.6,2,1,14426932.71,6972553.21,7213466.35,6972553.21,1,0,90,2,1,0,0,1,73,17,3.0,219.0,0
Diaz Comercio S.A.S.,23181657960,2023-Q2,177,70671892.62,47185970.43,23485922.19,24917360.54,120162341.24,1,0,4041243.99,0.0,4041243.99,3560026.69,0,0,90,3,1,0,1,1,31,59,2.0,62.0,0
Diaz Comercio S.A.S.,23181657960,2023-Q3,177,76255106.56,46179754.26,30075352.3,32910441.28,146228997.42,3,1,14137466.32,3830178.85,4712488.77,3830178.85,1,0,60,3,1,1,1,0,21,69,10.0,210.0,0
Diaz Comercio S.A.S.,23181657960,2023-Q4,177,75803012.7,43235112.02,32567900.68,30828275.28,141704180.3,3,1,22544542.91,7212219.49,7514847.64,7212219.49,1,0,30,3,1,1,1,0,24,66,8.0,192.0,0
Diaz Comercio S.A.S.,23181657960,2024-Q1,177,72175534.34,47516558.5,24658975.84,24929606.96,131144847.79,5,4,18029456.45,15792139.61,3605891.29,3948034.9,3,1,30,1,0,0,0,1,5,85,6.0,30.0,0
Diaz Comercio S.A.S.,23181657960,2024-Q2,177,71442614.28,49340469.07,22102145.21,29217849.31,127791585.4,5,4,31554642.44,24612408.1,6310928.49,6153102.03,0,4,60,2,1,1,0,0,35,55,7.0,245.0,0
Diaz Comercio S.A.S.,23181657960,2024-Q3,177,79874202.91,44748304.55,35125898.36,29712895.39,131920170.26,0,0,0.0,0.0,7590919.75,5108444.89,0,0,0,2,1,0,1,0,51,39,6.0,306.0,0
Diaz Comercio S.A.S.,23181657960,2024-Q4,177,76132761.96,47018897.7,29113864.26,35464032.41,133128227.93,5,2,19269998.46,4914194.08,3853999.69,2457097.04,2,0,60,2,1,0,1,0,38,52,9.0,342.0,0
Diaz Comercio S.A.S.,23181657960,2025-Q1,177,71905402.12,43239818.45,28665583.67,34046353.43,124513536.05,3,1,12943126.37,3918007.94,4314375.46,3918007.94,0,1,90,1,0,1,0,0,22,68,4.0,88.0,0
Diaz Comercio S.A.S.,23181657960,2025-Q2,177,74668770.5,51583323.07,23085447.43,35608480.84,137422277.68,4,2,18231503.08,9502786.58,4557875.77,4751393.29,0,2,60,2,0,0,1,1,13,77,7.0,91.0,0
Diaz Comercio S.A.S.,23181657960,2025-Q3,177,70327517.7,50519541.68,19807976.02,24846549.99,120805955.22,2,1,15777289.41,4835017.37,7888644.7,4835017.37,0,1,30,2,0,1,1,0,7,83,1.0,7.0,0
Diaz Comercio S.A.S.,23181657960,2025-Q4,177,80709046.09,43450672.11,37258373.98,33778852.49,127218368.66,4,1,12238275.02,2693535.39,3059568.76,2693535.39,0,1,90,1,1,0,0,0,46,44,3.0,138.0,0
Garcia Servicios,23187576261,2022-Q1,357,58797398.74,36805501.55,21991897.19,20317725.27,85959289.05,4,1,21429301.16,4173112.46,5357325.29,4173112.46,0,1,30,2,1,0,1,0,74,16,8.0,592.0,0
Garcia Servicios,23187576261,2022-Q2,357,59823839.04,39632044.11,20191794.93,19078649.29,78902488.32,5,2,20784163.76,6312165.38,4156832.75,3156082.69,0,2,90,2,0,1,0,1,24,66,2.0,48.0,0
Garcia Servicios,23187576261,2022-Q3,357,51864279.89,38162146.79,13702133.1,21260079.07,84713062.95,1,0,8782801.72,0.0,8782801.72,8134110.03,0,0,30,3,0,1,1,1,66,24,2.0,132.0,0
Garcia Servicios,23187576261,2022-Q4,357,55707252.93,36134930.48,19572322.45,15741994.84,87767459.76,0,0,0.0,0.0,4908599.76,3372109.94,0,0,0,3,1,1,1,0,88,2,10.0,880.0,0
Garcia Servicios,23187576261,2023-Q1,357,59049047.65,37456814.38,21592233.27,22910316.66,81959364.31,2,0,16218782.51,0.0,8109391.25,6605616.97,0,0,30,1,0,1,0,0,36,54,3.0,108.0,0
Garcia Servicios,23187576261,2023-Q2,357,57814377.76,39561243.08,18253134.68,22028716.82,87440364.74,1,0,7886460.54,0.0,7886460.54,8142510.94,0,0,60,3,1,1,0,1,84,6,1.0,84.0,0
Garcia Servicios,23187576261,2023-Q3,357,57661400.94,43015105.16,14646295.78,20816055.96,78477456.9,1,0,10145085.73,0.0,10145085.73,6186385.83,0,0,30,3,1,1,0,1,65,25,10.0,650.0,0
Garcia Servicios,23187576261,2023-Q4,357,61539080.18,39951199.46,21587880.72,15758835.53,77297915.71,1,0,4844970.25,0.0,4844970.25,3439150.37,0,0,60,1,0,0,1,0,76,14,6.0,456.0,0
Garcia Servicios,23187576261,2024-Q1,357,59023806.88,37098450.73,21925356.15,19651279.13,78776758.78,5,2,30217598.41,8922729.76,6043519.68,4461364.88,0,2,60,0,0,0,0,0,11,79,7.0,77.0,1
Garcia Servicios,23187576261,2024-Q2,357,54936632.02,40290721.49,14645910.53,19392874.03,74832365.86,5,4,45689434.92,31573924.8,9137886.98,7893481.2,3,1,30,3,1,1,1,0,57,33,10.0,570.0,0
Garcia Servicios,23187576261,2024-Q3,357,53155383.64,42072577.31,11082806.33,15651461.7,87299865.72,0,0,0.0,0.0,4421494.21,3262125.8,0,0,0,2,0,0,1,1,29,61,5.0,145.0,0
Garcia Servicios,23187576261,2024-Q4,357,56673039.95,41736811.81,14936228.14,22386579.2,85543206.11,4,2,28886358.21,12177863.65,7221589.55,6088931.82,2,0,90,2,1,1,0,0,84,6,4.0,336.0,0
Garcia Servicios,23187576261,2025-Q1,357,59720398.68,40713889.38,19006509.3,22772458.4,82492857.09,0,0,0.0,0.0,7337567.52,4506777.09,0,0,0,3,1,1,1,0,20,70,6.0,120.0,0
Garcia Servicios,23187576261,2025-Q2,357,61057294.2,36755998.91,24301295.29,21782297.35,85052349.35,0,0,0.0,0.0,6411179.58,5809410.0,0,0,0,2,0,1,0,1,45,45,2.0,90.0,0
Garcia Servicios,23187576261,2025-Q3,357,60298906.32,43537538.69,16761367.63,15347173.59,76664994.23,5,3,46517260.76,27648469.2,9303452.15,9216156.4,0,3,60,3,1,1,0,1,38,52,1.0,38.0,0
Garcia Servicios,23187576261,2025-Q4,357,55457007.78,36097644.06,19359363.72,22104826.1,87729201.44,0,0,0.0,0.0,9226543.26,6993396.18,0,0,0,2,0,1,0,1,44,46,5.0,220.0,0
NWX RES SAS,23258120167,2022-Q1,363,47022173.4,38253800.52,8768372.88,20058680.28,79508128.73,4,3,24769079.79,17926580.35,6192269.95,5975526.78,3,0,30,1,0,0,1,0,52,38,2.0,104.0,0
NWX RES SAS,23258120167,2022-Q2,363,48101962.78,37013963.82,11087998.96,16242279.93,75645873.3,2,0,16231946.72,0.0,8115973.36,4991404.73,0,0,90,1,0,0,0,1,87,3,4.0,348.0,1
NWX RES SAS,23258120167,2022-Q3,363,47473466.93,38939442.9,8534024.03,17633424.87,81443886.12,1,0,2980670.29,0.0,2980670.29,2247519.3,0,0,90,1,1,0,0,0,22,68,8.0,176.0,0
NWX RES SAS,23258120167,2022-Q4,363,46427601.23,43725024.08,2702577.15,19109006.45,84598575.99,1,0,4710694.56,0.0,4710694.56,2912550.77,0,0,60,1,0,1,0,0,74,16,4.0,296.0,0
NWX RES SAS,23258120167,2023-Q1,363,46865229.48,37370764.32,9494465.16,19633082.27,74308839.76,3,2,14231680.42,10031673.19,4743893.47,5015836.6,0,2,60,2,1,1,0,0,65,25,5.0,325.0,1
NWX RES SAS,23258120167,2023-Q2,363,45306230.43,41069611.51,4236618.92,13502374.86,80789942.43,0,0,0.0,0.0,1827266.65,1578821.2,0,0,0,0,0,0,0,0,88,2,7.0,616.0,0
NWX RES SAS,23258120167,2023-Q3,363,44248245.71,37872981.58,6375264.13,16019222.96,79673280.73,5,2,38304809.1,10996702.17,7660961.82,5498351.08,2,0,30,3,1,1,0,1,15,75,9.0,135.0,0
NWX RES SAS,23258120167,2023-Q4,363,49738286.71,37502676.2,12235610.51,19402868.87,73281528.71,4,1,16694566.77,2541841.86,4173641.69,2541841.86,1,0,60,1,1,0,0,0,74,16,2.0,148.0,0
NWX RES SAS,23258120167,2024-Q1,363,47022478.82,38836961.0,8185517.82,18541249.94,86235565.42,4,2,19425490.75,9174661.89,4856372.69,4587330.95,1,1,90,1,1,0,0,0,36,54,4.0,144.0,0
NWX RES SAS,23258120167,2024-Q2,363,44279309.96,42656722.37,1622587.59,17538303.85,82691957.38,5,2,28824020.58,10044055.2,5764804.12,5022027.6,0,2,60,2,1,0,0,1,84,6,6.0,504.0,0
NWX RES SAS,23258120167,2024-Q3,363,42596565.22,41743678.16,852887.06,14867900.36,76591033.67,4,1,6967129.24,1245802.54,1741782.31,1245802.54,0,1,60,2,1,1,0,0,37,53,8.0,296.0,1
NWX RES SAS,23258120167,2024-Q4,363,44599282.0,37498125.45,7101156.55,19882871.68,85664058.04,3,2,19657195.72,8073328.07,6552398.57,4036664.04,0,2,90,2,0,1,0,1,30,60,4.0,120.0,0
NWX RES SAS,23258120167,2025-Q1,363,46355727.0,40349554.36,6006172.64,15926095.25,80518898.27,1,0,7208420.69,0.0,7208420.69,4568844.34,0,0,30,1,0,0,0,1,53,37,1.0,53.0,0
NWX RES SAS,23258120167,2025-Q2,363,51107406.47,40135954.39,10971452.08,15166604.55,85242498.34,3,1,11247623.01,3006486.83,3749207.67,3006486.83,1,0,60,1,0,0,1,0,27,63,6.0,162.0,0
NWX RES SAS,23258120167,2025-Q3,363,43654246.46,38865454.52,4788791.94,16831154.94,78523335.84,2,1,20968808.35,8590929.04,10484404.18,8590929.04,0,1,90,2,0,0,1,1,72,18,7.0,504.0,0
NWX RES SAS,23258120167,2025-Q4,363,50842267.65,42923836.0,7918431.65,15569721.78,78858615.81,1,0,8105496.5,0.0,8105496.5,6057546.8,0,0,30,3,1,1,1,0,48,42,3.0,144.0,0
ComerVal SAS,23341781409,2022-Q1,359,51789094.62,35100024.08,16689070.54,23343113.46,81991989.82,0,0,0.0,0.0,8217473.35,6418326.5,0,0,0,2,0,1,0,1,21,69,5.0,105.0,0
ComerVal SAS,23341781409,2022-Q2,359,55010120.77,30673011.98,24337108.79,23565628.41,96418411.53,4,3,32001956.5,20290400.99,8000489.12,6763467.0,1,2,90,2,1,0,0,1,8,82,7.0,56.0,0
ComerVal SAS,23341781409,2022-Q3,359,52176595.76,29379913.07,22796682.69,24797377.88,83719182.58,1,0,6522110.79,0.0,6522110.79,4288579.27,0,0,60,2,1,0,0,1,67,23,6.0,402.0,0
ComerVal SAS,23341781409,2022-Q4,359,57185693.47,29536246.16,27649447.31,19686744.39,88520534.22,3,2,18491563.53,12859097.42,6163854.51,6429548.71,0,2,90,1,0,0,0,1,88,2,4.0,352.0,0
ComerVal SAS,23341781409,2023-Q1,359,54136750.93,31442793.1,22693957.83,23235691.7,96240884.74,0,0,0.0,0.0,3920463.7,2663012.4,0,0,0,3,1,1,1,0,25,65,7.0,175.0,0
ComerVal SAS,23341781409,2023-Q2,359,52068406.48,29950190.74,22118215.74,18245981.89,93262341.43,0,0,0.0,0.0,5925407.09,3788788.47,0,0,0,3,1,1,1,0,85,5,2.0,170.0,0
ComerVal SAS,23341781409,2023-Q3,359,51120889.17,31800498.64,19320390.53,21970590.93,88950500.92,2,1,7793748.02,3401459.06,3896874.01,3401459.06,0,1,90,3,0,1,1,1,10,80,6.0,60.0,0
ComerVal SAS,23341781409,2023-Q4,359,51498231.03,30232716.34,21265514.69,22077348.76,86352612.88,1,0,6988551.34,0.0,6988551.34,5701814.77,0,0,60,2,0,0,1,1,83,7,10.0,830.0,0
ComerVal SAS,23341781409,2024-Q1,359,53177900.23,33005419.78,20172480.45,20740001.06,86288304.45,4,3,36413477.69,27941385.67,9103369.42,9313795.22,3,0,90,4,1,1,1,1,79,11,9.0,711.0,0
ComerVal SAS,23341781409,2024-Q2,359,54041656.79,29301243.09,24740413.7,21463735.64,81216661.37,1,0,4614866.97,0.0,4614866.97,3225379.29,0,0,90,2,0,0,1,1,51,39,6.0,306.0,0
ComerVal SAS,23341781409,2024-Q3,359,52835749.52,30437692.05,22398057.47,20991500.29,87548748.22,5,4,29463218.95,17909393.91,5892643.79,4477348.48,4,0,60,2,1,0,1,0,4,86,8.0,32.0,0
ComerVal SAS,23341781409,2024-Q4,359,52051975.2,29770238.38,22281736.82,24917278.31,95868892.43,0,0,0.0,0.0,6329136.89,5354210.96,0,0,0,2,0,1,1,0,7,83,9.0,63.0,0
ComerVal SAS,23341781409,2025-Q1,359,47966730.83,32735380.64,15231350.19,23767151.29,79451436.59,0,0,0.0,0.0,7320970.45,5649418.45,0,0,0,2,0,1,1,0,15,75,1.0,15.0,0
ComerVal SAS,23341781409,2025-Q2,359,53468171.72,31578268.43,21889903.29,21527946.45,91666046.81,1,0,2400511.34,0.0,2400511.34,1963711.59,0,0,30,2,0,1,0,1,39,51,2.0,78.0,0
ComerVal SAS,23341781409,2025-Q3,359,55219297.93,29670537.59,25548760.34,24174348.9,90427505.13,2,0,11039743.74,0.0,5519871.87,4309679.32,0,0,60,3,1,1,1,0,84,6,1.0,84.0,0
ComerVal SAS,23341781409,2025-Q4,359,54426337.62,34423614.27,20002723.35,17952244.16,95356333.22,3,2,15315043.8,6154531.69,5105014.6,3077265.84,1,1,30,3,1,1,1,0,31,59,6.0,186.0,0
Rios Construcción S.A.,23434907675,2022-Q1,261,59774221.28,52061007.91,7713213.37,17181674.68,83366067.56,2,1,8956419.38,3853711.74,4478209.69,3853711.74,0,1,30,2,0,0,1,1,32,58,9.0,288.0,0
Rios Construcción S.A.,23434907675,2022-Q2,261,62441809.81,51037821.63,11403988.18,24321256.8,86763066.61,2,1,13382012.2,5905329.02,6691006.1,5905329.02,0,1,90,1,0,0,0,1,60,30,9.0,540.0,0
Rios Construcción S.A.,23434907675,2022-Q3,261,63858320.6,46798043.68,17060276.92,21579413.06,85437733.66,2,1,8282099.91,3759642.3,4141049.96,3759642.3,0,1,60,2,0,1,0,1,4,86,1.0,4.0,0
Rios Construcción S.A.,23434907675,2022-Q4,261,58148716.4,49410630.62,8738085.78,23430295.74,94029812.83,2,1,5723733.02,2596666.93,2861866.51,2596666.93,0,1,90,2,1,0,1,0,12,78,3.0,36.0,0
Rios Construcción S.A.,23434907675,2023-Q1,261,65050022.26,46609176.45,18440845.81,18375504.51,84352510.68,4,2,23504017.53,10238187.2,5876004.38,5119093.6,0,2,30,3,1,1,1,0,27,63,8.0,216.0,0
Rios Construcción S.A.,23434907675,2023-Q2,261,61664570.11,50387575.38,11276994.73,24961084.05,90480602.13,5,2,30887204.14,12136437.96,6177440.83,6068218.98,2,0,90,2,0,0,1,1,53,37,1.0,53.0,0
Rios Construcción S.A.,23434907675,2023-Q3,261,63467998.74,51572274.67,11895724.07,24348223.25,89899681.84,5,2,23305532.23,9536513.99,4661106.45,4768256.99,2,0,90,1,1,0,0,0,38,52,4.0,152.0,1
Rios Construcción S.A.,23434907675,2023-Q4,261,63970885.44,51681601.57,12289283.87,20516646.98,84487532.42,0,0,0.0,0.0,7586452.96,6992706.52,0,0,0,0,0,0,0,0,65,25,7.0,455.0,0
Rios Construcción S.A.,23434907675,2024-Q1,261,59668347.95,47564183.86,12104164.09,22318696.25,88908810.19,3,1,16153867.41,3899823.8,5384622.47,3899823.8,0,1,60,2,0,1,0,1,74,16,7.0,518.0,0
Rios Construcción S.A.,23434907675,2024-Q2,261,59412808.3,44636442.42,14776365.88,22815801.58,90125093.0,4,3,27156567.13,15263878.97,6789141.78,5087959.66,2,1,60,2,1,1,0,0,18,72,2.0,36.0,0
Rios Construcción S.A.,23434907675,2024-Q3,261,56760047.94,48680543.12,8079504.82,17576347.34,95740560.18,0,0,0.0,0.0,8007873.21,7404315.55,0,0,0,1,0,0,1,0,20,70,8.0,160.0,1
Rios Construcción S.A.,23434907675,2024-Q4,261,62525888.93,51493756.61,11032132.32,20749738.47,95356498.25,2,1,8839970.81,4257639.35,4419985.41,4257639.35,0,1,60,2,1,0,1,0,8,82,4.0,32.0,0
Rios Construcción S.A.,23434907675,2025-Q1,261,59975887.8,45895832.21,14080055.59,18217563.94,82603737.09,3,2,24013244.49,15792497.92,8004414.83,7896248.96,2,0,30,2,1,0,1,0,32,58,8.0,256.0,0
Rios Construcción S.A.,23434907675,2025-Q2,261,61842156.94,51773257.76,10068899.18,17836866.24,95197928.15,4,2,22404559.89,10110167.21,5601139.97,5055083.6,2,0,60,2,0,1,0,1,26,64,1.0,26.0,0
Ojeda Agropecuaria,20159377726,2022-Q1,482,92765465.22,72792474.62,19972990.6,14100791.28,132158327.33,5,2,49051492.72,13851144.33,9810298.54,6925572.16,1,1,60,0,0,0,0,0,1,89,3.0,3.0,0
Ojeda Agropecuaria,20159377726,2022-Q2,482,80482141.4,78842815.9,1639325.5,14846660.89,124632764.12,2,1,13456200.95,4827973.85,6728100.47,4827973.85,0,1,30,2,0,1,0,1,67,23,10.0,670.0,0
Ojeda Agropecuaria,20159377726,2022-Q3,482,86148156.27,74970842.03,11177314.24,17321124.19,119237082.98,1,0,9253601.77,0.0,9253601.77,7988516.16,0,0,60,1,0,0,1,0,41,49,2.0,82.0,0
Ojeda Agropecuaria,20159377726,2022-Q4,482,96211339.22,86304299.85,9907039.37,16632042.73,118322960.94,2,1,8585391.82,3285657.33,4292695.91,3285657.33,1,0,90,1,0,0,1,0,79,11,4.0,316.0,0
Ojeda Agropecuaria,20159377726,2023-Q1,482,81007837.91,77413427.57,3594410.34,19358054.67,119687720.06,1,0,5965888.35,0.0,5965888.35,6219002.81,0,0,30,2,0,0,1,1,38,52,1.0,38.0,0
Ojeda Agropecuaria,20159377726,2023-Q2,482,88565936.07,74342489.17,14223446.9,17542329.68,113109255.41,0,0,0.0,0.0,9581592.18,6010852.78,0,0,0,2,0,0,1,1,72,18,2.0,144.0,0
Ojeda Agropecuaria,20159377726,2023-Q3,482,80511852.5,74416569.52,6095282.98,18693006.37,113418315.96,1,0,5631052.43,0.0,5631052.43,5430704.38,0,0,90,0,0,0,0,0,5,85,10.0,50.0,0
Ojeda Agropecuaria,20159377726,2023-Q4,482,90544331.34,83066211.16,7478120.18,20140589.87,118364321.14,3,1,19235244.64,5110950.82,6411748.21,5110950.82,1,0,30,1,0,0,1,0,55,35,9.0,495.0,0
Ojeda Agropecuaria,20159377726,2024-Q1,482,96611155.73,74092461.31,22518694.42,18968370.37,129919848.5,5,3,19901145.64,8730594.4,3980229.13,2910198.13,1,2,60,3,0,1,1,1,39,51,5.0,195.0,0
Ojeda Agropecuaria,20159377726,2024-Q2,482,89126582.1,74787324.91,14339257.19,14527096.6,126021286.34,4,1,21243042.35,5359920.69,5310760.59,5359920.69,0,1,90,2,1,0,0,1,39,51,4.0,156.0,0
Ojeda Agropecuaria,20159377726,2024-Q3,482,82696924.33,84558364.93,-1861440.6,15979442.4,112333597.23,0,0,0.0,0.0,2903103.63,2954790.26,0,0,0,3,1,1,0,1,38,52,1.0,38.0,0
Ojeda Agropecuaria,20159377726,2024-Q4,482,92107405.64,72792737.72,19314667.92,17793464.42,124394135.41,1,0,5091937.57,0.0,5091937.57,3571768.49,0,0,90,1,1,0,0,0,82,8,2.0,164.0,0
Ojeda Agropecuaria,20159377726,2025-Q1,482,83788159.74,85365433.93,-1577274.19,14398956.52,133686223.16,4,1,34436740.06,8625010.88,8609185.01,8625010.88,0,1,30,1,1,0,0,0,13,77,10.0,130.0,0
Ojeda Agropecuaria,20159377726,2025-Q2,482,81885091.6,83563270.66,-1678179.06,14071366.72,133444389.95,5,2,32942435.57,14447572.92,6588487.11,7223786.46,2,0,60,2,1,0,0,1,77,13,3.0,231.0,0
Ojeda Agropecuaria,20159377726,2025-Q3,482,85783647.64,81682388.34,4101259.3,18704157.86,120128931.65,0,0,0.0,0.0,5732836.14,5936490.68,0,0,0,1,0,0,0,1,11,79,4.0,44.0,0
Ojeda Agropecuaria,20159377726,2025-Q4,482,88675888.34,84221718.72,4454169.62,16464307.99,133867623.91,5,2,18680755.49,5513598.7,3736151.1,2756799.35,2,0,90,4,1,1,1,1,60,30,3.0,180.0,0
PAD RES SRL,20216641613,2022-Q1,99,53302440.61,53058763.42,243677.19,26904698.9,95497145.35,4,3,12683741.46,7075033.14,3170935.36,2358344.38,0,3,30,0,0,0,0,0,30,60,7.0,210.0,0
PAD RES SRL,20216641613,2022-Q2,99,55660838.86,46175012.31,9485826.55,27915764.31,108897980.58,4,2,17903278.53,7404647.39,4475819.63,3702323.7,0,2,90,3,0,1,1,1,64,26,9.0,576.0,0
PAD RES SRL,20216641613,2022-Q3,99,60067870.94,45173433.29,14894437.65,38842565.04,110580600.79,4,2,27434900.07,12443998.62,6858725.02,6221999.31,2,0,30,2,0,1,1,0,84,6,5.0,420.0,0
PAD RES SRL,20216641613,2022-Q4,99,53983234.36,45237271.4,8745962.96,27073651.76,111271977.93,1,0,2791816.0,0.0,2791816.0,2385688.34,0,0,60,3,0,1,1,1,70,20,9.0,630.0,0
PAD RES SRL,20216641613,2023-Q1,99,59315529.27,44899411.37,14416117.9,27094229.94,108620954.57,1,0,3304420.5,0.0,3304420.5,3447374.51,0,0,90,1,0,0,0,1,55,35,2.0,110.0,0
PAD RES SRL,20216641613,2023-Q2,99,57743155.41,48975857.11,8767298.3,30480816.78,99115399.05,1,0,8842475.53,0.0,8842475.53,6516105.04,0,0,90,1,1,0,0,0,53,37,3.0,159.0,1
PAD RES SRL,20216641613,2023-Q3,99,60897590.32,46216080.9,14681509.42,35089012.37,105489397.79,2,1,2000000.0,1000000.0,1000000.0,1000000.0,1,0,60,2,0,1,0,1,68,22,4.0,272.0,0
PAD RES SRL,20216641613,2023-Q4,99,51879838.99,48517351.95,3362487.04,31617408.42,107781008.78,0,0,0.0,0.0,5141565.1,4005346.69,0,0,0,1,0,1,0,0,18,72,9.0,162.0,0
PAD RES SRL,20216641613,2024-Q1,99,52266648.31,44523088.84,7743559.47,26790264.88,94638119.49,4,3,21587827.19,16559810.53,5396956.8,5519936.84,0,3,60,2,1,0,0,1,57,33,5.0,285.0,0
PAD RES SRL,20216641613,2024-Q2,99,57798198.4,53006682.03,4791516.37,37442843.25,99005171.84,4,3,27635306.45,12727864.67,6908826.61,4242621.56,3,0,30,2,0,1,1,0,88,2,2.0,176.0,1
PAD RES SRL,20216641613,2024-Q3,99,63196216.66,48912237.69,14283978.97,31224552.7,104980304.63,4,2,9423745.2,4913603.46,2355936.3,2456801.73,1,1,30,1,0,0,0,1,28,62,4.0,112.0,0
PAD RES SRL,20216641613,2024-Q4,99,54942906.18,53422735.82,1520170.36,33709503.51,96701136.41,5,2,26112734.82,8515998.29,5222546.96,4257999.15,2,0,60,2,1,1,0,0,38,52,3.0,114.0,1
PAD RES SRL,20216641613,2025-Q1,99,61732587.51,43881537.21,17851050.3,37806342.38,110690885.44,5,3,32257573.43,17441415.83,6451514.69,5813805.28,0,3,60,1,0,0,0,1,52,38,8.0,416.0,0
PAD RES SRL,20216641613,2025-Q2,99,54603748.43,48576575.03,6027173.4,28228247.28,110648650.62,4,3,19491618.74,11898706.13,4872904.68,3966235.38,3,0,90,3,1,0,1,1,65,25,9.0,585.0,0
PAD RES SRL,20216641613,2025-Q3,99,55817052.24,46415077.43,9401974.81,34601028.05,96922459.06,0,0,0.0,0.0,3765183.91,3583565.83,0,0,0,1,0,1,0,0,78,12,7.0,546.0,0
PAD RES SRL,20216641613,2025-Q4,99,58647339.87,51978023.9,6669315.97,33180940.22,103361746.43,5,2,22073725.65,7310705.71,4414745.13,3655352.85,1,1,30,2,0,0,1,1,65,25,8.0,520.0,0
ComerPlus S.A.,20217725012,2022-Q1,154,59277192.01,51974957.97,7302234.04,14599687.4,83178482.64,4,2,23696035.18,9219472.2,5924008.79,4609736.1,2,0,90,1,0,1,0,0,32,58,6.0,192.0,1
ComerPlus S.A.,20217725012,2022-Q2,154,59931232.23,48473642.42,11457589.81,14556993.66,81511910.32,4,3,27608421.46,19158756.45,6902105.36,6386252.15,2,1,30,4,1,1,1,1,36,54,8.0,288.0,0
ComerPlus S.A.,20217725012,2022-Q3,154,63283494.65,52252720.22,11030774.43,16449280.22,93708686.73,3,2,18497343.37,13354810.84,6165781.12,6677405.42,2,0,90,3,1,0,1,1,50,40,10.0,500.0,0
ComerPlus S.A.,20217725012,2022-Q4,154,58935331.69,49233345.48,9701986.21,15222017.15,80041158.72,5,2,35841949.44,14976827.95,7168389.89,7488413.98,0,2,30,0,0,0,0,0,90,0,6.0,540.0,0
ComerPlus S.A.,20217725012,2023-Q1,154,67281152.89,53516182.04,13764970.85,15349555.58,82630708.46,5,2,24431507.08,9981074.41,4886301.42,4990537.21,2,0,60,1,0,0,1,0,30,60,7.0,210.0,0
ComerPlus S.A.,20217725012,2023-Q2,154,57310547.1,53025390.08,4285157.02,15973573.02,94222317.49,5,2,24163509.98,9138625.37,4832702.0,4569312.69,1,1,60,3,1,1,1,0,64,26,8.0,512.0,0
ComerPlus S.A.,20217725012,2023-Q3,154,65093364.5,47544795.24,17548569.26,17214200.25,86104825.31,1,0,4098432.11,0.0,4098432.11,4186607.25,0,0,60,0,0,0,0,0,71,19,4.0,284.0,0
ComerPlus S.A.,20217725012,2023-Q4,154,64316888.35,48392482.92,15924405.43,13585069.89,80420916.66,1,0,7232672.8,0.0,7232672.8,6702845.05,0,0,30,1,1,0,0,0,52,38,8.0,416.0,0
ComerPlus S.A.,20217725012,2024-Q1,154,56341657.98,54493675.63,1847982.35,15842751.85,91444558.31,5,2,30853522.18,8734207.54,6170704.44,4367103.77,1,1,60,2,1,0,1,0,45,45,1.0,45.0,0
ComerPlus S.A.,20217725012,2024-Q2,154,63213634.37,55612008.93,7601625.44,15053037.62,86783003.99,5,2,11741462.34,3006657.69,2348292.47,1503328.84,0,2,30,2,1,0,1,0,22,68,5.0,110.0,0
ComerPlus S.A.,20217725012,2024-Q3,154,61534646.73,54949662.76,6584983.97,16443786.81,79927249.02,0,0,0.0,0.0,6256932.39,5951069.41,0,0,0,3,0,1,1,1,44,46,6.0,264.0,0
ComerPlus S.A.,20217725012,2024-Q4,154,56581306.89,48259678.75,8321628.14,14717200.01,89633396.36,3,1,14891535.76,3356914.3,4963845.25,3356914.3,1,0,30,3,0,1,1,1,65,25,5.0,325.0,0
ComerPlus S.A.,20217725012,2025-Q1,154,62176521.54,50032894.42,12143627.12,15149530.97,85329296.66,0,0,0.0,0.0,5149715.73,4485524.51,0,0,0,1,0,1,0,0,19,71,9.0,171.0,0
ComerPlus S.A.,20217725012,2025-Q2,154,56327268.08,51780304.64,4546963.44,14904838.56,93297182.8,2,1,19551192.98,7774321.62,9775596.49,7774321.62,1,0,60,3,0,1,1,1,49,41,1.0,49.0,0
ComerPlus S.A.,20217725012,2025-Q3,154,60338888.36,47026890.96,13311997.4,14111262.58,90599376.02,3,1,26040339.69,8446365.51,8680113.23,8446365.51,1,0,30,2,1,0,1,0,16,74,10.0,160.0,0
ComerPlus S.A.,20217725012,2025-Q4,154,59631552.31,56340235.96,3291316.35,15103941.53,91901604.82,4,2,37844054.7,17099931.63,9461013.67,8549965.81,2,0,60,1,0,0,1,0,37,53,8.0,296.0,0
ConstrucVal SRL,20263503555,2022-Q1,133,68962325.65,57995043.65,10967282.0,35501972.69,104464298.33,4,1,43289952.32,9356994.51,10822488.08,9356994.51,1,0,90,3,1,1,0,1,6,84,3.0,18.0,0
ConstrucVal SRL,20263503555,2022-Q2,133,67286652.7,62198098.36,5088554.34,32859647.61,117509436.51,0,0,0.0,0.0,5891303.87,6366061.63,0,0,0,3,1,1,1,0,52,38,2.0,104.0,0
ConstrucVal SRL,20263503555,2022-Q3,133,69044622.71,61233530.12,7811092.59,34627049.22,123134833.72,1,0,5888126.01,0.0,5888126.01,5731671.51,0,0,30,1,0,1,0,0,74,16,4.0,296.0,0
ConstrucVal SRL,20263503555,2022-Q4,133,72062585.35,62152608.5,9909976.85,25509608.41,125970938.97,3,1,31635953.95,9241185.66,10545317.98,9241185.66,0,1,30,3,0,1,1,1,22,68,6.0,132.0,0
ConstrucVal SRL,20263503555,2023-Q1,133,69041053.32,53718453.39,15322599.93,35112521.23,104153574.55,5,2,19889673.13,6238877.64,3977934.63,3119438.82,0,2,30,1,1,0,0,0,70,20,7.0,490.0,0
ConstrucVal SRL,20263503555,2023-Q2,133,61604198.6,56983565.26,4620633.34,32929908.3,115732493.06,0,0,0.0,0.0,3341402.55,2028957.78,0,0,0,1,0,1,0,0,7,83,1.0,7.0,0
ConstrucVal SRL,20263503555,2023-Q3,133,64247932.32,60942985.68,3304946.64,28508765.24,117448312.98,1,0,6404636.36,0.0,6404636.36,3992666.13,0,0,90,3,1,0,1,1,49,41,5.0,245.0,0
ConstrucVal SRL,20263503555,2023-Q4,133,65661440.77,53863436.01,11798004.76,33239752.82,114696197.61,1,0,8878150.17,0.0,8878150.17,6820832.75,0,0,60,1,0,1,0,0,61,29,7.0,427.0,0
ConstrucVal SRL,20263503555,2024-Q1,133,67535902.46,53261934.0,14273968.46,33512962.52,125303996.44,2,1,11914614.32,5304021.91,5957307.16,5304021.91,1,0,60,2,0,1,0,1,85,5,9.0,765.0,0
ConstrucVal SRL,20263503555,2024-Q2,133,62597293.19,58589513.73,4007779.46,26887267.33,104606740.68,0,0,0.0,0.0,8649473.93,8575242.22,0,0,0,3,1,0,1,1,45,45,1.0,45.0,1
ConstrucVal SRL,20263503555,2024-Q3,133,69471746.06,53403535.32,16068210.74,25668333.13,106795998.3,4,3,33265781.35,27182005.42,8316445.34,9060668.47,2,1,90,3,1,0,1,1,47,43,9.0,423.0,0
ConstrucVal SRL,20263503555,2024-Q4,133,72791897.28,53764189.03,19027708.25,26393056.43,124396437.63,1,0,9411880.56,0.0,9411880.56,6232747.44,0,0,30,3,1,1,0,1,25,65,1.0,25.0,0
ConstrucVal SRL,20263503555,2025-Q1,133,64843019.19,54554940.75,10288078.44,30246730.99,113605640.92,4,3,22702923.95,13560046.91,5675730.99,4520015.64,0,3,60,2,0,0,1,1,9,81,4.0,36.0,0
ConstrucVal SRL,20263503555,2025-Q2,133,72493467.32,54614357.31,17879110.01,25281775.21,104085356.09,2,0,14112074.72,0.0,7056037.36,7084913.52,0,0,30,2,1,1,0,0,80,10,8.0,640.0,0
ConstrucVal SRL,20263503555,2025-Q3,133,65491536.58,62066766.83,3424769.75,31005469.69,108396506.32,0,0,0.0,0.0,5793423.17,6136931.01,0,0,0,0,0,0,0,0,7,83,1.0,7.0,0
ConstrucVal SRL,20263503555,2025-Q4,133,68080773.21,59244504.06,8836269.15,29397196.43,104783792.85,0,0,0.0,0.0,6490709.9,5753054.14,0,0,0,2,0,1,0,1,78,12,7.0,546.0,0
ComerNorte S.A.,20268449605,2022-Q1,9,76031678.64,67302864.92,8728813.72,9847844.05,93372543.96,4,2,40042143.05,17404900.54,10010535.76,8702450.27,0,2,60,2,1,0,0,1,6,84,7.0,42.0,0
ComerNorte S.A.,20268449605,2022-Q2,9,79914688.84,64470624.06,15444064.78,12146135.35,104666370.71,1,0,5573807.01,0.0,5573807.01,6024235.99,0,0,60,2,0,1,1,0,69,21,1.0,69.0,0
ComerNorte S.A.,20268449605,2022-Q3,9,76494960.21,68741302.84,7753657.37,12709358.29,89204318.5,0,0,0.0,0.0,2585007.2,1658148.22,0,0,0,3,1,1,1,0,46,44,1.0,46.0,0
ComerNorte S.A.,20268449605,2022-Q4,9,71823498.14,65338645.84,6484852.3,11766823.97,95877450.85,0,0,0.0,0.0,6300458.56,5899033.48,0,0,0,2,1,0,0,1,59,31,4.0,236.0,0
ComerNorte S.A.,20268449605,2023-Q1,9,81026173.15,60295875.32,20730297.83,10015535.47,94754756.56,0,0,0.0,0.0,6332432.79,6328782.19,0,0,0,0,0,0,0,0,50,40,5.0,250.0,0
ComerNorte S.A.,20268449605,2023-Q2,9,75826277.43,68167833.25,7658444.18,11907257.66,89536882.63,0,0,0.0,0.0,7099739.97,7591520.76,0,0,0,3,0,1,1,1,33,57,8.0,264.0,1
ComerNorte S.A.,20268449605,2023-Q3,9,77409984.86,65799811.92,11610172.94,10591957.86,95944265.36,0,0,0.0,0.0,4857412.72,5081322.82,0,0,0,3,1,1,1,0,60,30,9.0,540.0,0
ComerNorte S.A.,20268449605,2023-Q4,9,77247319.01,60962537.26,16284781.75,9812430.05,101178707.37,0,0,0.0,0.0,8044604.7,8638200.35,0,0,0,1,0,1,0,0,78,12,5.0,390.0,0
ComerNorte S.A.,20268449605,2024-Q1,9,68559267.18,61422134.23,7137132.95,11125953.3,102786070.91,2,0,5541463.29,0.0,2770731.64,2553545.72,0,0,90,0,0,0,0,0,29,61,5.0,145.0,0
ComerNorte S.A.,20268449605,2024-Q2,9,74780248.05,57115699.2,17664548.85,13039313.58,92286224.34,5,3,37258321.94,23290579.22,7451664.39,7763526.41,1,2,90,2,1,0,0,1,62,28,1.0,62.0,0
ComerNorte S.A.,20268449605,2024-Q3,9,75068769.63,64394220.38,10674549.25,11520800.23,89306284.49,2,1,15351953.31,6834532.17,7675976.66,6834532.17,0,1,30,2,1,0,1,0,58,32,10.0,580.0,0
ComerNorte S.A.,20268449605,2024-Q4,9,69294575.96,65688327.2,3606248.76,9548994.67,105368259.65,3,2,12683158.18,7728521.89,4227719.39,3864260.95,2,0,30,3,0,1,1,1,90,0,4.0,360.0,0
ComerNorte S.A.,20268449605,2025-Q1,9,80879286.96,61579560.28,19299726.68,10520615.52,91399902.48,1,0,7157908.86,0.0,7157908.86,5802315.64,0,0,30,2,1,0,0,1,49,41,10.0,490.0,0
ComerNorte S.A.,20268449605,2025-Q2,9,78218003.38,66465385.14,11752618.24,13821602.13,92039605.5,5,3,8188441.85,3185103.05,1637688.37,1061701.02,2,1,90,2,1,1,0,0,13,77,7.0,91.0,0
ComerNorte S.A.,20268449605,2025-Q3,9,79466969.43,63518084.84,15948884.59,10446112.73,97078839.54,4,2,15403925.73,6289934.65,3850981.43,3144967.33,1,1,90,3,1,1,1,0,79,11,7.0,553.0,0
ComerNorte S.A.,20268449605,2025-Q4,9,77740996.72,57766086.67,19974910.05,11985700.94,89726697.66,3,2,21446658.28,11559056.56,7148886.09,5779528.28,0,2,90,0,0,0,0,0,7,83,2.0,14.0,0
Gonzalez Industrial,20277765900,2022-Q1,70,74061111.7,43605427.11,30455684.59,21886546.35,102404978.46,0,0,0.0,0.0,5031661.13,3776132.6,0,0,0,2,0,1,1,0,67,23,2.0,134.0,0
Gonzalez Industrial,20277765900,2022-Q2,70,79070679.53,41982521.16,37088158.37,19943643.68,100806053.62,5,2,32282283.3,13986182.46,6456456.66,6993091.23,2,0,30,3,0,1,1,1,15,75,6.0,90.0,0
Gonzalez Industrial,20277765900,2022-Q3,70,77029418.18,41917363.12,35112055.06,16462135.47,104643800.37,1,0,5674668.16,0.0,5674668.16,5124270.24,0,0,90,2,1,1,0,0,84,6,9.0,756.0,0
Gonzalez Industrial,20277765900,2022-Q4,70,71798451.3,47800612.09,23997839.21,22381126.81,97270201.71,3,1,11419286.53,3837962.75,3806428.84,3837962.75,0,1,90,1,0,0,1,0,10,80,9.0,90.0,0
Gonzalez Industrial,20277765900,2023-Q1,70,70114260.51,43086741.6,27027518.91,22798543.73,92912804.23,0,0,0.0,0.0,5732354.07,3770427.41,0,0,0,1,1,0,0,0,49,41,1.0,49.0,1
Gonzalez Industrial,20277765900,2023-Q2,70,74207265.81,48067670.98,26139594.83,18682588.25,94601679.65,5,4,22784419.66,11332743.06,4556883.93,2833185.77,2,2,60,1,0,0,0,1,17,73,9.0,153.0,0
Gonzalez Industrial,20277765900,2023-Q3,70,66308814.27,45218334.2,21090480.07,19698210.75,90354233.22,3,2,20880860.42,9042200.06,6960286.81,4521100.03,0,2,30,3,1,1,0,1,76,14,9.0,684.0,0
Gonzalez Industrial,20277765900,2023-Q4,70,76952372.08,47712954.04,29239418.04,21690417.79,98642789.87,4,2,35771935.78,14870388.03,8942983.95,7435194.02,1,1,90,1,1,0,0,0,35,55,7.0,245.0,0
Gonzalez Industrial,20277765900,2024-Q1,70,71667375.65,43909698.86,27757676.79,18478728.91,95552044.48,0,0,0.0,0.0,5877351.31,5541588.06,0,0,0,4,1,1,1,1,22,68,3.0,66.0,0
Gonzalez Industrial,20277765900,2024-Q2,70,70377010.81,46719737.49,23657273.32,22233374.65,101171506.37,1,0,6133091.63,0.0,6133091.63,4563497.37,0,0,90,2,0,0,1,1,16,74,8.0,128.0,0
Gonzalez Industrial,20277765900,2024-Q3,70,67516396.89,47452204.0,20064192.89,16352487.12,102607386.74,3,2,17598280.96,12664193.71,5866093.65,6332096.86,0,2,30,3,1,0,1,1,73,17,5.0,365.0,0
Gonzalez Industrial,20277765900,2024-Q4,70,69284152.01,47226708.23,22057443.78,16352123.79,100456364.25,4,1,28870091.78,6012143.03,7217522.94,6012143.03,0,1,60,4,1,1,1,1,62,28,6.0,372.0,0
Gonzalez Industrial,20277765900,2025-Q1,70,74330425.49,50392059.83,23938365.66,16544788.58,90875214.06,4,3,30772671.89,22783179.43,7693167.97,7594393.14,0,3,30,3,0,1,1,1,61,29,8.0,488.0,0
Gonzalez Industrial,20277765900,2025-Q2,70,70899271.97,44669304.92,26229967.05,16840431.62,91259635.98,4,3,22999927.76,16643486.96,5749981.94,5547828.99,2,1,60,3,1,1,0,1,16,74,6.0,96.0,0
Gonzalez Industrial,20277765900,2025-Q3,70,71076621.82,50906028.21,20170593.61,21212462.15,107034687.39,2,1,11179353.24,3694557.35,5589676.62,3694557.35,0,1,60,2,1,1,0,0,53,37,1.0,53.0,0
Gonzalez Industrial,20277765900,2025-Q4,70,69895979.12,46006367.75,23889611.37,19062570.45,94286267.38,2,1,6348936.46,3487208.36,3174468.23,3487208.36,1,0,90,3,1,0,1,1,4,86,9.0,36.0,0
Diaz Agropecuaria,20290467969,2022-Q1,374,78538480.4,53280570.12,25257910.28,16619581.61,99642717.86,4,2,24969423.59,13153182.76,6242355.9,6576591.38,0,2,90,1,0,1,0,0,30,60,5.0,150.0,0
Diaz Agropecuaria,20290467969,2022-Q2,374,71221935.4,50647070.22,20574865.18,12694335.0,105014892.3,0,0,0.0,0.0,6757685.21,5157961.51,0,0,0,2,0,0,1,1,59,31,9.0,531.0,0
Diaz Agropecuaria,20290467969,2022-Q3,374,74506171.17,50686001.82,23820169.35,13807535.21,94267779.83,5,2,33160478.71,9301662.89,6632095.74,4650831.44,0,2,90,4,1,1,1,1,87,3,6.0,522.0,0
Diaz Agropecuaria,20290467969,2022-Q4,374,68555563.46,56117873.29,12437690.17,14082688.11,111287112.64,3,2,20910966.68,11152943.86,6970322.23,5576471.93,1,1,90,1,1,0,0,0,79,11,10.0,790.0,0
Diaz Agropecuaria,20290467969,2023-Q1,374,69523086.95,55231788.99,14291297.96,15110343.46,104297773.35,5,2,24623374.23,10459391.32,4924674.85,5229695.66,2,0,30,3,1,1,0,1,29,61,9.0,261.0,0
Diaz Agropecuaria,20290467969,2023-Q2,374,75872074.85,54531713.8,21340361.05,14907813.78,96331944.38,3,1,18710087.48,5569248.92,6236695.83,5569248.92,1,0,60,2,0,1,1,0,37,53,3.0,111.0,0
Diaz Agropecuaria,20290467969,2023-Q3,374,64985853.93,52949855.69,12035998.24,16977643.88,108503892.0,5,2,18853830.37,5995754.07,3770766.07,2997877.04,2,0,90,1,0,0,1,0,41,49,10.0,410.0,0
Diaz Agropecuaria,20290467969,2023-Q4,374,73811538.96,59483784.41,14327754.55,18090124.71,92865264.65,5,4,30619164.84,25534534.81,6123832.97,6383633.7,0,4,30,3,0,1,1,1,60,30,5.0,300.0,0
Diaz Agropecuaria,20290467969,2024-Q1,374,72838611.1,54752425.53,18086185.57,16301891.24,104714058.58,1,0,8452585.91,0.0,8452585.91,5473890.78,0,0,90,1,1,0,0,0,66,24,2.0,132.0,0
Diaz Agropecuaria,20290467969,2024-Q2,374,65618945.95,56630127.19,8988818.76,14282028.44,107453029.92,2,1,17214260.27,6548070.85,8607130.14,6548070.85,1,0,90,2,1,1,0,0,22,68,8.0,176.0,0
Diaz Agropecuaria,20290467969,2024-Q3,374,66952390.75,58894388.18,8058002.57,12720865.26,94569992.16,1,0,6900634.56,0.0,6900634.56,4142170.57,0,0,60,2,1,1,0,0,8,82,5.0,40.0,0
Diaz Agropecuaria,20290467969,2024-Q4,374,76744855.14,51109042.34,25635812.8,13028971.15,108943402.94,1,0,4628294.65,0.0,4628294.65,2991628.02,0,0,90,3,1,1,1,0,39,51,4.0,156.0,0
Diaz Agropecuaria,20290467969,2025-Q1,374,72146491.94,57484151.22,14662340.72,14957744.81,98926646.71,2,1,12058111.53,3975892.02,6029055.76,3975892.02,0,1,90,0,0,0,0,0,8,82,4.0,32.0,0
Diaz Agropecuaria,20290467969,2025-Q2,374,79156300.74,50771933.04,28384367.7,16103906.95,100569193.93,4,2,35783628.58,18543603.77,8945907.14,9271801.88,0,2,90,2,1,0,0,1,41,49,2.0,82.0,0
Diaz Agropecuaria,20290467969,2025-Q3,374,75470338.75,55471264.03,19999074.72,15481055.55,108287928.91,2,0,10545666.84,0.0,5272833.42,4749658.81,0,0,90,1,1,0,0,0,34,56,5.0,170.0,0
Diaz Agropecuaria,20290467969,2025-Q4,374,76795087.25,55414356.69,21380730.56,14476424.21,96951172.44,0,0,0.0,0.0,7709371.46,7233905.16,0,0,0,0,0,0,0,0,47,43,9.0,423.0,0
Perez Construcciones,20335972393,2022-Q1,485,51415587.54,36015456.95,15400130.59,7088581.29,72958184.91,4,2,34195577.74,15007256.84,8548894.43,7503628.42,0,2,90,2,0,1,0,1,49,41,9.0,441.0,1
Perez Construcciones,20335972393,2022-Q2,485,50210005.96,29864598.37,20345407.59,6065711.96,68927825.39,4,3,17547208.77,12761853.32,4386802.19,4253951.11,2,1,60,1,0,1,0,0,73,17,4.0,292.0,0
Perez Construcciones,20335972393,2022-Q3,485,46415923.3,32923679.64,13492243.66,7699137.41,60328027.51,3,1,26175855.84,6271989.68,8725285.28,6271989.68,1,0,90,3,1,0,1,1,38,52,9.0,342.0,0
Perez Construcciones,20335972393,2022-Q4,485,52452415.98,32150987.64,20301428.34,6541767.11,71741405.39,5,2,35245073.75,13517466.64,7049014.75,6758733.32,0,2,60,3,1,1,0,1,73,17,6.0,438.0,0
Perez Construcciones,20335972393,2023-Q1,485,52293231.14,36094505.01,16198726.13,7766986.11,67861101.58,2,1,19391300.05,6468777.3,9695650.03,6468777.3,0,1,90,0,0,0,0,0,10,80,4.0,40.0,1
Perez Construcciones,20335972393,2023-Q2,485,51040305.09,33710957.93,17329347.16,6738660.43,65532596.52,5,4,20975769.05,12455754.62,4195153.81,3113938.65,4,0,60,2,0,1,0,1,81,9,4.0,324.0,0
Perez Construcciones,20335972393,2023-Q3,485,54018652.7,33423417.62,20595235.08,7630556.62,63921066.16,5,2,33493506.23,13895212.22,6698701.25,6947606.11,0,2,30,2,0,1,0,1,1,89,3.0,3.0,0
Perez Construcciones,20335972393,2023-Q4,485,50886835.7,32671747.05,18215088.65,8611933.21,68918393.8,1,0,5129185.05,0.0,5129185.05,3552420.6,0,0,90,1,0,0,0,1,16,74,6.0,96.0,0
Perez Construcciones,20335972393,2024-Q1,485,51652920.53,32387559.47,19265361.06,5854520.18,72716552.79,4,1,5437151.9,1000000.0,1359287.98,1000000.0,0,1,90,2,1,1,0,0,41,49,3.0,123.0,0
Perez Construcciones,20335972393,2024-Q2,485,50331618.22,29942268.4,20389349.82,7759246.72,62690923.64,0,0,0.0,0.0,5556927.77,4491691.48,0,0,0,1,0,0,0,1,14,76,1.0,14.0,1
Perez Construcciones,20335972393,2024-Q3,485,51605884.2,32758705.46,18847178.74,6709332.94,65678371.9,3,2,17422926.38,8842079.62,5807642.13,4421039.81,2,0,60,2,0,1,1,0,22,68,10.0,220.0,0
Perez Construcciones,20335972393,2024-Q4,485,55956556.53,29863750.22,26092806.31,7076492.18,69410656.78,1,0,7097477.64,0.0,7097477.64,4748941.35,0,0,30,2,0,1,0,1,83,7,1.0,83.0,0
Perez Construcciones,20335972393,2025-Q1,485,52759784.65,31131353.83,21628430.82,7388342.63,67794276.07,0,0,0.0,0.0,6198069.64,6363463.45,0,0,0,2,0,0,1,1,48,42,7.0,336.0,0
Perez Construcciones,20335972393,2025-Q2,485,48989571.11,35577231.14,13412339.97,7058340.11,67970468.79,5,2,20791496.02,6313957.84,4158299.2,3156978.92,2,0,60,2,1,0,0,1,72,18,2.0,144.0,0
Perez Construcciones,20335972393,2025-Q3,485,47174408.29,29740748.24,17433660.05,6747823.04,60187208.07,2,0,6880636.17,0.0,3440318.08,3282220.39,0,0,30,1,0,0,1,0,67,23,9.0,603.0,0
Perez Construcciones,20335972393,2025-Q4,485,47850479.13,34095403.37,13755075.76,6248785.23,66690128.43,3,2,17521622.62,12808800.14,5840540.87,6404400.07,0,2,30,2,0,0,1,1,53,37,6.0,318.0,0
Vega Construcciones,20368610454,2022-Q1,259,36324985.78,23312859.77,13012126.01,31519169.8,69527318.36,5,2,37703174.57,16468155.7,7540634.91,8234077.85,2,0,60,1,1,0,0,0,9,81,4.0,36.0,0
Vega Construcciones,20368610454,2022-Q2,259,34000275.46,26450983.74,7549291.72,31073113.93,67678458.94,0,0,0.0,0.0,7565451.33,6562514.75,0,0,0,2,1,0,0,1,87,3,1.0,87.0,0
Vega Construcciones,20368610454,2022-Q3,259,35024109.61,24384751.19,10639358.42,22426231.36,70118071.09,3,2,8200122.8,5529744.01,2733374.27,2764872.01,0,2,60,3,0,1,1,1,73,17,3.0,219.0,1
Vega Construcciones,20368610454,2022-Q4,259,36701171.55,23495616.16,13205555.39,28860008.72,70079719.57,5,4,8591166.29,7534567.83,1718233.26,1883641.96,0,4,90,1,0,1,0,0,5,85,1.0,5.0,0
Vega Construcciones,20368610454,2023-Q1,259,31303838.79,26725275.38,4578563.41,29064562.67,68215528.62,2,1,10517932.36,4393515.72,5258966.18,4393515.72,1,0,90,2,1,1,0,0,66,24,8.0,528.0,1
Vega Construcciones,20368610454,2023-Q2,259,33673027.71,23794431.06,9878596.65,24747650.65,71500957.5,3,2,21860418.26,9904132.04,7286806.09,4952066.02,1,1,60,1,0,0,1,0,74,16,10.0,740.0,0
Vega Construcciones,20368610454,2023-Q3,259,35036677.33,24265781.84,10770895.49,26140405.73,80577537.74,5,3,8331043.3,5398269.62,1666208.66,1799423.21,3,0,30,3,1,0,1,1,87,3,9.0,783.0,0
Vega Construcciones,20368610454,2023-Q4,259,30855905.17,27024664.81,3831240.36,29274376.64,76344855.2,5,3,33346523.78,18551688.81,6669304.76,6183896.27,0,3,60,2,1,1,0,0,21,69,3.0,63.0,0
Vega Construcciones,20368610454,2024-Q1,259,34230746.69,25246786.64,8983960.05,23233702.25,68892181.77,0,0,0.0,0.0,5135154.11,5081552.17,0,0,0,3,1,1,0,1,24,66,9.0,216.0,0
Vega Construcciones,20368610454,2024-Q2,259,33674510.89,22615899.69,11058611.2,27454317.23,77584084.2,0,0,0.0,0.0,5827025.76,5307275.34,0,0,0,1,0,0,0,1,34,56,1.0,34.0,0
Vega Construcciones,20368610454,2024-Q3,259,32795415.49,22220736.03,10574679.46,26998736.42,71600691.58,0,0,0.0,0.0,6752451.1,6624249.85,0,0,0,2,0,0,1,1,81,9,3.0,243.0,0
Vega Construcciones,20368610454,2024-Q4,259,32409942.41,26475329.47,5934612.94,26662731.06,72224514.58,5,2,29940091.44,9618750.59,5988018.29,4809375.29,2,0,60,1,0,0,0,1,2,88,3.0,6.0,0
Vega Construcciones,20368610454,2025-Q1,259,34676643.58,25298297.8,9378345.78,30507428.02,69934713.01,2,0,7724915.61,0.0,3862457.8,4246432.04,0,0,30,2,1,1,0,0,24,66,4.0,96.0,0
Vega Construcciones,20368610454,2025-Q2,259,32668551.26,23112765.07,9555786.19,25694809.82,77222321.7,3,2,15976407.24,8956868.27,5325469.08,4478434.13,1,1,90,0,0,0,0,0,89,1,1.0,89.0,0
Vega Construcciones,20368610454,2025-Q3,259,33978043.12,24913940.63,9064102.49,31367087.56,71620026.77,2,1,5707535.76,2139488.94,2853767.88,2139488.94,0,1,60,2,0,0,1,1,53,37,4.0,212.0,0
Vega Construcciones,20368610454,2025-Q4,259,31337765.24,25857245.41,5480519.83,28845041.84,81689021.66,2,1,6043881.01,2841802.95,3021940.51,2841802.95,1,0,90,2,0,0,1,1,40,50,8.0,320.0,0
Alvarez Industria S.A.,20398046596,2022-Q1,367,60812787.42,50510076.0,10302711.42,24103507.29,95767973.61,0,0,0.0,0.0,6971547.55,5002383.97,0,0,0,1,1,0,0,0,37,53,2.0,74.0,0
Alvarez Industria S.A.,20398046596,2022-Q2,367,54084911.37,52648971.4,1435939.97,26225321.0,81955910.67,1,0,5388531.24,0.0,5388531.24,5179863.61,0,0,90,1,0,1,0,0,53,37,8.0,424.0,0
Alvarez Industria S.A.,20398046596,2022-Q3,367,60978369.67,43324119.37,17654250.3,27832336.96,88810706.63,4,3,21513950.16,17606062.95,5378487.54,5868687.65,0,3,30,2,0,1,0,1,48,42,3.0,144.0,0
Alvarez Industria S.A.,20398046596,2022-Q4,367,55645034.9,50198298.24,5446736.66,22664980.15,79750719.32,5,3,29525027.9,15972069.36,5905005.58,5324023.12,3,0,30,2,1,0,0,1,47,43,7.0,329.0,0
Alvarez Industria S.A.,20398046596,2023-Q1,367,63184731.36,46955266.0,16229465.36,29520444.78,92705176.14,1,0,6956256.93,0.0,6956256.93,4623971.87,0,0,60,1,0,0,0,1,56,34,9.0,504.0,0
Alvarez Industria S.A.,20398046596,2023-Q2,367,56444793.34,47872590.25,8572203.09,23569329.91,81318734.44,1,0,6430440.46,0.0,6430440.46,5855545.18,0,0,60,1,1,0,0,0,40,50,5.0,200.0,1
Alvarez Industria S.A.,20398046596,2023-Q3,367,62329310.28,52270218.89,10059091.39,27971428.73,90300739.02,4,2,26843566.9,10468566.33,6710891.73,5234283.17,1,1,90,0,0,0,0,0,18,72,5.0,90.0,1
Alvarez Industria S.A.,20398046596,2023-Q4,367,59704456.93,46924576.23,12779880.7,21742216.65,81446673.57,0,0,0.0,0.0,5609778.38,5551879.05,0,0,0,2,1,1,0,0,83,7,3.0,249.0,0
Alvarez Industria S.A.,20398046596,2024-Q1,367,58743870.29,45150771.05,13593099.24,28946285.1,87848452.22,3,1,11402465.02,3105307.45,3800821.67,3105307.45,0,1,60,2,0,1,0,1,77,13,9.0,693.0,0
Alvarez Industria S.A.,20398046596,2024-Q2,367,57415261.03,43286649.48,14128611.55,25797234.31,89031100.56,2,0,11453070.33,0.0,5726535.17,4160840.17,0,0,30,0,0,0,0,0,81,9,1.0,81.0,0
Alvarez Industria S.A.,20398046596,2024-Q3,367,54542803.96,48201756.36,6341047.6,27921076.47,84019394.68,5,3,12694078.77,5856234.23,2538815.75,1952078.08,1,2,60,1,0,0,1,0,41,49,2.0,82.0,0
Alvarez Industria S.A.,20398046596,2024-Q4,367,57425793.01,52359665.56,5066127.45,24835304.86,96326548.44,5,4,5195939.65,4000000.0,1039187.93,1000000.0,0,4,30,2,1,0,0,1,77,13,9.0,693.0,0
Alvarez Industria S.A.,20398046596,2025-Q1,367,61815443.26,50382330.75,11433112.51,20476245.21,84847316.95,2,1,8569471.74,3747866.93,4284735.87,3747866.93,1,0,60,1,0,1,0,0,73,17,10.0,730.0,0
Alvarez Industria S.A.,20398046596,2025-Q2,367,61611238.45,46940211.17,14671027.28,25683274.76,87294513.21,5,3,35453472.02,15744365.47,7090694.4,5248121.82,2,1,30,2,1,0,1,0,55,35,4.0,220.0,0
Alvarez Industria S.A.,20398046596,2025-Q3,367,60153520.74,49661467.75,10492052.99,24047443.06,87363104.43,3,2,17867631.93,9889435.77,5955877.31,4944717.89,0,2,60,1,0,0,1,0,85,5,3.0,255.0,0
Alvarez Industria S.A.,20398046596,2025-Q4,367,59921980.45,43392183.04,16529797.41,27206976.09,87675135.51,4,2,30421681.5,16055094.95,7605420.38,8027547.47,2,0,30,0,0,0,0,0,37,53,4.0,148.0,0
Fernandez Servicios,20435913815,2022-Q1,220,46562818.71,41158691.75,5404126.96,517623.38,59910137.6,3,2,14036478.81,8772887.5,4678826.27,4386443.75,0,2,60,2,1,0,0,1,20,70,2.0,40.0,0
Fernandez Servicios,20435913815,2022-Q2,220,51151389.84,42041571.36,9109818.48,720064.45,56366328.75,0,0,0.0,0.0,5126456.79,4146600.67,0,0,0,2,1,1,0,0,57,33,3.0,171.0,0
Fernandez Servicios,20435913815,2022-Q3,220,52422692.14,40927078.78,11495613.36,531212.5,64218696.93,3,1,26018716.15,8714918.27,8672905.38,8714918.27,1,0,30,1,0,0,0,1,31,59,9.0,279.0,0
Fernandez Servicios,20435913815,2022-Q4,220,46905705.02,46281625.66,624079.36,537336.0,66684003.75,1,0,6502427.59,0.0,6502427.59,5026107.89,0,0,60,3,1,1,0,1,62,28,8.0,496.0,0
Fernandez Servicios,20435913815,2023-Q1,220,52503421.19,43337354.91,9166066.28,559179.78,67060143.54,2,1,22715103.9,8895269.54,11357551.95,8895269.54,1,0,60,3,1,1,1,0,85,5,3.0,255.0,1
Fernandez Servicios,20435913815,2023-Q2,220,49948448.5,39954522.73,9993925.77,530551.35,62767607.32,1,0,4930941.13,0.0,4930941.13,4764522.88,0,0,60,3,1,1,1,0,86,4,9.0,774.0,0
Fernandez Servicios,20435913815,2023-Q3,220,49170623.68,48273748.95,896874.73,681751.4,65153707.21,4,3,15986929.57,11059767.79,3996732.39,3686589.26,2,1,30,4,1,1,1,1,29,61,1.0,29.0,0
Fernandez Servicios,20435913815,2023-Q4,220,48508088.31,46279085.0,2229003.31,549772.38,66456390.12,5,4,50181105.57,32690922.89,10036221.11,8172730.72,0,4,30,0,0,0,0,0,46,44,3.0,138.0,0
Fernandez Servicios,20435913815,2024-Q1,220,47169347.06,45830095.53,1339251.53,731867.23,65532418.04,5,3,21061845.07,10083685.52,4212369.01,3361228.51,1,2,30,2,0,1,1,0,58,32,4.0,232.0,0
Fernandez Servicios,20435913815,2024-Q2,220,46289323.95,46426203.47,-136879.52,759778.71,67700517.41,2,1,9742513.42,5277150.19,4871256.71,5277150.19,1,0,60,2,1,0,0,1,84,6,6.0,504.0,0
Fernandez Servicios,20435913815,2024-Q3,220,52606434.38,43443329.44,9163104.94,616378.89,62496407.48,0,0,0.0,0.0,9260552.1,6898674.71,0,0,0,2,1,0,0,1,55,35,2.0,110.0,0
Fernandez Servicios,20435913815,2024-Q4,220,46484099.5,41213089.8,5271009.7,627105.87,57721605.23,2,0,7846828.2,0.0,3923414.1,3104973.37,0,0,90,0,0,0,0,0,77,13,5.0,385.0,0
Fernandez Servicios,20435913815,2025-Q1,220,46175585.99,40885707.87,5289878.12,762879.86,58880577.44,3,1,18780304.51,6648674.8,6260101.5,6648674.8,0,1,90,4,1,1,1,1,72,18,5.0,360.0,0
Fernandez Servicios,20435913815,2025-Q2,220,53597485.13,39879698.83,13717786.3,637325.41,58693700.44,2,0,14773448.04,0.0,7386724.02,4461395.47,0,0,30,1,1,0,0,0,66,24,9.0,594.0,0
Fernandez Servicios,20435913815,2025-Q3,220,53659988.96,41992755.4,11667233.56,576586.78,62913598.96,2,1,11869491.91,6508437.97,5934745.95,6508437.97,1,0,30,2,0,0,1,1,36,54,2.0,72.0,1
Fernandez Servicios,20435913815,2025-Q4,220,47345203.0,45376422.5,1968780.5,681316.36,61721734.37,2,1,9699128.64,4858007.52,4849564.32,4858007.52,0,1,30,3,1,1,1,0,72,18,3.0,216.0,0
Juarez Construcción S.A.,20465079526,2022-Q1,444,54262479.38,36618485.63,17643993.75,32571703.47,86834182.86,0,0,0.0,0.0,5325707.52,3504001.34,0,0,0,2,1,0,0,1,2,88,5.0,10.0,0
Juarez Construcción S.A.,20465079526,2022-Q2,444,47454029.66,33155544.57,14298485.09,26643633.93,82737640.99,0,0,0.0,0.0,5828939.2,5982755.12,0,0,0,2,0,1,0,1,24,66,8.0,192.0,0
Juarez Construcción S.A.,20465079526,2022-Q3,444,51294442.05,35052161.48,16242280.57,28893885.29,84051123.78,2,1,10310427.56,4832201.6,5155213.78,4832201.6,0,1,90,1,0,0,0,1,78,12,5.0,390.0,0
Juarez Construcción S.A.,20465079526,2022-Q4,444,54813582.5,37047867.25,17765715.25,33784992.61,88598575.11,2,1,14095859.24,5013215.33,7047929.62,5013215.33,0,1,90,3,1,1,0,1,43,47,1.0,43.0,0
Juarez Construcción S.A.,20465079526,2023-Q1,444,49963963.78,38722826.64,11241137.14,26967542.56,79578553.21,1,0,5621194.66,0.0,5621194.66,4064065.18,0,0,90,2,0,1,0,1,85,5,10.0,850.0,0
Juarez Construcción S.A.,20465079526,2023-Q2,444,50092682.03,37984978.68,12107703.35,35509406.14,88047240.52,1,0,6672598.43,0.0,6672598.43,5397067.98,0,0,60,3,1,0,1,1,48,42,1.0,48.0,1
Juarez Construcción S.A.,20465079526,2023-Q3,444,45488352.66,38570658.6,6917694.06,33569439.2,79057791.86,4,3,30030246.55,18792903.77,7507561.64,6264301.26,1,2,60,2,0,0,1,1,42,48,4.0,168.0,0
Juarez Construcción S.A.,20465079526,2023-Q4,444,46663963.95,32446684.47,14217279.48,26607829.91,93403467.74,0,0,0.0,0.0,5397497.65,3611181.74,0,0,0,1,0,0,0,1,32,58,8.0,256.0,0
Juarez Construcción S.A.,20465079526,2024-Q1,444,50275543.04,36800697.09,13474845.95,25331364.26,94818180.62,4,2,24481889.38,8580383.48,6120472.35,4290191.74,2,0,30,3,1,0,1,1,50,40,2.0,100.0,0
Juarez Construcción S.A.,20465079526,2024-Q2,444,52124511.62,33692845.05,18431666.57,32638767.94,89682285.01,2,1,13449164.1,4714957.66,6724582.05,4714957.66,0,1,90,2,1,0,1,0,41,49,2.0,82.0,0
Juarez Construcción S.A.,20465079526,2024-Q3,444,49449513.6,36885261.73,12564251.87,29503634.85,83841532.02,0,0,0.0,0.0,7720787.18,8161490.72,0,0,0,0,0,0,0,0,76,14,9.0,684.0,0
Juarez Construcción S.A.,20465079526,2024-Q4,444,48634028.84,38136334.75,10497694.09,31448340.83,86417864.2,2,1,11184436.16,3645333.2,5592218.08,3645333.2,1,0,60,2,1,0,1,0,69,21,4.0,276.0,0
Juarez Construcción S.A.,20465079526,2025-Q1,444,46403025.42,33710979.0,12692046.42,31795308.24,82959921.08,1,0,7978593.99,0.0,7978593.99,5135771.81,0,0,60,2,0,0,1,1,24,66,5.0,120.0,0
Juarez Construcción S.A.,20465079526,2025-Q2,444,51164270.84,35313696.29,15850574.55,36572087.64,87736358.48,3,2,16906037.92,7623874.57,5635345.97,3811937.29,2,0,60,3,1,1,0,1,15,75,7.0,105.0,0
Juarez Construcción S.A.,20465079526,2025-Q3,444,49579528.11,36535789.73,13043738.38,27499149.11,85732575.21,5,4,23149792.31,20318199.51,4629958.46,5079549.88,0,4,30,1,0,1,0,0,20,70,1.0,20.0,0
Juarez Construcción S.A.,20465079526,2025-Q4,444,54853585.23,38515259.62,16338325.61,36311252.74,91164837.97,1,0,5165852.4,0.0,5165852.4,3593248.09,0,0,60,1,0,0,1,0,66,24,2.0,132.0,0
Molina Gastronomía,20516895846,2022-Q1,115,60135006.34,38921304.48,21213701.86,16400093.63,81374196.05,5,4,12938402.35,10649746.53,2587680.47,2662436.63,4,0,30,1,1,0,0,0,24,66,8.0,192.0,0
Molina Gastronomía,20516895846,2022-Q2,115,58622640.14,39378578.97,19244061.17,24109130.52,83518924.36,4,1,32170302.11,6188335.39,8042575.53,6188335.39,0,1,90,2,1,0,1,0,63,27,5.0,315.0,0
Molina Gastronomía,20516895846,2022-Q3,115,53771466.41,41729389.07,12042077.34,19434941.72,92247647.44,0,0,0.0,0.0,5125946.48,3397257.14,0,0,0,2,0,1,1,0,75,15,2.0,150.0,0
Molina Gastronomía,20516895846,2022-Q4,115,59996793.53,41114250.38,18882543.15,22375821.63,93773512.83,0,0,0.0,0.0,4042545.27,3939009.29,0,0,0,1,0,1,0,0,83,7,6.0,498.0,0
Molina Gastronomía,20516895846,2023-Q1,115,56305815.57,41471161.95,14834653.62,21389998.3,91349907.14,1,0,6804397.83,0.0,6804397.83,6341819.73,0,0,60,2,0,1,0,1,12,78,7.0,84.0,0
Molina Gastronomía,20516895846,2023-Q2,115,52298922.62,37260952.87,15037969.75,16652935.03,86845878.89,5,4,35870140.05,17899620.59,7174028.01,4474905.15,2,2,60,4,1,1,1,1,62,28,5.0,310.0,0
Molina Gastronomía,20516895846,2023-Q3,115,55237409.73,40144655.43,15092754.3,21936080.67,82694759.74,2,1,15090458.65,7415833.51,7545229.33,7415833.51,1,0,30,3,1,0,1,1,64,26,5.0,320.0,0
Molina Gastronomía,20516895846,2023-Q4,115,63629624.33,38081215.99,25548408.34,20264356.6,95832359.47,1,0,4312907.87,0.0,4312907.87,3640429.77,0,0,90,4,1,1,1,1,81,9,2.0,162.0,1
Molina Gastronomía,20516895846,2024-Q1,115,59332728.75,43541009.44,15791719.31,24224396.65,96862482.78,4,3,21231482.36,14391388.97,5307870.59,4797129.66,2,1,60,1,0,0,1,0,27,63,7.0,189.0,0
Molina Gastronomía,20516895846,2024-Q2,115,55704661.11,38543755.75,17160905.36,17974476.39,93899893.03,0,0,0.0,0.0,5026745.73,5237577.89,0,0,0,1,0,1,0,0,87,3,3.0,261.0,1
Molina Gastronomía,20516895846,2024-Q3,115,58813322.08,38393034.67,20420287.41,23870330.21,90575760.31,1,0,4748847.27,0.0,4748847.27,5112595.9,0,0,90,3,1,0,1,1,71,19,8.0,568.0,0
Molina Gastronomía,20516895846,2024-Q4,115,52819017.38,40571816.0,12247201.38,20507243.3,80378449.58,3,1,13327177.03,2784294.34,4442392.34,2784294.34,0,1,30,4,1,1,1,1,3,87,5.0,15.0,0
Molina Gastronomía,20516895846,2025-Q1,115,52433464.09,42863395.57,9570068.52,17587277.09,85071203.76,3,2,9876034.58,6526941.83,3292011.53,3263470.91,1,1,60,2,1,0,1,0,66,24,1.0,66.0,0
Molina Gastronomía,20516895846,2025-Q2,115,63462076.63,43987966.43,19474110.2,19035943.67,83980018.44,0,0,0.0,0.0,1914261.32,1362730.65,0,0,0,2,1,0,1,0,34,56,7.0,238.0,0
Molina Gastronomía,20516895846,2025-Q3,115,61064597.14,38719270.87,22345326.27,20247476.55,91341231.36,2,1,8411294.23,3124937.55,4205647.12,3124937.55,1,0,30,2,0,1,1,0,59,31,2.0,118.0,0
Molina Gastronomía,20516895846,2025-Q4,115,62661621.04,37219839.73,25441781.31,21752400.72,84414021.76,5,2,12113446.16,4655183.0,2422689.23,2327591.5,1,1,60,2,0,1,0,1,82,8,9.0,738.0,0
ComerPlus SRL,20570957822,2022-Q1,367,67526571.2,61886876.68,5639694.52,15663174.26,95312594.21,4,1,19201271.4,2880665.48,4800317.85,2880665.48,0,1,60,2,1,0,1,0,48,42,6.0,288.0,0
ComerPlus SRL,20570957822,2022-Q2,367,67759917.23,66736151.09,1023766.14,13839815.75,96544949.16,0,0,0.0,0.0,9148559.72,7272457.89,0,0,0,2,1,0,0,1,66,24,2.0,132.0,0
ComerPlus SRL,20570957822,2022-Q3,367,70807375.97,62092936.44,8714439.53,13938209.26,92327228.83,5,3,26144327.98,12193399.07,5228865.6,4064466.36,0,3,30,2,1,1,0,0,89,1,7.0,623.0,0
ComerPlus SRL,20570957822,2022-Q4,367,68663876.11,62521677.51,6142198.6,14582856.49,92062742.55,1,0,8380098.36,0.0,8380098.36,7831954.34,0,0,90,1,0,0,1,0,25,65,3.0,75.0,0
ComerPlus SRL,20570957822,2023-Q1,367,76071487.3,57642897.61,18428589.69,12541604.14,96848451.61,0,0,0.0,0.0,6115803.82,4094279.74,0,0,0,3,1,1,0,1,87,3,3.0,261.0,0
ComerPlus SRL,20570957822,2023-Q2,367,72085211.26,55895213.7,16189997.56,13449349.45,92846309.26,2,0,10324110.73,0.0,5162055.37,4029493.73,0,0,60,2,0,1,0,1,15,75,9.0,135.0,0
ComerPlus SRL,20570957822,2023-Q3,367,71100672.33,61061050.21,10039622.12,13242720.16,94364417.43,1,0,2917244.8,0.0,2917244.8,3052782.3,0,0,90,4,1,1,1,1,20,70,3.0,60.0,0
ComerPlus SRL,20570957822,2023-Q4,367,66628103.63,62680750.89,3947352.74,12609804.01,80464793.25,3,2,25134201.65,15524833.58,8378067.22,7762416.79,0,2,30,3,0,1,1,1,18,72,10.0,180.0,0
ComerPlus SRL,20570957822,2024-Q1,367,72962337.54,62179738.25,10782599.29,14486281.51,87448619.04,1,0,3222993.06,0.0,3222993.06,2301301.79,0,0,30,3,0,1,1,1,74,16,6.0,444.0,0
ComerPlus SRL,20570957822,2024-Q2,367,75718708.7,66720616.61,8998092.09,14296573.6,90015282.29,0,0,0.0,0.0,5586145.01,4238681.16,0,0,0,2,1,0,1,0,85,5,8.0,680.0,0
ComerPlus SRL,20570957822,2024-Q3,367,64757734.98,59366079.16,5391655.82,12670101.92,86337920.17,0,0,0.0,0.0,7426646.66,5185722.2,0,0,0,3,0,1,1,1,79,11,1.0,79.0,0
ComerPlus SRL,20570957822,2024-Q4,367,70507915.67,66935619.91,3572295.76,12303802.66,82811718.32,4,2,17438546.89,7220865.65,4359636.72,3610432.83,1,1,30,1,0,0,0,1,29,61,2.0,58.0,0
ComerPlus SRL,20570957822,2025-Q1,367,72047336.11,56207766.71,15839569.4,11544456.69,83591792.8,0,0,0.0,0.0,7707425.49,5229921.1,0,0,0,3,1,1,0,1,83,7,9.0,747.0,0
ComerPlus SRL,20570957822,2025-Q2,367,72355122.29,64836666.82,7518455.47,15765082.39,93482599.68,4,3,17647008.47,9350899.14,4411752.12,3116966.38,2,1,30,1,0,0,0,1,8,82,5.0,40.0,1
ComerPlus SRL,20570957822,2025-Q3,367,66491804.71,67702147.25,-1210342.54,12980265.27,84702199.97,1,0,4827158.61,0.0,4827158.61,4522750.32,0,0,60,3,0,1,1,1,58,32,7.0,406.0,0
ComerPlus SRL,20570957822,2025-Q4,367,75296077.72,66928461.86,8367615.86,12035122.1,93666660.39,0,0,0.0,0.0,9741278.51,7109178.59,0,0,0,2,1,0,1,0,32,58,5.0,160.0,0
GastroSur SAS,20664545463,2022-Q1,128,60491052.61,45511187.91,14979864.7,12918105.86,88984746.29,3,2,21387504.68,15121697.71,7129168.23,7560848.86,0,2,90,2,1,1,0,0,24,66,6.0,144.0,0
GastroSur SAS,20664545463,2022-Q2,128,58734747.11,47710748.22,11023998.89,15830353.56,98811114.2,0,0,0.0,0.0,3576992.22,2280432.39,0,0,0,0,0,0,0,0,25,65,10.0,250.0,0
GastroSur SAS,20664545463,2022-Q3,128,69661939.35,51201232.71,18460706.64,13797821.14,105342377.94,1,0,4815561.67,0.0,4815561.67,3831094.0,0,0,30,2,0,1,0,1,41,49,1.0,41.0,0
GastroSur SAS,20664545463,2022-Q4,128,60772515.43,46464929.09,14307586.34,13754100.59,93126257.95,4,3,9428664.29,7440314.7,2357166.07,2480104.9,0,3,30,3,0,1,1,1,43,47,6.0,258.0,0
GastroSur SAS,20664545463,2023-Q1,128,67885482.37,45265402.95,22620079.42,13017640.93,103650425.63,1,0,6882151.36,0.0,6882151.36,6615152.09,0,0,90,3,0,1,1,1,53,37,4.0,212.0,1
GastroSur SAS,20664545463,2023-Q2,128,59528237.46,50600932.84,8927304.62,14624030.32,94279755.72,5,3,29093937.17,11697406.48,5818787.43,3899135.49,2,1,90,2,0,0,1,1,20,70,1.0,20.0,0
GastroSur SAS,20664545463,2023-Q3,128,62580750.48,52611857.42,9968893.06,13412086.27,96724928.29,0,0,0.0,0.0,2707531.38,2699739.1,0,0,0,1,0,0,0,1,11,79,2.0,22.0,0
GastroSur SAS,20664545463,2023-Q4,128,59075167.05,50085759.02,8989408.03,15189925.94,89939319.63,1,0,5372085.5,0.0,5372085.5,4718324.88,0,0,90,1,0,0,1,0,90,0,6.0,540.0,0
GastroSur SAS,20664545463,2024-Q1,128,69584954.38,52300481.34,17284473.04,13046885.69,99997222.93,0,0,0.0,0.0,6496373.19,5939231.87,0,0,0,2,0,0,1,1,64,26,2.0,128.0,0
GastroSur SAS,20664545463,2024-Q2,128,61032618.07,46620488.01,14412130.06,13431486.09,96461822.0,1,0,4026156.21,0.0,4026156.21,4158194.85,0,0,60,2,1,0,1,0,42,48,7.0,294.0,0
GastroSur SAS,20664545463,2024-Q3,128,65703215.98,49695271.2,16007944.78,14852830.07,100369754.09,0,0,0.0,0.0,6669214.58,5517579.65,0,0,0,2,0,1,1,0,10,80,2.0,20.0,0
GastroSur SAS,20664545463,2024-Q4,128,61917024.33,47487640.38,14429383.95,15268700.92,88275050.22,1,0,5428320.58,0.0,5428320.58,5199650.71,0,0,30,2,1,0,1,0,18,72,8.0,144.0,0
GastroSur SAS,20664545463,2025-Q1,128,66517911.09,44581443.92,21936467.17,16122133.24,96857129.78,4,1,18563809.36,4803911.88,4640952.34,4803911.88,0,1,30,2,1,0,0,1,16,74,6.0,96.0,0
GastroSur SAS,20664545463,2025-Q2,128,67818678.45,47512071.12,20306607.33,14834321.03,103448812.07,0,0,0.0,0.0,7785794.65,6263194.08,0,0,0,2,1,1,0,0,14,76,8.0,112.0,1
GastroSur SAS,20664545463,2025-Q3,128,69529371.34,51749035.67,17780335.67,14174469.59,100521990.28,3,1,27247779.9,5994363.52,9082593.3,5994363.52,0,1,90,1,0,0,0,1,12,78,10.0,120.0,0
GastroSur SAS,20664545463,2025-Q4,128,67231425.5,44457501.42,22773924.08,11685308.89,95897417.71,4,2,17256021.03,7414045.44,4314005.26,3707022.72,2,0,90,1,0,0,1,0,76,14,1.0,76.0,0
Rodriguez Gastronomía,20671415028,2022-Q1,144,59332019.87,49556586.5,9775433.37,17514721.19,95835739.17,5,2,18679943.77,7649440.9,3735988.75,3824720.45,2,0,90,3,0,1,1,1,13,77,3.0,39.0,0
Rodriguez Gastronomía,20671415028,2022-Q2,144,56434197.13,46735990.75,9698206.38,16944901.0,85024896.03,3,2,5842609.06,2771652.03,1947536.35,1385826.02,0,2,30,1,0,0,1,0,31,59,10.0,310.0,0
Rodriguez Gastronomía,20671415028,2022-Q3,144,58969101.72,50186546.66,8782555.06,16314203.26,94239361.56,3,1,11706130.29,3578065.11,3902043.43,3578065.11,0,1,90,1,0,1,0,0,13,77,6.0,78.0,0
Rodriguez Gastronomía,20671415028,2022-Q4,144,63838097.33,52349975.3,11488122.03,17634457.2,86139543.94,3,2,20611012.03,8283824.68,6870337.34,4141912.34,0,2,60,4,1,1,1,1,2,88,2.0,4.0,0
Rodriguez Gastronomía,20671415028,2023-Q1,144,57430309.64,54299323.33,3130986.31,19597682.38,90027554.95,2,1,15373686.15,4679401.91,7686843.08,4679401.91,1,0,90,3,1,0,1,1,6,84,9.0,54.0,0
Rodriguez Gastronomía,20671415028,2023-Q2,144,63231728.96,53542605.66,9689123.3,21264946.9,89994188.95,1,0,8229092.98,0.0,8229092.98,7711184.48,0,0,90,2,0,1,1,0,75,15,5.0,375.0,0
Rodriguez Gastronomía,20671415028,2023-Q3,144,61576943.91,46546580.31,15030363.6,19443621.07,86892463.78,0,0,0.0,0.0,1036065.63,1119822.96,0,0,0,1,1,0,0,0,25,65,7.0,175.0,1
Rodriguez Gastronomía,20671415028,2023-Q4,144,62479238.34,47815462.62,14663775.72,21118646.91,99315864.43,2,0,6553262.77,0.0,3276631.38,2729420.82,0,0,30,2,0,0,1,1,49,41,4.0,196.0,0
Rodriguez Gastronomía,20671415028,2024-Q1,144,58641102.09,52657222.23,5983879.86,21037595.59,94745779.65,0,0,0.0,0.0,6581843.8,5469956.87,0,0,0,1,0,1,0,0,86,4,4.0,344.0,0
Rodriguez Gastronomía,20671415028,2024-Q2,144,62479300.38,49883018.51,12596281.87,20784289.65,85794445.47,0,0,0.0,0.0,6079379.06,6483834.32,0,0,0,1,0,1,0,0,3,87,7.0,21.0,0
Rodriguez Gastronomía,20671415028,2024-Q3,144,60169959.44,48961712.07,11208247.37,18362866.57,97822726.17,1,0,5231833.59,0.0,5231833.59,3737879.81,0,0,90,1,0,0,1,0,73,17,1.0,73.0,1
Rodriguez Gastronomía,20671415028,2024-Q4,144,57051227.91,48321094.3,8730133.61,20827943.78,86212096.39,1,0,2088348.35,0.0,2088348.35,1483839.34,0,0,60,1,0,0,1,0,36,54,8.0,288.0,0
Rodriguez Gastronomía,20671415028,2025-Q1,144,53810850.17,49219184.71,4591665.46,15407696.78,93792993.67,0,0,0.0,0.0,4433405.5,3471757.2,0,0,0,2,0,1,0,1,84,6,1.0,84.0,0
Rodriguez Gastronomía,20671415028,2025-Q2,144,58311601.77,53716680.57,4594921.2,15632192.94,99477462.59,0,0,0.0,0.0,3450338.61,3420161.92,0,0,0,4,1,1,1,1,16,74,8.0,128.0,0
Rodriguez Gastronomía,20671415028,2025-Q3,144,63137059.54,52089321.02,11047738.52,18873820.85,85667727.06,2,1,13738711.91,4796470.37,6869355.96,4796470.37,1,0,60,2,0,1,0,1,51,39,5.0,255.0,0
Rodriguez Gastronomía,20671415028,2025-Q4,144,56019791.5,50657890.86,5361900.64,18003595.53,88643268.84,3,1,19977930.29,4457650.12,6659310.1,4457650.12,1,0,30,3,1,1,0,1,57,33,10.0,570.0,0
GBS IND SAS,20677709163,2022-Q1,91,50338494.64,28215587.43,22122907.21,22076799.16,79184965.38,5,4,31991185.0,18760783.28,6398237.0,4690195.82,1,3,60,3,1,0,1,1,37,53,2.0,74.0,0
GBS IND SAS,20677709163,2022-Q2,91,45133573.08,31011599.3,14121973.78,27217094.15,83496786.92,2,1,12364754.78,4519559.04,6182377.39,4519559.04,0,1,60,4,1,1,1,1,55,35,6.0,330.0,0
GBS IND SAS,20677709163,2022-Q3,91,44501813.06,32555331.82,11946481.24,28515515.5,84561241.07,4,3,28444309.62,19767238.38,7111077.4,6589079.46,1,2,90,2,1,0,1,0,39,51,6.0,234.0,0
GBS IND SAS,20677709163,2022-Q4,91,44168128.32,31079802.67,13088325.65,22890644.4,76949851.7,3,1,17895681.68,3748189.61,5965227.23,3748189.61,0,1,60,1,0,1,0,0,33,57,1.0,33.0,1
GBS IND SAS,20677709163,2023-Q1,91,42605978.24,28384490.04,14221488.2,20199194.22,84528735.47,3,1,20825218.38,4556627.55,6941739.46,4556627.55,1,0,90,2,1,0,0,1,64,26,3.0,192.0,0
GBS IND SAS,20677709163,2023-Q2,91,43261124.19,27962599.0,15298525.19,26335952.79,79445822.3,0,0,0.0,0.0,7022480.94,4583049.59,0,0,0,3,0,1,1,1,69,21,4.0,276.0,0
GBS IND SAS,20677709163,2023-Q3,91,48230315.73,31108264.44,17122051.29,28345672.05,78671486.13,0,0,0.0,0.0,6200205.01,6074936.18,0,0,0,0,0,0,0,0,37,53,10.0,370.0,0
GBS IND SAS,20677709163,2023-Q4,91,42645109.96,29899932.19,12745177.77,27730141.93,85314365.33,4,2,29483126.85,12456053.53,7370781.71,6228026.76,0,2,30,3,0,1,1,1,57,33,1.0,57.0,0
GBS IND SAS,20677709163,2024-Q1,91,45541895.58,27371774.94,18170120.64,24840813.12,77225080.15,0,0,0.0,0.0,5502008.11,4874129.96,0,0,0,3,1,1,0,1,32,58,1.0,32.0,0
GBS IND SAS,20677709163,2024-Q2,91,45178368.57,29856430.61,15321937.96,27621234.01,79030010.44,2,1,3974093.24,1234878.31,1987046.62,1234878.31,0,1,60,2,0,1,1,0,30,60,2.0,60.0,0
GBS IND SAS,20677709163,2024-Q3,91,44482974.12,27326469.48,17156504.64,24409196.79,79874391.5,4,3,21967636.64,10637485.37,5491909.16,3545828.46,1,2,90,3,1,1,0,1,85,5,6.0,510.0,0
GBS IND SAS,20677709163,2024-Q4,91,46781873.81,27908566.4,18873307.41,20856597.88,71879001.87,2,1,7769821.14,2645766.71,3884910.57,2645766.71,0,1,60,3,1,1,0,1,34,56,2.0,68.0,0
GBS IND SAS,20677709163,2025-Q1,91,49034136.34,28912056.92,20122079.42,25499469.1,76642471.06,2,1,15371682.98,4810501.01,7685841.49,4810501.01,0,1,90,4,1,1,1,1,43,47,5.0,215.0,0
GBS IND SAS,20677709163,2025-Q2,91,49739196.33,28126297.38,21612898.95,22453700.12,72192896.45,2,1,7199868.68,2990353.15,3599934.34,2990353.15,0,1,60,3,0,1,1,1,3,87,10.0,30.0,0
GBS IND SAS,20677709163,2025-Q3,91,43616240.01,30686130.92,12930109.09,26832947.29,73020961.81,2,1,15286560.74,5434872.74,7643280.37,5434872.74,0,1,90,2,0,0,1,1,13,77,2.0,26.0,0
GBS IND SAS,20677709163,2025-Q4,91,42664820.17,30180350.17,12484470.0,22459237.45,82623997.09,4,2,38291021.48,20773616.99,9572755.37,10386808.49,0,2,90,3,0,1,1,1,85,5,8.0,680.0,0
Diaz Construcción S.A.,20691442021,2022-Q1,469,75216936.38,46822938.68,28393997.7,19580613.52,97215616.9,2,0,13783713.39,0.0,6891856.7,6754266.92,0,0,60,1,1,0,0,0,67,23,8.0,536.0,0
Diaz Construcción S.A.,20691442021,2022-Q2,469,78080618.1,52736578.23,25344039.87,22921622.41,101002240.51,1,0,7521891.05,0.0,7521891.05,6017329.42,0,0,60,0,0,0,0,0,61,29,5.0,305.0,0
Diaz Construcción S.A.,20691442021,2022-Q3,469,79843377.3,49869806.45,29973570.85,21722423.87,102277579.79,3,1,27275378.88,7400238.8,9091792.96,7400238.8,1,0,30,1,0,0,0,1,40,50,2.0,80.0,0
Diaz Construcción S.A.,20691442021,2022-Q4,469,74514009.14,54477330.99,20036678.15,23805476.08,98504315.98,5,3,30441388.97,12316158.3,6088277.79,4105386.1,1,2,60,3,1,1,0,1,41,49,2.0,82.0,1
Diaz Construcción S.A.,20691442021,2023-Q1,469,70501253.92,53499933.12,17001320.8,20952409.03,107137659.26,3,1,14695098.5,3779730.49,4898366.17,3779730.49,0,1,30,3,1,1,0,1,58,32,3.0,174.0,0
Diaz Construcción S.A.,20691442021,2023-Q2,469,66316720.78,46711203.71,19605517.07,24467733.36,98832543.0,0,0,0.0,0.0,4920423.39,3128373.95,0,0,0,2,0,1,0,1,21,69,3.0,63.0,0
Diaz Construcción S.A.,20691442021,2023-Q3,469,67209820.68,47371524.9,19838295.78,23461148.92,102078576.24,3,1,15168842.11,4083251.59,5056280.7,4083251.59,1,0,90,2,0,0,1,1,57,33,10.0,570.0,0
Diaz Construcción S.A.,20691442021,2023-Q4,469,72937721.35,54686951.38,18250769.97,23252702.61,103637815.43,4,3,16442976.53,8721018.31,4110744.13,2907006.1,1,2,60,2,1,0,0,1,64,26,1.0,64.0,0
Diaz Construcción S.A.,20691442021,2024-Q1,469,65682976.78,46144294.67,19538682.11,22541262.99,96156545.74,0,0,0.0,0.0,7133941.32,5381186.66,0,0,0,3,1,1,0,1,59,31,10.0,590.0,0
Diaz Construcción S.A.,20691442021,2024-Q2,469,78247405.19,48604316.21,29643088.98,25499514.36,103746919.54,0,0,0.0,0.0,6303033.94,4646060.31,0,0,0,2,1,1,0,0,62,28,10.0,620.0,0
Diaz Construcción S.A.,20691442021,2024-Q3,469,72579966.95,53886964.44,18693002.51,25577466.4,103605180.33,1,0,4701753.76,0.0,4701753.76,3908639.18,0,0,60,2,1,0,0,1,74,16,10.0,740.0,0
Diaz Construcción S.A.,20691442021,2024-Q4,469,74034752.44,50607500.98,23427251.46,24863049.04,105092187.69,3,2,17436649.04,8348513.74,5812216.35,4174256.87,1,1,60,4,1,1,1,1,65,25,6.0,390.0,0
Diaz Construcción S.A.,20691442021,2025-Q1,469,69598104.36,52094189.29,17503915.07,25076958.07,103068539.89,1,0,7103456.54,0.0,7103456.54,7056631.59,0,0,60,1,0,1,0,0,71,19,10.0,710.0,0
Diaz Construcción S.A.,20691442021,2025-Q2,469,76383480.37,48738606.34,27644874.03,26213156.89,102596637.26,2,0,8374104.2,0.0,4187052.1,4352292.09,0,0,30,2,1,0,1,0,40,50,5.0,200.0,0
Diaz Construcción S.A.,20691442021,2025-Q3,469,69988954.21,46778726.92,23210227.29,24630726.98,97304159.52,4,2,6074365.91,3045665.97,1518591.48,1522832.98,2,0,30,2,0,0,1,1,12,78,9.0,108.0,0
FLG RES SAS,27796289975,2025-Q2,202,62400359.35,40291026.43,22109332.92,23931597.88,89554049.28,0,0,0.0,0.0,3154742.7,2922969.41,0,0,0,1,0,0,1,0,4,86,6.0,24.0,0
FLG RES SAS,27796289975,2025-Q3,202,61346679.34,39625966.14,21720713.2,23564767.06,98835484.05,2,1,6531544.46,2650020.57,3265772.23,2650020.57,1,0,90,2,0,1,1,0,39,51,6.0,234.0,0
FLG RES SAS,27796289975,2025-Q4,202,66353147.13,42286687.98,24066459.15,21390176.11,89962841.06,3,2,27511567.29,19774763.78,9170522.43,9887381.89,0,2,90,4,1,1,1,1,60,30,9.0,540.0,0
ELC AGR S.A.,27817670339,2022-Q1,250,32767231.54,28403579.5,4363652.04,22125410.31,74488217.83,1,0,4615693.21,0.0,4615693.21,3677850.86,0,0,30,3,1,1,0,1,24,66,6.0,144.0,0
ELC AGR S.A.,27817670339,2022-Q2,250,39447890.49,24913832.83,14534057.66,29086252.74,72022226.64,4,2,17446447.55,8187090.36,4361611.89,4093545.18,0,2,30,2,1,0,0,1,66,24,9.0,594.0,0
ELC AGR S.A.,27817670339,2022-Q3,250,37939030.61,23541275.36,14397755.25,22610871.49,74706568.07,0,0,0.0,0.0,6721218.0,4165950.26,0,0,0,3,1,0,1,1,67,23,8.0,536.0,0
ELC AGR S.A.,27817670339,2022-Q4,250,35824350.44,23872238.49,11952111.95,31517625.3,71523640.28,5,2,21920641.94,6885539.37,4384128.39,3442769.68,1,1,90,2,0,1,0,1,82,8,10.0,820.0,0
ELC AGR S.A.,27817670339,2023-Q1,250,36194582.31,24895855.22,11298727.09,30846457.75,67968662.37,1,0,6377264.62,0.0,6377264.62,3972618.48,0,0,60,2,0,1,1,0,56,34,7.0,392.0,0
ELC AGR S.A.,27817670339,2023-Q2,250,35261677.91,27514229.77,7747448.14,22842752.32,68761031.72,2,1,7720643.46,4021445.66,3860321.73,4021445.66,1,0,60,1,0,1,0,0,20,70,7.0,140.0,0
ELC AGR S.A.,27817670339,2023-Q3,250,37300914.61,28601201.33,8699713.28,29337036.59,66637951.2,4,2,18962977.19,8172153.48,4740744.3,4086076.74,0,2,90,1,1,0,0,0,89,1,6.0,534.0,0
ELC AGR S.A.,27817670339,2023-Q4,250,37711435.52,27749674.97,9961760.55,25000858.47,72804121.35,1,0,7418517.29,0.0,7418517.29,8046774.59,0,0,30,0,0,0,0,0,33,57,10.0,330.0,0
ELC AGR S.A.,27817670339,2024-Q1,250,38133473.78,26135171.42,11998302.36,21840495.73,67968118.92,5,2,33451705.92,8928945.4,6690341.18,4464472.7,0,2,90,1,1,0,0,0,65,25,4.0,260.0,0
ELC AGR S.A.,27817670339,2024-Q2,250,36314757.79,28143947.27,8170810.52,26134051.95,69229040.78,2,1,11349727.96,6005975.11,5674863.98,6005975.11,0,1,30,1,0,0,0,1,20,70,5.0,100.0,0
ELC AGR S.A.,27817670339,2024-Q3,250,36734252.37,27617380.82,9116871.55,30188818.67,67152727.29,1,0,7518238.12,0.0,7518238.12,5403285.38,0,0,30,1,0,1,0,0,14,76,4.0,56.0,0
ELC AGR S.A.,27817670339,2024-Q4,250,38966078.99,25111169.11,13854909.88,31676090.0,72031409.21,1,0,8149073.75,0.0,8149073.75,8620264.59,0,0,90,3,1,0,1,1,49,41,1.0,49.0,0
ELC AGR S.A.,27817670339,2025-Q1,250,37638396.74,25983259.35,11655137.39,26600935.76,69049664.23,4,2,20955837.8,11273887.62,5238959.45,5636943.81,0,2,30,3,1,0,1,1,70,20,2.0,140.0,0
ELC AGR S.A.,27817670339,2025-Q2,250,32961790.49,26399811.1,6561979.39,24515600.28,73017970.79,3,1,13934754.8,4512312.41,4644918.27,4512312.41,0,1,60,0,0,0,0,0,81,9,10.0,810.0,0
ELC AGR S.A.,27817670339,2025-Q3,250,33267771.6,24047367.46,9220404.14,28832731.02,62545787.65,2,1,9793162.81,5174987.08,4896581.41,5174987.08,0,1,30,1,0,0,1,0,25,65,6.0,150.0,0
ELC AGR S.A.,27817670339,2025-Q4,250,36874636.97,26761459.6,10113177.37,24950710.25,62760607.96,4,3,30739209.86,20430299.11,7684802.47,6810099.7,2,1,30,0,0,0,0,0,11,79,2.0,22.0,0
Martinez Agricultura S.A.,27848466897,2022-Q1,41,48410044.09,40575711.38,7834332.71,22318799.36,87427600.41,0,0,0.0,0.0,3164781.94,3084253.38,0,0,0,1,0,0,1,0,58,32,2.0,116.0,1
Martinez Agricultura S.A.,27848466897,2022-Q2,41,55112953.33,47542985.59,7569967.74,24862374.18,79975327.51,3,2,28888525.76,14351107.7,9629508.59,7175553.85,2,0,90,3,0,1,1,1,1,89,2.0,2.0,0
Martinez Agricultura S.A.,27848466897,2022-Q3,41,57170906.58,42768504.45,14402402.13,22984271.6,80932214.23,3,1,16625515.13,3747480.96,5541838.38,3747480.96,0,1,60,2,0,1,0,1,44,46,6.0,264.0,1
Martinez Agricultura S.A.,27848466897,2022-Q4,41,51612502.73,44006358.65,7606144.08,24744606.25,91475330.09,3,2,18353968.74,9795246.77,6117989.58,4897623.38,0,2,60,1,0,0,1,0,73,17,10.0,730.0,0
Martinez Agricultura S.A.,27848466897,2023-Q1,41,57638434.93,41088943.04,16549491.89,24445800.8,86705055.51,4,2,27281609.71,9443946.03,6820402.43,4721973.01,1,1,60,2,0,0,1,1,70,20,9.0,630.0,0
Martinez Agricultura S.A.,27848466897,2023-Q2,41,57385026.12,46432250.74,10952775.38,24116477.5,83610332.62,3,2,20352580.83,11545866.96,6784193.61,5772933.48,0,2,60,1,0,1,0,0,22,68,4.0,88.0,0
Martinez Agricultura S.A.,27848466897,2023-Q3,41,57406522.27,47969966.3,9436555.97,22034214.39,96069072.22,5,3,35376671.72,19452750.93,7075334.34,6484250.31,1,2,90,0,0,0,0,0,69,21,2.0,138.0,0
Martinez Agricultura S.A.,27848466897,2023-Q4,41,50002936.01,44138244.9,5864691.11,18665543.0,90525397.3,0,0,0.0,0.0,5636363.58,4870885.25,0,0,0,1,0,0,1,0,21,69,2.0,42.0,0
Martinez Agricultura S.A.,27848466897,2024-Q1,41,56354412.72,42786664.94,13567747.78,22384464.45,83368069.45,4,3,24160725.53,11677664.36,6040181.38,3892554.79,3,0,30,1,1,0,0,0,40,50,7.0,280.0,0
Martinez Agricultura S.A.,27848466897,2024-Q2,41,55769445.85,45150993.7,10618452.15,22126541.97,95482806.71,4,2,29266207.51,14315163.17,7316551.88,7157581.58,1,1,90,1,0,1,0,0,77,13,10.0,770.0,1
Martinez Agricultura S.A.,27848466897,2024-Q3,41,56150780.51,45267208.46,10883572.05,19975773.51,94578728.1,5,4,39082174.31,34026216.71,7816434.86,8506554.18,4,0,60,2,0,1,1,0,79,11,6.0,474.0,0
Martinez Agricultura S.A.,27848466897,2024-Q4,41,55633417.72,45493073.49,10140344.23,20537403.02,79622087.6,3,1,32060143.04,6424567.31,10686714.35,6424567.31,1,0,90,2,1,1,0,0,76,14,3.0,228.0,0
Martinez Agricultura S.A.,27848466897,2025-Q1,41,48458596.85,45407455.9,3051140.95,22904678.05,94248104.61,2,0,7926693.21,0.0,3963346.6,4336269.63,0,0,30,4,1,1,1,1,70,20,4.0,280.0,0
Martinez Agricultura S.A.,27848466897,2025-Q2,41,52080207.03,40665300.85,11414906.18,18698608.15,92569928.51,1,0,5297171.01,0.0,5297171.01,3354979.26,0,0,90,1,0,1,0,0,81,9,6.0,486.0,0
Martinez Agricultura S.A.,27848466897,2025-Q3,41,53324318.93,47633506.31,5690812.62,25001322.21,82652852.04,5,4,33039900.07,23655605.54,6607980.01,5913901.39,3,1,30,3,1,0,1,1,16,74,8.0,128.0,0
Martinez Agricultura S.A.,27848466897,2025-Q4,41,50017396.42,47824355.37,2193041.05,21406930.77,79156426.19,1,0,6084317.12,0.0,6084317.12,6295331.43,0,0,60,3,0,1,1,1,49,41,10.0,490.0,0
ComerRío SRL,27874131151,2022-Q1,203,72813276.26,54673294.18,18139982.08,26042242.46,104084260.84,5,2,9688991.57,3632136.76,1937798.31,1816068.38,1,1,30,2,0,1,0,1,54,36,6.0,324.0,0
ComerRío SRL,27874131151,2022-Q2,203,70345790.7,60217973.89,10127816.81,25616258.64,110639030.53,5,2,29618940.42,7676148.36,5923788.08,3838074.18,0,2,60,1,1,0,0,0,60,30,8.0,480.0,0
ComerRío SRL,27874131151,2022-Q3,203,73732042.66,57226636.2,16505406.46,26287297.77,100019340.43,4,2,27461687.21,10936850.17,6865421.8,5468425.08,2,0,30,3,1,1,0,1,32,58,7.0,224.0,0
ComerRío SRL,27874131151,2022-Q4,203,70038060.6,54382837.98,15655222.62,25187917.31,105276883.77,1,0,5348662.09,0.0,5348662.09,4388234.96,0,0,30,1,0,1,0,0,50,40,9.0,450.0,0
ComerRío SRL,27874131151,2023-Q1,203,72994531.86,65759903.0,7234628.86,24140168.1,111186062.95,4,1,32161616.33,5876181.01,8040404.08,5876181.01,1,0,90,3,1,1,0,1,58,32,9.0,522.0,0
ComerRío SRL,27874131151,2023-Q2,203,73898785.29,60919932.4,12978852.89,24622182.49,113452043.51,2,0,6226638.23,0.0,3113319.11,3294351.66,0,0,30,1,0,0,1,0,65,25,10.0,650.0,0
ComerRío SRL,27874131151,2023-Q3,203,63072394.05,59770551.8,3301842.25,22900532.32,116096086.84,1,0,7253775.44,0.0,7253775.44,4760095.03,0,0,60,2,0,1,0,1,7,83,8.0,56.0,0
ComerRío SRL,27874131151,2023-Q4,203,65886436.87,55110356.43,10776080.44,28825380.07,106098240.71,5,3,54205551.31,32461081.3,10841110.26,10820360.43,1,2,90,1,1,0,0,0,9,81,2.0,18.0,0
ComerRío SRL,27874131151,2024-Q1,203,72071566.22,64761990.73,7309575.49,24478664.36,105171260.39,4,3,34569766.27,22082140.14,8642441.57,7360713.38,0,3,90,2,0,0,1,1,77,13,2.0,154.0,0
ComerRío SRL,27874131151,2024-Q2,203,72992905.68,58818860.59,14174045.09,26052313.93,116753750.46,2,1,11826094.5,4617127.86,5913047.25,4617127.86,1,0,90,3,1,0,1,1,66,24,9.0,594.0,0
ComerRío SRL,27874131151,2024-Q3,203,65815558.09,65692839.75,122718.34,24979702.82,113389978.5,4,2,16013333.56,5850370.5,4003333.39,2925185.25,0,2,90,0,0,0,0,0,47,43,9.0,423.0,0
ComerRío SRL,27874131151,2024-Q4,203,66295628.28,57831135.69,8464492.59,26102544.8,118681905.22,4,3,26802705.79,16188340.03,6700676.45,5396113.34,0,3,60,3,1,0,1,1,68,22,5.0,340.0,0
ComerRío SRL,27874131151,2025-Q1,203,72986276.1,55127487.44,17858788.66,27187494.37,111129555.49,4,1,23929316.91,4179238.79,5982329.23,4179238.79,1,0,60,3,1,1,1,0,63,27,5.0,315.0,0
ComerRío SRL,27874131151,2025-Q2,203,64163898.72,63634848.34,529050.38,27172939.01,106777487.28,0,0,0.0,0.0,4014335.94,3475742.15,0,0,0,1,0,0,1,0,49,41,8.0,392.0,1
ComerRío SRL,27874131151,2025-Q3,203,66760927.1,64683492.01,2077435.09,22276031.97,112640457.9,3,1,13828743.8,3898704.63,4609581.27,3898704.63,1,0,90,3,1,0,1,1,82,8,6.0,492.0,1
ComerRío SRL,27874131151,2025-Q4,203,64071836.42,56600448.39,7471388.03,25776669.35,116328076.92,2,1,9198286.47,2935692.14,4599143.24,2935692.14,0,1,90,1,0,1,0,0,13,77,7.0,91.0,0
BSP AGR SAS,27906855920,2022-Q1,486,71849849.87,41674888.64,30174961.23,13964722.3,102975437.05,0,0,0.0,0.0,9556123.22,6473289.01,0,0,0,2,0,0,1,1,83,7,2.0,166.0,0
BSP AGR SAS,27906855920,2022-Q2,486,69671287.12,44627581.78,25043705.34,18493337.8,90839269.55,0,0,0.0,0.0,2506578.63,2171993.64,0,0,0,2,0,1,1,0,11,79,3.0,33.0,0
BSP AGR SAS,27906855920,2022-Q3,486,71992464.11,48840987.4,23151476.71,16198678.03,88570354.45,2,1,11480059.74,5403009.15,5740029.87,5403009.15,0,1,60,3,1,1,1,0,36,54,4.0,144.0,0
BSP AGR SAS,27906855920,2022-Q4,486,71919922.36,40862975.99,31056946.37,13736160.12,88439093.12,1,0,2898893.36,0.0,2898893.36,2509036.69,0,0,60,3,1,1,0,1,38,52,8.0,304.0,0
BSP AGR SAS,27906855920,2023-Q1,486,68327581.9,43901176.15,24426405.75,17831505.31,91980986.64,4,2,16600207.25,5445347.63,4150051.81,2722673.82,2,0,90,3,0,1,1,1,76,14,6.0,456.0,0
BSP AGR SAS,27906855920,2023-Q2,486,70774624.93,42711640.03,28062984.9,18829941.88,92664713.51,3,2,14919046.95,9093526.25,4973015.65,4546763.13,0,2,60,2,0,1,0,1,21,69,2.0,42.0,0
BSP AGR SAS,27906855920,2023-Q3,486,65580585.58,42321210.06,23259375.52,17986835.15,102491748.51,2,0,14574544.0,0.0,7287272.0,4466167.17,0,0,30,2,0,1,0,1,21,69,3.0,63.0,0
BSP AGR SAS,27906855920,2023-Q4,486,62059081.35,41960954.55,20098126.8,12944170.6,90906051.15,5,3,44053961.68,17421070.92,8810792.34,5807023.64,0,3,30,2,0,0,1,1,8,82,7.0,56.0,0
BSP AGR SAS,27906855920,2024-Q1,486,65561801.93,44805950.82,20755851.11,16081934.21,96428883.35,1,0,8496290.1,0.0,8496290.1,5213813.27,0,0,60,4,1,1,1,1,27,63,7.0,189.0,0
BSP AGR SAS,27906855920,2024-Q2,486,67412076.39,48471238.91,18940837.48,15609806.14,97557816.31,3,1,22112627.89,6301479.22,7370875.96,6301479.22,1,0,30,2,0,1,1,0,7,83,7.0,49.0,1
BSP AGR SAS,27906855920,2024-Q3,486,61822604.08,48811191.02,13011413.06,18884972.82,100762104.31,2,1,15807407.21,7845043.58,7903703.6,7845043.58,0,1,60,2,0,1,1,0,58,32,6.0,348.0,0
BSP AGR SAS,27906855920,2024-Q4,486,66816691.84,44288625.13,22528066.71,15898218.64,99795895.72,1,0,4823085.56,0.0,4823085.56,3843199.37,0,0,90,0,0,0,0,0,21,69,4.0,84.0,0
BSP AGR SAS,27906855920,2025-Q1,486,62073274.58,43540695.92,18532578.66,14373981.15,102787358.11,1,0,4780761.93,0.0,4780761.93,3957890.84,0,0,90,2,1,1,0,0,9,81,3.0,27.0,0
BSP AGR SAS,27906855920,2025-Q2,486,72028662.03,46938387.93,25090274.1,17717884.11,94847873.75,3,1,25584149.46,8299327.89,8528049.82,8299327.89,0,1,30,3,1,1,1,0,43,47,5.0,215.0,0
BSP AGR SAS,27906855920,2025-Q3,486,66565616.99,41599630.07,24965986.92,17177789.06,102653277.66,0,0,0.0,0.0,4387828.15,4482640.83,0,0,0,4,1,1,1,1,60,30,7.0,420.0,0
BSP AGR SAS,27906855920,2025-Q4,486,62670647.7,48028382.78,14642264.92,14726011.08,96407341.88,1,0,2452666.75,0.0,2452666.75,1716086.59,0,0,60,2,0,1,0,1,20,70,9.0,180.0,0
Molina Tecnología S.A.,27926701865,2022-Q1,12,71860588.0,43198434.43,28662153.57,18522211.78,107435556.91,0,0,0.0,0.0,10978508.34,11531175.78,0,0,0,2,1,1,0,0,68,22,7.0,476.0,1
Molina Tecnología S.A.,27926701865,2022-Q2,12,64990801.62,49323655.89,15667145.73,18536036.61,98587770.85,4,3,28969580.48,19729232.06,7242395.12,6576410.69,1,2,90,3,1,1,0,1,49,41,8.0,392.0,0
Molina Tecnología S.A.,27926701865,2022-Q3,12,65572725.52,44068230.11,21504495.41,20654959.16,110267105.88,0,0,0.0,0.0,6315866.7,3992746.55,0,0,0,3,0,1,1,1,9,81,4.0,36.0,0
Molina Tecnología S.A.,27926701865,2022-Q4,12,73354194.4,45233538.66,28120655.74,21240114.38,96264285.74,4,2,18270247.08,9572111.7,4567561.77,4786055.85,1,1,90,3,0,1,1,1,68,22,2.0,136.0,0
Molina Tecnología S.A.,27926701865,2023-Q1,12,77107663.12,45779587.55,31328075.57,19875381.68,103117259.36,5,4,34695363.67,17592486.14,6939072.73,4398121.53,3,1,30,2,1,0,1,0,17,73,10.0,170.0,1
Molina Tecnología S.A.,27926701865,2023-Q2,12,69536379.02,49333709.02,20202670.0,20118825.98,91995140.56,5,3,36625981.5,15818970.56,7325196.3,5272990.19,0,3,30,2,1,0,0,1,2,88,1.0,2.0,0
Molina Tecnología S.A.,27926701865,2023-Q3,12,77360651.49,46616595.93,30744055.56,17636987.26,97461565.64,5,2,5000000.0,2001317.33,1000000.0,1000658.66,1,1,30,2,0,1,1,0,79,11,9.0,711.0,1
Molina Tecnología S.A.,27926701865,2023-Q4,12,74170436.99,47357504.36,26812932.63,19907189.34,94077626.33,1,0,8259161.71,0.0,8259161.71,6875751.4,0,0,30,2,0,0,1,1,78,12,6.0,468.0,0
Molina Tecnología S.A.,27926701865,2024-Q1,12,75650887.19,46551282.85,29099604.34,20609241.02,104127584.91,5,2,26677378.44,9739719.26,5335475.69,4869859.63,0,2,30,4,1,1,1,1,60,30,6.0,360.0,0
Molina Tecnología S.A.,27926701865,2024-Q2,12,69984772.58,47885230.5,22099542.08,20172830.29,101592923.89,3,2,21137278.0,14305335.2,7045759.33,7152667.6,1,1,60,4,1,1,1,1,6,84,4.0,24.0,0
Molina Tecnología S.A.,27926701865,2024-Q3,12,74294555.44,47119692.61,27174862.83,20417830.41,96294869.49,0,0,0.0,0.0,9790767.25,7881814.92,0,0,0,2,0,1,0,1,46,44,7.0,322.0,0
Molina Tecnología S.A.,27926701865,2024-Q4,12,69305214.1,43694130.71,25611083.39,19635299.28,95250199.77,2,1,17749036.32,6648673.6,8874518.16,6648673.6,1,0,90,3,1,1,1,0,30,60,4.0,120.0,0
Molina Tecnología S.A.,27926701865,2025-Q1,12,71390204.81,46648215.37,24741989.44,16066782.86,97834418.69,0,0,0.0,0.0,6453746.04,5703196.59,0,0,0,3,0,1,1,1,14,76,5.0,70.0,0
Molina Tecnología S.A.,27926701865,2025-Q2,12,65515221.79,49574435.43,15940786.36,21887248.41,107595931.92,0,0,0.0,0.0,5074834.37,5127560.32,0,0,0,3,1,1,1,0,3,87,9.0,27.0,0
Molina Tecnología S.A.,27926701865,2025-Q3,12,72658110.65,42495915.42,30162195.23,19337761.62,105004806.23,3,2,9987258.9,6377011.28,3329086.3,3188505.64,1,1,30,2,0,0,1,1,12,78,2.0,24.0,0
Molina Tecnología S.A.,27926701865,2025-Q4,12,65790486.41,43661820.56,22128665.85,15826909.76,99856448.01,3,1,24793895.66,6120012.01,8264631.89,6120012.01,1,0,30,2,0,0,1,1,29,61,3.0,87.0,0
YUK IND S.A.,27927094449,2022-Q1,446,34450041.45,19983890.4,14466151.05,3802617.92,40094331.76,3,1,32113883.38,7985349.97,10704627.79,7985349.97,1,0,90,3,1,1,0,1,41,49,1.0,41.0,0
YUK IND S.A.,27927094449,2022-Q2,446,30089243.42,19384633.42,10704610.0,5025700.15,44124733.64,3,2,24858453.53,10922897.85,8286151.18,5461448.92,1,1,90,3,1,1,0,1,22,68,7.0,154.0,0
YUK IND S.A.,27927094449,2022-Q3,446,32922334.88,20525711.87,12396623.01,4072197.83,42394862.39,0,0,0.0,0.0,6010980.82,4256792.71,0,0,0,3,1,1,0,1,58,32,7.0,406.0,1
YUK IND S.A.,27927094449,2022-Q4,446,29826049.58,18659425.53,11166624.05,4776338.12,38175782.05,0,0,0.0,0.0,7911697.17,6343831.27,0,0,0,3,1,1,0,1,30,60,1.0,30.0,0
YUK IND S.A.,27927094449,2023-Q1,446,31003287.77,21351654.64,9651633.13,4926648.26,38505349.12,0,0,0.0,0.0,8143705.46,6439874.41,0,0,0,2,1,1,0,0,40,50,7.0,280.0,0
YUK IND S.A.,27927094449,2023-Q2,446,29706078.25,17918617.39,11787460.86,4394235.73,45498896.26,5,4,25279803.87,16671992.57,5055960.77,4167998.14,4,0,90,2,0,0,1,1,17,73,4.0,68.0,0
YUK IND S.A.,27927094449,2023-Q3,446,32517403.7,19946376.25,12571027.45,5116855.75,39923496.39,4,3,36559825.57,16570973.07,9139956.39,5523657.69,2,1,60,2,0,0,1,1,16,74,5.0,80.0,0
YUK IND S.A.,27927094449,2023-Q4,446,30923163.99,18631578.94,12291585.05,4833538.69,39801794.78,5,3,32115100.13,15207837.73,6423020.03,5069279.24,3,0,90,2,1,0,0,1,2,88,1.0,2.0,0
YUK IND S.A.,27927094449,2024-Q1,446,30569873.88,18318107.3,12251766.58,3836611.71,43596551.07,1,0,6005725.15,0.0,6005725.15,4063284.02,0,0,60,1,0,0,0,1,53,37,6.0,318.0,1
YUK IND S.A.,27927094449,2024-Q2,446,32310442.03,17899717.98,14410724.05,5102198.11,39430832.64,0,0,0.0,0.0,7010112.69,6507620.15,0,0,0,1,0,1,0,0,84,6,3.0,252.0,0
YUK IND S.A.,27927094449,2024-Q3,446,35187594.95,18594593.6,16593001.35,4309802.51,40033522.64,2,0,12989211.59,0.0,6494605.79,5019911.45,0,0,60,3,1,0,1,1,21,69,6.0,126.0,1
YUK IND S.A.,27927094449,2024-Q4,446,35536546.24,20183302.22,15353244.02,4585142.91,40121689.16,4,3,19623120.29,13654093.05,4905780.07,4551364.35,1,2,60,2,0,1,0,1,87,3,8.0,696.0,0
YUK IND S.A.,27927094449,2025-Q1,446,30857317.17,20731374.48,10125942.69,4580733.2,43089763.68,0,0,0.0,0.0,6849024.27,5201379.69,0,0,0,2,1,0,0,1,64,26,9.0,576.0,0
YUK IND S.A.,27927094449,2025-Q2,446,31189338.14,19197337.04,11992001.1,4221890.0,42794867.48,3,1,16193378.43,3791076.7,5397792.81,3791076.7,0,1,30,3,1,1,1,0,58,32,6.0,348.0,1
YUK IND S.A.,27927094449,2025-Q3,446,35907713.81,20540352.15,15367361.66,3724010.11,44737906.03,2,0,9876736.18,0.0,4938368.09,4196012.37,0,0,60,1,0,1,0,0,7,83,3.0,21.0,0
YUK IND S.A.,27927094449,2025-Q4,446,31321108.64,20949779.86,10371328.78,4955638.21,45658543.22,4,3,14118688.22,7987716.39,3529672.06,2662572.13,0,3,30,2,1,1,0,0,4,86,8.0,32.0,0
Lopez Gastronomía,30223242444,2022-Q1,172,72781845.59,41709154.2,31072691.39,11779980.71,98702207.37,5,3,33930367.38,21719120.15,6786073.48,7239706.72,3,0,60,1,1,0,0,0,58,32,7.0,406.0,0
Lopez Gastronomía,30223242444,2022-Q2,172,71326765.33,41308844.31,30017921.02,14932665.93,95969534.74,1,0,5796504.16,0.0,5796504.16,3687571.87,0,0,60,2,1,0,1,0,57,33,2.0,114.0,0
Lopez Gastronomía,30223242444,2022-Q3,172,68256049.58,44652263.14,23603786.44,13213095.26,91209123.79,5,3,25972941.05,12099249.12,5194588.21,4033083.04,0,3,60,2,1,0,1,0,22,68,4.0,88.0,0
Lopez Gastronomía,30223242444,2022-Q4,172,74314889.17,39412445.21,34902443.96,16151648.94,90466538.11,1,0,8101716.79,0.0,8101716.79,8386220.63,0,0,90,3,1,0,1,1,33,57,8.0,264.0,0
Lopez Gastronomía,30223242444,2023-Q1,172,74097541.45,46334203.95,27763337.5,13172366.97,93355985.66,5,3,36608584.78,18790614.95,7321716.96,6263538.32,1,2,30,3,0,1,1,1,80,10,3.0,240.0,0
Lopez Gastronomía,30223242444,2023-Q2,172,67712589.4,39406669.81,28305919.59,14786378.22,97258524.44,4,1,18201303.28,3370039.79,4550325.82,3370039.79,1,0,30,2,1,1,0,0,76,14,3.0,228.0,0
Lopez Gastronomía,30223242444,2023-Q3,172,67811927.25,44118044.81,23693882.44,13649694.9,85852485.17,4,3,11753671.02,5475007.58,2938417.75,1825002.53,1,2,60,3,1,1,0,1,48,42,9.0,432.0,0
Lopez Gastronomía,30223242444,2023-Q4,172,73948078.73,43577543.6,30370535.13,12250438.46,94574834.21,4,1,18731575.78,4157307.34,4682893.94,4157307.34,1,0,90,2,0,0,1,1,66,24,3.0,198.0,0
Lopez Gastronomía,30223242444,2024-Q1,172,70632585.93,42265004.28,28367581.65,15700514.93,95156004.92,1,0,2489503.26,0.0,2489503.26,2032376.94,0,0,90,2,0,1,0,1,1,89,9.0,9.0,0
Lopez Gastronomía,30223242444,2024-Q2,172,72208277.16,46318426.79,25889850.37,12332475.89,84540753.05,0,0,0.0,0.0,4406891.49,3073920.0,0,0,0,3,1,0,1,1,10,80,1.0,10.0,0
Lopez Gastronomía,30223242444,2024-Q3,172,74093906.02,44022395.46,30071510.56,16149684.88,90243590.9,5,4,35493796.86,23156810.48,7098759.37,5789202.62,1,3,90,2,1,0,1,0,28,62,3.0,84.0,1
Lopez Gastronomía,30223242444,2024-Q4,172,67612600.21,39179446.22,28433153.99,16397384.82,92963523.17,1,0,6951697.14,0.0,6951697.14,5179983.54,0,0,90,3,1,0,1,1,80,10,9.0,720.0,0
Lopez Gastronomía,30223242444,2025-Q1,172,66769947.48,38837716.39,27932231.09,14111900.82,83547861.32,1,0,5985596.23,0.0,5985596.23,3635646.38,0,0,90,4,1,1,1,1,37,53,10.0,370.0,0
Lopez Gastronomía,30223242444,2025-Q2,172,73853747.68,40055027.1,33798720.58,15897957.71,95800565.28,5,2,29188126.49,8653498.58,5837625.3,4326749.29,0,2,90,3,0,1,1,1,37,53,3.0,111.0,0
Lopez Gastronomía,30223242444,2025-Q3,172,68436450.1,42369019.52,26067430.58,14187611.02,97468349.73,2,1,10754307.02,4896133.93,5377153.51,4896133.93,1,0,60,3,1,0,1,1,71,19,3.0,213.0,0
Lopez Gastronomía,30223242444,2025-Q4,172,72487325.09,44795319.22,27692005.87,11404411.04,95199760.04,3,2,20204118.89,10978966.43,6734706.3,5489483.22,1,1,90,3,1,1,0,1,61,29,10.0,610.0,0
MIC COM S.A.,30237366332,2022-Q1,130,28042904.81,23036385.67,5006519.14,26391586.21,54434491.02,2,1,8058487.98,3576666.45,4029243.99,3576666.45,0,1,30,1,0,0,1,0,69,21,8.0,552.0,0
MIC COM S.A.,30237366332,2022-Q2,130,25670200.4,21288489.5,4381710.9,25998069.16,56238632.64,4,2,30456776.93,12553298.33,7614194.23,6276649.16,0,2,60,0,0,0,0,0,5,85,10.0,50.0,0
MIC COM S.A.,30237366332,2022-Q3,130,24990508.61,21474737.25,3515771.36,19830415.6,52120835.64,5,4,20578811.78,13571205.47,4115762.36,3392801.37,1,3,90,2,0,0,1,1,46,44,2.0,92.0,0
MIC COM S.A.,30237366332,2022-Q4,130,28946187.41,23099974.26,5846213.15,21382472.55,59205461.2,4,2,20877085.4,6448565.9,5219271.35,3224282.95,1,1,30,2,1,1,0,0,51,39,1.0,51.0,0
MIC COM S.A.,30237366332,2023-Q1,130,29481772.85,19613921.45,9867851.4,20556801.26,53288100.76,5,4,29899831.05,17099492.44,5979966.21,4274873.11,3,1,30,0,0,0,0,0,12,78,5.0,60.0,0
MIC COM S.A.,30237366332,2023-Q2,130,27263984.68,22234738.43,5029246.25,24509740.99,54606183.89,3,2,23021536.71,13294784.59,7673845.57,6647392.29,1,1,90,1,1,0,0,0,59,31,3.0,177.0,0
MIC COM S.A.,30237366332,2023-Q3,130,29027610.88,23428146.0,5599464.88,28170094.29,58089080.15,3,2,17145105.45,9595649.5,5715035.15,4797824.75,1,1,90,2,1,0,0,1,67,23,3.0,201.0,0
MIC COM S.A.,30237366332,2023-Q4,130,27680937.04,20366201.55,7314735.49,25630005.57,53875641.87,1,0,2712787.44,0.0,2712787.44,1959179.21,0,0,90,0,0,0,0,0,81,9,3.0,243.0,1
MIC COM S.A.,30237366332,2024-Q1,130,25476360.39,20441355.57,5035004.82,20556184.39,57122045.05,0,0,0.0,0.0,8838926.95,5783268.43,0,0,0,1,0,0,1,0,10,80,4.0,40.0,0
MIC COM S.A.,30237366332,2024-Q2,130,25461014.54,23498330.63,1962683.91,20228044.61,53625902.57,1,0,7600836.72,0.0,7600836.72,5575106.5,0,0,60,0,0,0,0,0,73,17,4.0,292.0,1
MIC COM S.A.,30237366332,2024-Q3,130,29867794.41,22026893.15,7840901.26,24583468.04,54451262.45,2,1,15023286.02,7815288.15,7511643.01,7815288.15,1,0,90,1,0,1,0,0,59,31,6.0,354.0,0
MIC COM S.A.,30237366332,2024-Q4,130,28723042.61,22678339.95,6044702.66,22708732.15,51431774.77,4,2,17019527.13,7778906.81,4254881.78,3889453.4,2,0,30,1,0,0,0,1,9,81,1.0,9.0,0
MIC COM S.A.,30237366332,2025-Q1,130,28492313.28,23515206.22,4977107.06,25406115.3,54861422.57,5,3,22320445.66,14455555.77,4464089.13,4818518.59,3,0,60,0,0,0,0,0,49,41,8.0,392.0,0
MIC COM S.A.,30237366332,2025-Q2,130,25594457.37,22916962.89,2677494.48,21462369.84,56941580.43,4,2,34008875.86,17385063.09,8502218.96,8692531.54,2,0,30,2,0,1,1,0,34,56,3.0,102.0,0
MIC COM S.A.,30237366332,2025-Q3,130,25602253.01,21143885.22,4458367.79,27521357.51,53123610.52,2,1,11449154.24,5134333.8,5724577.12,5134333.8,1,0,60,1,1,0,0,0,4,86,9.0,36.0,0
MIC COM S.A.,30237366332,2025-Q4,130,29736298.35,21667646.23,8068652.12,23560105.43,54053229.12,4,3,32794813.94,20368668.05,8198703.48,6789556.02,0,3,30,0,0,0,0,0,26,64,8.0,208.0,0
Gomez Comercial,30242685802,2022-Q1,395,68517102.87,54881092.96,13636009.91,24912600.45,113119498.82,1,0,6549447.3,0.0,6549447.3,3987218.21,0,0,90,2,0,1,1,0,44,46,7.0,308.0,0
Gomez Comercial,30242685802,2022-Q2,395,73366483.84,54811343.09,18555140.75,22809616.73,105559087.37,0,0,0.0,0.0,4435056.95,3974175.43,0,0,0,2,1,0,1,0,37,53,4.0,148.0,0
Gomez Comercial,30242685802,2022-Q3,395,62921628.71,50387079.5,12534549.21,28097594.28,100480426.82,0,0,0.0,0.0,6695617.36,4413450.26,0,0,0,3,0,1,1,1,39,51,2.0,78.0,0
Gomez Comercial,30242685802,2022-Q4,395,62422500.92,56066208.86,6356292.06,28491650.49,104661940.37,2,0,18380455.44,0.0,9190227.72,9590976.47,0,0,30,3,0,1,1,1,87,3,4.0,348.0,0
Gomez Comercial,30242685802,2023-Q1,395,69442701.84,50153972.33,19288729.51,25482762.82,99966768.55,2,1,7967940.25,3733187.55,3983970.13,3733187.55,0,1,60,2,0,0,1,1,68,22,3.0,204.0,0
Gomez Comercial,30242685802,2023-Q2,395,70672203.98,55798545.7,14873658.28,25050859.45,114334029.09,0,0,0.0,0.0,6055762.08,6033454.09,0,0,0,3,1,1,0,1,77,13,1.0,77.0,0
Gomez Comercial,30242685802,2023-Q3,395,66934339.09,51909300.31,15025038.78,25582951.25,103309256.03,5,3,36425748.5,15736908.09,7285149.7,5245636.03,2,1,90,2,0,1,0,1,18,72,7.0,126.0,0
Gomez Comercial,30242685802,2023-Q4,395,67265018.05,52266316.3,14998701.75,26301722.73,116971721.01,1,0,6541628.31,0.0,6541628.31,4127705.23,0,0,60,3,1,1,1,0,13,77,9.0,117.0,0
Gomez Comercial,30242685802,2024-Q1,395,64991911.46,52817932.4,12173979.06,30387445.14,102299316.1,0,0,0.0,0.0,9109138.9,6077808.64,0,0,0,1,0,0,1,0,47,43,2.0,94.0,1
Gomez Comercial,30242685802,2024-Q2,395,68838522.93,54811592.62,14026930.31,21335046.85,116630919.96,4,3,35390550.78,21686842.36,8847637.69,7228947.45,1,2,30,2,1,0,0,1,21,69,3.0,63.0,0
Gomez Comercial,30242685802,2024-Q3,395,67288925.75,58628669.09,8660256.66,28033968.22,116922239.57,0,0,0.0,0.0,5760025.66,4896532.01,0,0,0,4,1,1,1,1,41,49,10.0,410.0,0
Gomez Comercial,30242685802,2024-Q4,395,68477845.09,52160200.4,16317644.69,29535234.76,98102872.16,1,0,3194606.74,0.0,3194606.74,2812658.47,0,0,30,2,1,0,1,0,40,50,2.0,80.0,0
Gomez Comercial,30242685802,2025-Q1,395,60878196.72,56902010.6,3976186.12,23087659.61,105510110.59,2,1,24119353.56,8136603.34,12059676.78,8136603.34,0,1,30,1,1,0,0,0,31,59,1.0,31.0,0
Gomez Comercial,30242685802,2025-Q2,395,68883483.43,59795655.06,9087828.37,24785901.2,106893900.16,4,1,4000000.0,1000000.0,1000000.0,1000000.0,1,0,30,2,1,0,0,1,47,43,6.0,282.0,0
Gomez Comercial,30242685802,2025-Q3,395,65088067.52,51458369.96,13629697.56,27698932.84,109102245.97,0,0,0.0,0.0,4543952.01,4923277.9,0,0,0,2,0,1,0,1,67,23,1.0,67.0,0
Gomez Comercial,30242685802,2025-Q4,395,66926466.2,51039794.25,15886671.95,25871538.95,117935543.62,0,0,0.0,0.0,9678784.44,9801107.64,0,0,0,2,1,1,0,0,88,2,5.0,440.0,0
DCM TEC S.A.,30251160801,2022-Q1,146,82516565.52,73844902.92,8671662.6,40827807.96,123531211.23,5,4,21772979.77,18524007.02,4354595.95,4631001.75,1,3,90,2,0,1,1,0,19,71,4.0,76.0,0
DCM TEC S.A.,30251160801,2022-Q2,146,85330449.0,67632297.31,17698151.69,32656858.3,119158003.7,1,0,5607003.16,0.0,5607003.16,3560767.82,0,0,60,1,0,0,0,1,67,23,6.0,402.0,0
DCM TEC S.A.,30251160801,2022-Q3,146,78267616.93,68672744.6,9594872.33,35220141.2,125560379.13,0,0,0.0,0.0,9314752.24,7178779.39,0,0,0,3,1,1,1,0,43,47,7.0,301.0,0
DCM TEC S.A.,30251160801,2022-Q4,146,76456852.81,72364636.96,4092215.85,30538482.58,129839145.57,0,0,0.0,0.0,6180313.66,6639654.55,0,0,0,2,0,1,0,1,35,55,4.0,140.0,0
DCM TEC S.A.,30251160801,2023-Q1,146,74548416.64,73476326.44,1072090.2,27719834.54,122856809.11,5,3,35886401.52,17094817.79,7177280.3,5698272.6,3,0,90,2,1,0,0,1,74,16,6.0,444.0,0
DCM TEC S.A.,30251160801,2023-Q2,146,74620722.04,71033572.58,3587149.46,40539928.63,119190029.24,5,2,42865901.31,12228763.24,8573180.26,6114381.62,2,0,30,2,1,1,0,0,30,60,6.0,180.0,0
DCM TEC S.A.,30251160801,2023-Q3,146,80083356.34,73307667.51,6775688.83,32127566.38,123284621.58,2,1,10309756.07,3445168.2,5154878.03,3445168.2,0,1,30,3,1,1,0,1,36,54,6.0,216.0,0
DCM TEC S.A.,30251160801,2023-Q4,146,77236260.29,65912571.01,11323689.28,33556505.35,117539650.02,1,0,9131559.06,0.0,9131559.06,8105605.36,0,0,90,2,1,1,0,0,9,81,4.0,36.0,0
DCM TEC S.A.,30251160801,2024-Q1,146,84404801.05,65004109.27,19400691.78,29827488.01,125461021.02,4,1,8721896.75,2221231.04,2180474.19,2221231.04,1,0,30,3,1,1,0,1,10,80,1.0,10.0,0
DCM TEC S.A.,30251160801,2024-Q2,146,83057382.12,71466576.26,11590805.86,34443907.92,129371743.55,4,1,15103645.97,2402338.68,3775911.49,2402338.68,1,0,60,1,0,0,1,0,86,4,6.0,516.0,0
DCM TEC S.A.,30251160801,2024-Q3,146,74483171.77,73198070.65,1285101.12,39386319.33,114209245.03,5,4,28585973.29,19599094.38,5717194.66,4899773.6,3,1,60,1,1,0,0,0,10,80,3.0,30.0,0
DCM TEC S.A.,30251160801,2024-Q4,146,82088536.21,67008787.54,15079748.67,30236316.43,130353379.15,1,0,4190384.99,0.0,4190384.99,3321748.0,0,0,90,2,1,0,0,1,49,41,9.0,441.0,0
DCM TEC S.A.,30251160801,2025-Q1,146,85424748.35,70161481.76,15263266.59,35830791.21,121852213.88,3,2,32749461.63,18475749.79,10916487.21,9237874.89,2,0,60,2,1,1,0,0,6,84,5.0,30.0,0
DCM TEC S.A.,30251160801,2025-Q2,146,83578266.49,64693820.64,18884445.85,29542273.56,114111047.64,1,0,3895998.56,0.0,3895998.56,2415414.82,0,0,60,3,1,1,0,1,3,87,5.0,15.0,0
DCM TEC S.A.,30251160801,2025-Q3,146,86650444.29,66130304.54,20520139.75,36545278.86,123195723.15,3,2,14798882.85,8214428.09,4932960.95,4107214.05,2,0,90,4,1,1,1,1,23,67,3.0,69.0,0
DCM TEC S.A.,30251160801,2025-Q4,146,79107556.51,68547305.07,10560251.44,38554071.36,130151507.5,2,1,10289742.54,4043126.05,5144871.27,4043126.05,1,0,60,2,1,0,0,1,5,85,2.0,10.0,0
Correa Industria S.A.S.,30274266747,2022-Q1,17,101235557.76,71450610.69,29784947.07,12925160.74,118222796.55,3,1,16824578.55,5047456.12,5608192.85,5047456.12,1,0,30,3,1,1,1,0,33,57,2.0,66.0,0
Correa Industria S.A.S.,30274266747,2022-Q2,17,89484781.84,83470146.04,6014635.8,12911429.9,115615487.02,0,0,0.0,0.0,7369996.15,6292826.18,0,0,0,3,0,1,1,1,40,50,8.0,320.0,0
Correa Industria S.A.S.,30274266747,2022-Q3,17,95937308.34,79050249.67,16887058.67,14247150.52,110184458.86,5,4,26461479.79,22257472.61,5292295.96,5564368.15,2,2,90,2,1,0,0,1,54,36,9.0,486.0,0
Correa Industria S.A.S.,30274266747,2022-Q4,17,85465568.08,76014854.05,9450714.03,13820587.99,107073421.92,4,2,22458498.99,10301868.52,5614624.75,5150934.26,2,0,30,1,1,0,0,0,1,89,9.0,9.0,0
Correa Industria S.A.S.,30274266747,2023-Q1,17,85922878.1,72012690.35,13910187.75,11249438.48,120341714.86,5,3,18149259.57,11290507.8,3629851.91,3763502.6,3,0,60,3,1,1,0,1,60,30,3.0,180.0,0
Correa Industria S.A.S.,30274266747,2023-Q2,17,94467568.67,74056766.38,20410802.29,12815837.35,120617863.13,2,1,13016762.71,4682909.71,6508381.35,4682909.71,1,0,60,3,1,1,0,1,65,25,1.0,65.0,0
Correa Industria S.A.S.,30274266747,2023-Q3,17,98816682.73,74373997.78,24442684.95,15493654.47,114310337.2,2,1,9900485.97,3846746.14,4950242.98,3846746.14,1,0,30,2,0,0,1,1,63,27,5.0,315.0,0
Correa Industria S.A.S.,30274266747,2023-Q4,17,91343961.09,85379184.22,5964776.87,10939363.09,102283324.18,5,3,30045050.66,15810346.49,6009010.13,5270115.5,2,1,60,2,1,0,1,0,29,61,1.0,29.0,0
Correa Industria S.A.S.,30274266747,2024-Q1,17,97172375.12,79623971.98,17548403.14,12485197.49,109657572.61,5,4,25897770.06,13949444.25,5179554.01,3487361.06,3,1,30,2,1,0,0,1,37,53,9.0,333.0,0
Correa Industria S.A.S.,30274266747,2024-Q2,17,86638301.18,81429340.98,5208960.2,14026299.65,106766723.11,1,0,1000000.0,0.0,1000000.0,1000000.0,0,0,30,1,0,0,1,0,84,6,9.0,756.0,0
Correa Industria S.A.S.,30274266747,2024-Q3,17,86958275.72,74898390.31,12059885.41,13506785.68,105637012.33,2,1,9514412.91,4851782.69,4757206.46,4851782.69,0,1,30,1,0,0,0,1,53,37,10.0,530.0,0
Correa Industria S.A.S.,30274266747,2024-Q4,17,89509374.6,83756442.2,5752932.4,14767430.16,112843313.59,4,1,13739642.96,2090646.44,3434910.74,2090646.44,1,0,30,4,1,1,1,1,82,8,2.0,164.0,1
Correa Industria S.A.S.,30274266747,2025-Q1,17,85755208.02,74657639.44,11097568.58,11224299.45,111277918.57,5,3,35033173.64,22812026.15,7006634.73,7604008.72,0,3,60,0,0,0,0,0,86,4,2.0,172.0,0
Correa Industria S.A.S.,30274266747,2025-Q2,17,86066068.35,76200597.43,9865470.92,12380036.92,104157984.87,1,0,7307002.64,0.0,7307002.64,6340629.97,0,0,60,2,0,1,0,1,82,8,5.0,410.0,0
Correa Industria S.A.S.,30274266747,2025-Q3,17,95961796.53,71721274.49,24240522.04,15937710.05,111899506.57,2,1,17912127.18,8341177.16,8956063.59,8341177.16,1,0,60,1,0,0,0,1,46,44,10.0,460.0,0
Correa Industria S.A.S.,30274266747,2025-Q4,17,94545139.68,76239186.35,18305953.33,16079575.85,110624715.52,4,3,21429520.72,17521703.78,5357380.18,5840567.93,1,2,90,2,0,1,1,0,80,10,6.0,480.0,0
HIM CON S.A.,30294809169,2022-Q1,275,39238850.08,29229825.21,10009024.87,15034544.5,65544132.75,4,3,25818206.53,13458502.27,6454551.63,4486167.42,0,3,60,2,1,0,0,1,60,30,4.0,240.0,0
HIM CON S.A.,30294809169,2022-Q2,275,42230786.69,29634567.59,12596219.1,12535518.03,69838408.44,3,2,17421944.33,12156093.64,5807314.78,6078046.82,2,0,30,3,1,0,1,1,38,52,2.0,76.0,0
HIM CON S.A.,30294809169,2022-Q3,275,43059334.87,27646941.44,15412393.43,18200123.49,61259458.36,2,1,12965560.51,4271964.63,6482780.26,4271964.63,1,0,90,2,1,0,1,0,58,32,2.0,116.0,0
HIM CON S.A.,30294809169,2022-Q4,275,38929669.08,25422182.39,13507486.69,16566406.37,70319987.94,0,0,0.0,0.0,5283330.43,3814555.57,0,0,0,3,1,0,1,1,21,69,4.0,84.0,0
HIM CON S.A.,30294809169,2023-Q1,275,39049480.4,28552181.9,10497298.5,13019299.05,63280229.39,4,1,20446846.61,4294256.95,5111711.65,4294256.95,1,0,30,2,0,1,0,1,61,29,3.0,183.0,1
HIM CON S.A.,30294809169,2023-Q2,275,38933449.73,26136449.21,12797000.52,12893956.37,58501568.67,3,2,21201584.75,10282096.49,7067194.92,5141048.25,0,2,60,3,1,1,0,1,59,31,1.0,59.0,0
HIM CON S.A.,30294809169,2023-Q3,275,38134731.47,25335830.19,12798901.28,16602237.29,62246086.23,1,0,8060264.91,0.0,8060264.91,8211821.09,0,0,30,1,0,1,0,0,22,68,9.0,198.0,0
HIM CON S.A.,30294809169,2023-Q4,275,43284096.03,28914418.22,14369677.81,15370395.19,70342738.67,3,2,14189013.28,9903329.75,4729671.09,4951664.87,0,2,60,1,0,0,1,0,86,4,1.0,86.0,0
HIM CON S.A.,30294809169,2024-Q1,275,39510656.7,26889905.97,12620750.73,17876086.83,68442669.29,1,0,6645243.77,0.0,6645243.77,5311448.98,0,0,90,2,0,0,1,1,13,77,8.0,104.0,1
HIM CON S.A.,30294809169,2024-Q2,275,44001717.34,24992488.16,19009229.18,14668008.09,60960162.34,2,0,8969430.37,0.0,4484715.18,4304630.58,0,0,90,4,1,1,1,1,44,46,3.0,132.0,0
HIM CON S.A.,30294809169,2024-Q3,275,45793000.27,29135893.25,16657107.02,14034237.08,60239014.69,4,3,15826319.64,10941659.27,3956579.91,3647219.76,0,3,90,3,1,1,0,1,55,35,9.0,495.0,1
HIM CON S.A.,30294809169,2024-Q4,275,41840763.74,24772103.0,17068660.74,12808339.77,64964394.73,4,3,28300365.74,20163656.66,7075091.43,6721218.89,0,3,30,3,1,1,0,1,14,76,5.0,70.0,0
HIM CON S.A.,30294809169,2025-Q1,275,42510689.43,27664325.12,14846364.31,16800463.82,68385515.28,3,1,27743529.02,6807918.03,9247843.01,6807918.03,1,0,90,0,0,0,0,0,2,88,4.0,8.0,0
HIM CON S.A.,30294809169,2025-Q2,275,42689966.93,29874210.81,12815756.12,12756830.99,65904844.27,3,1,18582684.88,5824974.6,6194228.29,5824974.6,0,1,30,0,0,0,0,0,68,22,1.0,68.0,0
HIM CON S.A.,30294809169,2025-Q3,275,43663948.04,27415778.99,16248169.05,17305200.0,70638205.09,2,1,10928769.92,3686064.84,5464384.96,3686064.84,1,0,90,1,0,0,0,1,18,72,9.0,162.0,0
HIM CON S.A.,30294809169,2025-Q4,275,45429709.01,28746038.28,16683670.73,17290794.51,62720503.52,3,2,17028616.98,11686633.61,5676205.66,5843316.8,2,0,30,1,0,0,1,0,12,78,10.0,120.0,0
Silva Agricultura S.A.S.,30302515367,2022-Q1,460,57586480.44,57296652.55,289827.89,30363043.51,103506306.25,3,2,23353508.86,12845908.86,7784502.95,6422954.43,0,2,30,2,1,1,0,0,70,20,7.0,490.0,0
Silva Agricultura S.A.S.,30302515367,2022-Q2,460,60217189.16,49252915.12,10964274.04,36353623.12,113266674.98,4,3,33762300.2,20643868.46,8440575.05,6881289.49,3,0,30,0,0,0,0,0,35,55,2.0,70.0,1
Silva Agricultura S.A.S.,30302515367,2022-Q3,460,64085921.08,49358209.26,14727711.82,31550073.11,113915237.2,2,1,7313551.54,3579246.45,3656775.77,3579246.45,1,0,30,2,1,0,1,0,56,34,9.0,504.0,0
Silva Agricultura S.A.S.,30302515367,2022-Q4,460,56638909.02,56128891.58,510017.44,33807309.45,113667540.66,1,0,5342863.01,0.0,5342863.01,4920492.01,0,0,90,2,0,1,0,1,15,75,2.0,30.0,0
Silva Agricultura S.A.S.,30302515367,2023-Q1,460,56850607.95,51369696.67,5480911.28,35593742.78,98356544.76,5,3,24759487.73,10139914.26,4951897.55,3379971.42,2,1,60,2,0,0,1,1,73,17,5.0,365.0,0
Silva Agricultura S.A.S.,30302515367,2023-Q2,460,58841164.91,48130026.66,10711138.25,35345041.73,99710625.88,4,2,14630571.55,5322379.36,3657642.89,2661189.68,2,0,90,2,1,0,1,0,22,68,10.0,220.0,0
Silva Agricultura S.A.S.,30302515367,2023-Q3,460,63373404.04,57228574.87,6144829.17,34762963.34,118043104.72,3,2,5094572.59,3583798.73,1698190.86,1791899.36,0,2,30,2,0,0,1,1,85,5,9.0,765.0,0
Silva Agricultura S.A.S.,30302515367,2023-Q4,460,61157295.56,58203203.73,2954091.83,29117124.64,97025502.09,3,2,21326159.43,13596223.65,7108719.81,6798111.82,0,2,60,1,1,0,0,0,87,3,7.0,609.0,0
Silva Agricultura S.A.S.,30302515367,2024-Q1,460,59726380.14,54976522.88,4749857.26,36085909.04,97382931.12,0,0,0.0,0.0,4204392.51,3013689.22,0,0,0,2,0,1,1,0,78,12,8.0,624.0,0
Silva Agricultura S.A.S.,30302515367,2024-Q2,460,58927697.34,53560309.79,5367387.55,27381988.3,111960076.99,5,4,46783288.5,40481841.82,9356657.7,10120460.46,4,0,90,2,0,0,1,1,47,43,2.0,94.0,0
Silva Agricultura S.A.S.,30302515367,2024-Q3,460,63016458.99,54308329.62,8708129.37,26203454.16,100877750.55,2,1,10435459.0,4058109.42,5217729.5,4058109.42,1,0,60,1,1,0,0,0,5,85,2.0,10.0,0
Silva Agricultura S.A.S.,30302515367,2024-Q4,460,57113243.03,50766497.84,6346745.19,26031525.73,112253745.08,3,1,24149385.04,6382733.0,8049795.01,6382733.0,0,1,30,2,1,0,1,0,42,48,6.0,252.0,1
Silva Agricultura S.A.S.,30302515367,2025-Q1,460,64178962.64,52858009.78,11320952.86,34312026.85,117665483.62,3,2,24026737.91,13278497.3,8008912.64,6639248.65,0,2,30,1,0,0,1,0,77,13,2.0,154.0,0
Silva Agricultura S.A.S.,30302515367,2025-Q2,460,54166878.93,54066164.36,100714.57,31473603.36,101642233.03,3,2,9468832.93,5303247.6,3156277.64,2651623.8,2,0,30,2,0,1,0,1,36,54,8.0,288.0,0
Silva Agricultura S.A.S.,30302515367,2025-Q3,460,56200365.29,51978446.63,4221918.66,33894799.6,97971444.19,0,0,0.0,0.0,7078505.16,6788886.17,0,0,0,2,1,0,0,1,65,25,7.0,455.0,0
Silva Agricultura S.A.S.,30302515367,2025-Q4,460,63608550.08,56601760.23,7006789.85,25506406.24,98179675.18,5,2,45494199.54,13877219.02,9098839.91,6938609.51,2,0,60,2,1,0,0,1,80,10,10.0,800.0,0
Rodriguez Servicios S.A.,30345060525,2022-Q1,337,20705672.68,13662675.57,7042997.11,2787659.66,35044199.51,4,2,20431444.97,9808197.03,5107861.24,4904098.52,2,0,60,3,0,1,1,1,18,72,7.0,126.0,0
Rodriguez Servicios S.A.,30345060525,2022-Q2,337,21224505.98,12395493.87,8829012.11,3092512.35,35923994.6,5,3,20989659.71,11285772.39,4197931.94,3761924.13,3,0,30,3,1,1,1,0,20,70,1.0,20.0,0
Rodriguez Servicios S.A.,30345060525,2022-Q3,337,20112174.38,13325067.42,6787106.96,3896471.84,37323972.54,3,2,15385619.47,6887666.94,5128539.82,3443833.47,0,2,60,2,0,0,1,1,34,56,2.0,68.0,0
Rodriguez Servicios S.A.,30345060525,2022-Q4,337,19680919.98,12407769.69,7273150.29,3181144.18,37984303.41,5,4,20419883.99,10706723.22,4083976.8,2676680.81,1,3,90,1,1,0,0,0,55,35,10.0,550.0,0
Rodriguez Servicios S.A.,30345060525,2023-Q1,337,22377842.05,13529516.93,8848325.12,3472208.86,33668410.97,0,0,0.0,0.0,11207252.6,6914190.06,0,0,0,3,1,1,0,1,57,33,7.0,399.0,0
Rodriguez Servicios S.A.,30345060525,2023-Q2,337,18926431.21,14656163.57,4270267.64,3995722.5,35959833.84,4,2,19163211.07,6321217.22,4790802.77,3160608.61,1,1,30,1,0,0,1,0,9,81,8.0,72.0,0
Rodriguez Servicios S.A.,30345060525,2023-Q3,337,20985158.09,12702439.45,8282718.64,2942931.23,36180640.74,0,0,0.0,0.0,6032258.83,6370684.66,0,0,0,3,1,1,0,1,40,50,2.0,80.0,0
Rodriguez Servicios S.A.,30345060525,2023-Q4,337,21328793.39,13793540.38,7535253.01,3590512.84,37089418.44,3,2,12712569.32,8396507.28,4237523.11,4198253.64,0,2,30,2,0,1,1,0,34,56,4.0,136.0,0
Rodriguez Servicios S.A.,30345060525,2024-Q1,337,20116853.12,12795906.51,7320946.61,3438594.57,34836987.95,3,2,22595732.72,11252377.16,7531910.91,5626188.58,1,1,30,1,0,0,0,1,50,40,6.0,300.0,0
Rodriguez Servicios S.A.,30345060525,2024-Q2,337,19890334.21,13989189.99,5901144.22,2754962.85,34030318.9,1,0,8435450.37,0.0,8435450.37,7922197.96,0,0,60,3,0,1,1,1,11,79,8.0,88.0,0
Rodriguez Servicios S.A.,30345060525,2024-Q3,337,18876252.31,12392149.28,6484103.03,3611985.15,39269265.93,2,1,12043931.57,6102584.33,6021965.79,6102584.33,0,1,60,3,1,0,1,1,50,40,2.0,100.0,0
Rodriguez Servicios S.A.,30345060525,2024-Q4,337,22554564.45,12192971.81,10361592.64,3858503.62,32703744.59,5,2,26285822.64,8066378.9,5257164.53,4033189.45,1,1,30,0,0,0,0,0,19,71,2.0,38.0,0
Rodriguez Servicios S.A.,30345060525,2025-Q1,337,22417180.38,13880880.61,8536299.77,2890150.87,34266141.65,4,1,28915520.98,7743954.66,7228880.25,7743954.66,1,0,60,3,0,1,1,1,86,4,5.0,430.0,0
Rodriguez Servicios S.A.,30345060525,2025-Q2,337,18836050.74,12511237.17,6324813.57,3556482.77,33817120.05,2,1,11567066.65,5839226.97,5783533.32,5839226.97,0,1,60,1,0,1,0,0,48,42,5.0,240.0,0
Rodriguez Servicios S.A.,30345060525,2025-Q3,337,19525636.6,14442086.29,5083550.31,3840638.03,38601822.81,2,1,18729534.34,9982019.07,9364767.17,9982019.07,1,0,90,2,0,1,1,0,52,38,2.0,104.0,0
Rodriguez Servicios S.A.,30345060525,2025-Q4,337,19707830.65,12344940.44,7362890.21,3396447.91,38499011.38,2,1,8736693.41,3635341.68,4368346.7,3635341.68,1,0,60,1,0,1,0,0,56,34,3.0,168.0,0
Godoy Servicios S.R.L.,30345589763,2022-Q1,313,66562229.7,48922101.69,17640128.01,22866678.16,108588898.1,1,0,8358505.47,0.0,8358505.47,5739020.47,0,0,90,1,0,0,1,0,84,6,3.0,252.0,0
Godoy Servicios S.R.L.,30345589763,2022-Q2,313,59823326.46,42943146.81,16880179.65,29997858.27,98325643.61,3,2,16130529.44,10174447.11,5376843.15,5087223.56,2,0,30,2,1,0,1,0,49,41,6.0,294.0,0
Godoy Servicios S.R.L.,30345589763,2022-Q3,313,56170089.09,48494883.26,7675205.83,22630992.76,90423832.18,2,1,10081266.58,4741116.84,5040633.29,4741116.84,0,1,60,2,0,0,1,1,38,52,4.0,152.0,0
Godoy Servicios S.R.L.,30345589763,2022-Q4,313,65399121.16,49774057.73,15625063.43,31475455.0,108069236.16,3,2,8195467.95,3821840.53,2731822.65,1910920.26,2,0,60,2,0,1,0,1,58,32,4.0,232.0,1
Godoy Servicios S.R.L.,30345589763,2023-Q1,313,60314717.25,43577580.34,16737136.91,26076193.8,101342728.14,3,2,18977924.85,10406892.25,6325974.95,5203446.13,1,1,30,2,0,1,1,0,3,87,4.0,12.0,0
Godoy Servicios S.R.L.,30345589763,2023-Q2,313,63080537.89,44108738.8,18971799.09,26494521.96,92341990.67,0,0,0.0,0.0,5429069.62,5090252.38,0,0,0,3,1,1,0,1,29,61,8.0,232.0,0
Godoy Servicios S.R.L.,30345589763,2023-Q3,313,56043358.22,43845740.72,12197617.5,26513359.9,97247088.29,5,2,21814943.02,5268281.9,4362988.6,2634140.95,1,1,60,2,0,1,0,1,72,18,2.0,144.0,0
Godoy Servicios S.R.L.,30345589763,2023-Q4,313,64238929.71,50287573.88,13951355.83,22513020.04,95661604.33,5,2,24757241.2,9930472.97,4951448.24,4965236.49,1,1,30,3,1,1,0,1,23,67,4.0,92.0,0
Godoy Servicios S.R.L.,30345589763,2024-Q1,313,55502274.42,49779500.61,5722773.81,30131139.99,93614556.31,5,2,18553135.16,6855642.98,3710627.03,3427821.49,1,1,30,1,1,0,0,0,25,65,7.0,175.0,0
Godoy Servicios S.R.L.,30345589763,2024-Q2,313,60870448.69,44811085.08,16059363.61,24394257.66,105379744.94,4,3,10607401.05,7996676.74,2651850.26,2665558.91,1,2,30,2,1,0,0,1,63,27,2.0,126.0,0
Godoy Servicios S.R.L.,30345589763,2024-Q3,313,67184993.4,48039638.34,19145355.06,22865617.72,99304007.47,4,2,44390250.29,22547984.96,11097562.57,11273992.48,0,2,60,2,1,0,0,1,65,25,2.0,130.0,0
Godoy Servicios S.R.L.,30345589763,2024-Q4,313,59924798.1,45618640.26,14306157.84,33045431.95,105880317.21,2,1,14758346.63,6089860.43,7379173.31,6089860.43,0,1,60,3,1,0,1,1,28,62,5.0,140.0,0
Godoy Servicios S.R.L.,30345589763,2025-Q1,313,62481921.51,50087703.73,12394217.78,30693092.4,94377507.01,2,1,11093316.64,3441307.41,5546658.32,3441307.41,1,0,30,2,1,0,1,0,57,33,10.0,570.0,0
Godoy Servicios S.R.L.,30345589763,2025-Q2,313,57332471.42,51280219.93,6052251.49,31535372.02,109631533.5,2,1,16004400.37,6290097.11,8002200.18,6290097.11,0,1,30,1,0,0,1,0,70,20,4.0,280.0,0
Godoy Servicios S.R.L.,30345589763,2025-Q3,313,66716062.04,48834376.63,17881685.41,30550126.01,97266188.05,3,1,11522786.88,3062782.81,3840928.96,3062782.81,1,0,60,4,1,1,1,1,12,78,10.0,120.0,0
Godoy Servicios S.R.L.,30345589763,2025-Q4,313,59800778.11,43516217.14,16284560.97,29320054.21,105664241.36,1,0,7038778.16,0.0,7038778.16,6027230.14,0,0,60,2,0,1,0,1,3,87,5.0,15.0,0
OKY SER S.A.,30378520807,2022-Q1,129,62698238.91,46072803.14,16625435.77,25241375.68,102687482.25,5,3,39431091.03,17867066.54,7886218.21,5955688.85,0,3,30,0,0,0,0,0,67,23,9.0,603.0,0
OKY SER S.A.,30378520807,2022-Q2,129,64937366.25,47776331.68,17161034.57,18439072.33,96161977.91,2,1,13192599.26,4199750.44,6596299.63,4199750.44,1,0,90,3,1,0,1,1,31,59,10.0,310.0,0
OKY SER S.A.,30378520807,2022-Q3,129,59220380.35,42423143.46,16797236.89,25617637.64,95489164.86,3,1,8165705.93,2776378.86,2721901.98,2776378.86,1,0,30,3,0,1,1,1,60,30,7.0,420.0,0
OKY SER S.A.,30378520807,2022-Q4,129,67440934.27,47256436.5,20184497.77,17290801.9,109461272.03,3,1,27561280.75,7232213.01,9187093.58,7232213.01,1,0,30,1,0,0,0,1,62,28,4.0,248.0,0
OKY SER S.A.,30378520807,2023-Q1,129,59378643.64,48004708.78,11373934.86,23433730.92,100699509.54,2,1,11597372.72,4408590.64,5798686.36,4408590.64,1,0,30,3,0,1,1,1,45,45,4.0,180.0,0
OKY SER S.A.,30378520807,2023-Q2,129,66291960.58,47577553.98,18714406.6,23492400.05,100296607.65,5,3,12185738.86,6441975.78,2437147.77,2147325.26,0,3,30,2,1,0,1,0,29,61,5.0,145.0,0
OKY SER S.A.,30378520807,2023-Q3,129,60949295.73,45402140.65,15547155.08,18596598.75,93782622.78,0,0,0.0,0.0,6864236.84,7484916.55,0,0,0,2,0,0,1,1,69,21,6.0,414.0,0
OKY SER S.A.,30378520807,2023-Q4,129,62406997.77,45171591.32,17235406.45,19193528.65,95070663.98,3,2,18301466.39,10818009.28,6100488.8,5409004.64,2,0,30,2,0,1,1,0,15,75,5.0,75.0,0
OKY SER S.A.,30378520807,2024-Q1,129,68565844.12,46309324.16,22256519.96,24443520.28,98397924.49,2,1,15291396.39,7896238.94,7645698.2,7896238.94,0,1,60,1,0,0,1,0,31,59,8.0,248.0,0
OKY SER S.A.,30378520807,2024-Q2,129,61859633.92,50248047.01,11611586.91,18840249.81,104910219.59,1,0,4206079.71,0.0,4206079.71,4614188.13,0,0,30,1,0,0,0,1,72,18,4.0,288.0,0
OKY SER S.A.,30378520807,2024-Q3,129,68938539.23,48846181.25,20092357.98,19901469.31,94289080.99,5,2,39488973.05,9823657.64,7897794.61,4911828.82,1,1,90,2,1,0,1,0,22,68,8.0,176.0,0
OKY SER S.A.,30378520807,2024-Q4,129,64120343.07,42760184.03,21360159.04,23642886.43,107429258.32,4,3,25298958.88,12909395.51,6324739.72,4303131.84,2,1,60,2,1,0,0,1,7,83,2.0,14.0,0
OKY SER S.A.,30378520807,2025-Q1,129,67979446.98,45484905.84,22494541.14,23531509.28,99281327.15,5,3,35721697.67,22338665.59,7144339.53,7446221.86,0,3,90,2,0,1,1,0,53,37,8.0,424.0,1
OKY SER S.A.,30378520807,2025-Q2,129,58607145.87,47441919.24,11165226.63,18499324.47,110438016.54,0,0,0.0,0.0,11522023.49,8415524.96,0,0,0,1,0,1,0,0,87,3,5.0,435.0,0
OKY SER S.A.,30378520807,2025-Q3,129,58191193.88,43967172.11,14224021.77,21069403.35,100851201.42,4,1,30537019.95,6118340.38,7634254.99,6118340.38,1,0,90,2,0,1,0,1,56,34,9.0,504.0,0
OKY SER S.A.,30378520807,2025-Q4,129,63735889.21,46526630.56,17209258.65,19571969.85,104674178.36,3,1,35371275.38,9345754.08,11790425.13,9345754.08,0,1,90,3,0,1,1,1,22,68,9.0,198.0,0
MVU COM SRL,30436222986,2022-Q1,21,59222126.73,37800567.08,21421559.65,4655504.03,76498351.6,5,2,17195869.87,5999523.21,3439173.97,2999761.6,2,0,30,3,1,1,1,0,35,55,1.0,35.0,0
MVU COM SRL,30436222986,2022-Q2,21,61492188.14,40982402.04,20509786.1,4028982.75,82426651.65,2,1,18497754.73,10112948.66,9248877.37,10112948.66,1,0,60,2,1,0,1,0,30,60,3.0,90.0,0
MVU COM SRL,30436222986,2022-Q3,21,59938063.08,39398307.49,20539755.59,3661231.99,84519204.69,4,2,33120176.9,10830067.8,8280044.22,5415033.9,1,1,90,0,0,0,0,0,7,83,6.0,42.0,0
MVU COM SRL,30436222986,2022-Q4,21,54574930.97,39095943.04,15478987.93,3520172.3,72561182.4,1,0,4835906.64,0.0,4835906.64,5153344.67,0,0,90,2,0,1,1,0,56,34,9.0,504.0,0
MVU COM SRL,30436222986,2023-Q1,21,55805511.13,42075037.0,13730474.13,4919318.31,82756453.48,5,3,44018656.28,16812300.75,8803731.26,5604100.25,0,3,60,1,0,1,0,0,6,84,2.0,12.0,0
MVU COM SRL,30436222986,2023-Q2,21,57908329.71,38228419.41,19679910.3,3364942.79,79425809.1,5,3,20692234.55,13293483.09,4138446.91,4431161.03,1,2,30,2,1,1,0,0,54,36,6.0,324.0,0
MVU COM SRL,30436222986,2023-Q3,21,64519430.98,36739550.24,27779880.74,4361021.64,80911506.07,0,0,0.0,0.0,6914878.03,4989772.12,0,0,0,2,1,1,0,0,21,69,1.0,21.0,0
MVU COM SRL,30436222986,2023-Q4,21,63254012.09,44274927.06,18979085.03,4049703.73,77251339.0,5,3,36759848.14,21270289.79,7351969.63,7090096.6,1,2,60,2,0,1,1,0,33,57,1.0,33.0,0
MVU COM SRL,30436222986,2024-Q1,21,62859907.0,40234825.87,22625081.13,4586272.64,76664717.12,4,2,17703233.11,8770914.63,4425808.28,4385457.32,0,2,30,2,1,0,1,0,20,70,4.0,80.0,0
MVU COM SRL,30436222986,2024-Q2,21,63193700.64,39195849.66,23997850.98,4560049.82,84000629.89,2,1,12038038.94,4861211.49,6019019.47,4861211.49,0,1,60,2,0,1,0,1,9,81,10.0,90.0,0
MVU COM SRL,30436222986,2024-Q3,21,61083543.51,43901648.02,17181895.49,4215892.42,80405022.57,0,0,0.0,0.0,6781861.1,5375650.85,0,0,0,3,1,1,1,0,75,15,10.0,750.0,0
MVU COM SRL,30436222986,2024-Q4,21,62228008.95,40800035.81,21427973.14,3528740.92,80801724.09,2,1,10917675.6,3592810.38,5458837.8,3592810.38,1,0,60,0,0,0,0,0,84,6,1.0,84.0,0
MVU COM SRL,30436222986,2025-Q1,21,62984700.33,36322978.03,26661722.3,3627131.4,82308887.5,1,0,5552923.52,0.0,5552923.52,6008032.46,0,0,30,1,1,0,0,0,14,76,8.0,112.0,0
MVU COM SRL,30436222986,2025-Q2,21,59309818.66,41573031.3,17736787.36,4832285.19,83322557.94,4,2,24983396.94,7709706.41,6245849.24,3854853.21,1,1,60,2,1,0,0,1,6,84,1.0,6.0,0
MVU COM SRL,30436222986,2025-Q3,21,57954109.32,41336244.19,16617865.13,3628263.05,75300529.27,0,0,0.0,0.0,9970812.72,6797332.45,0,0,0,2,1,0,0,1,43,47,3.0,129.0,0
MVU COM SRL,30436222986,2025-Q4,21,60558159.1,39115540.67,21442618.43,3711915.59,85582146.49,0,0,0.0,0.0,4085669.31,2786425.91,0,0,0,1,0,1,0,0,62,28,2.0,124.0,0
Gonzalez Gastronomía,30556297491,2022-Q1,209,49087626.48,37688559.12,11399067.36,14308889.85,63396516.33,2,1,12802276.55,6304456.06,6401138.28,6304456.06,0,1,60,0,0,0,0,0,29,61,4.0,116.0,0
Gonzalez Gastronomía,30556297491,2022-Q2,209,43955989.61,36298714.57,7657275.04,13089433.89,62194514.4,5,4,13329270.87,9132271.84,2665854.17,2283067.96,1,3,30,3,1,1,1,0,47,43,7.0,329.0,0
Gonzalez Gastronomía,30556297491,2022-Q3,209,48801656.99,33524954.48,15276702.51,11354781.91,63359259.42,3,1,13078833.32,3100435.92,4359611.11,3100435.92,1,0,60,3,0,1,1,1,83,7,4.0,332.0,0
Gonzalez Gastronomía,30556297491,2022-Q4,209,42723995.51,34791498.86,7932496.65,15020309.26,67874187.96,1,0,3862835.85,0.0,3862835.85,4043179.7,0,0,60,3,0,1,1,1,62,28,7.0,434.0,0
Gonzalez Gastronomía,30556297491,2023-Q1,209,43198708.36,37368851.87,5829856.49,12714529.74,59294209.18,3,2,33940856.95,20635601.19,11313618.98,10317800.59,1,1,60,3,1,1,1,0,73,17,2.0,146.0,0
Gonzalez Gastronomía,30556297491,2023-Q2,209,49097562.65,35689501.15,13408061.5,13298053.55,62395616.21,0,0,0.0,0.0,5098086.35,3114871.31,0,0,0,3,1,0,1,1,14,76,10.0,140.0,0
Gonzalez Gastronomía,30556297491,2023-Q3,209,44252239.97,34826358.25,9425881.72,11830333.67,67186175.24,1,0,8309464.21,0.0,8309464.21,7760197.14,0,0,90,0,0,0,0,0,75,15,7.0,525.0,0
Gonzalez Gastronomía,30556297491,2023-Q4,209,46099870.85,34944767.26,11155103.59,14246614.96,62912078.43,5,2,39152683.87,11494968.59,7830536.77,5747484.3,2,0,60,1,1,0,0,0,13,77,9.0,117.0,0
Gonzalez Gastronomía,30556297491,2024-Q1,209,42982435.84,33482849.9,9499585.94,14813586.76,66799831.22,5,4,25259152.18,17378794.93,5051830.44,4344698.73,0,4,30,2,1,0,1,0,52,38,7.0,364.0,0
Gonzalez Gastronomía,30556297491,2024-Q2,209,49921406.91,34590179.46,15331227.45,14914879.19,64836286.1,2,0,12860416.94,0.0,6430208.47,4026282.27,0,0,30,2,0,0,1,1,47,43,4.0,188.0,0
Gonzalez Gastronomía,30556297491,2024-Q3,209,47134117.81,33423655.14,13710462.67,14018022.38,62113280.55,3,2,25661841.96,10978926.19,8553947.32,5489463.09,2,0,90,4,1,1,1,1,75,15,5.0,375.0,0
Gonzalez Gastronomía,30556297491,2024-Q4,209,42653064.38,37197416.24,5455648.14,11902571.18,65226034.79,5,2,21313884.1,6253102.74,4262776.82,3126551.37,0,2,90,3,1,0,1,1,60,30,4.0,240.0,0
Gonzalez Gastronomía,30556297491,2025-Q1,209,43805399.48,35357799.15,8447600.33,13138285.61,63994449.02,0,0,0.0,0.0,7228535.94,5786808.99,0,0,0,2,1,0,0,1,46,44,4.0,184.0,0
Rios Construcción S.A.,23434907675,2025-Q3,261,67223452.13,51617934.01,15605518.12,24432963.69,91656415.82,5,4,34740416.67,18715933.95,6948083.33,4678983.49,2,2,60,1,0,0,1,0,17,73,6.0,102.0,0
Rios Construcción S.A.,23434907675,2025-Q4,261,57842849.07,46562589.3,11280259.77,24396507.75,87905713.15,5,2,17724509.82,6003218.92,3544901.96,3001609.46,0,2,30,2,1,0,0,1,79,11,2.0,158.0,0
Sanchez Industrial,23438905278,2022-Q1,386,43317604.23,28504403.26,14813200.97,13585225.96,65767740.56,1,0,9062317.04,0.0,9062317.04,7520837.01,0,0,90,1,0,0,0,1,90,0,8.0,720.0,1
Sanchez Industrial,23438905278,2022-Q2,386,45248406.05,26515775.36,18732630.69,13390627.44,70669949.84,3,1,13741612.08,4500528.17,4580537.36,4500528.17,1,0,60,3,0,1,1,1,83,7,4.0,332.0,1
Sanchez Industrial,23438905278,2022-Q3,386,40045221.05,25264240.64,14780980.41,12827234.27,71456627.19,2,1,13050037.59,4607168.5,6525018.8,4607168.5,0,1,30,2,1,1,0,0,88,2,2.0,176.0,0
Sanchez Industrial,23438905278,2022-Q4,386,43325887.9,27439485.83,15886402.07,17544129.43,74265289.76,0,0,0.0,0.0,1920078.66,1799497.48,0,0,0,1,1,0,0,0,85,5,2.0,170.0,0
Sanchez Industrial,23438905278,2023-Q1,386,42426780.19,27419171.85,15007608.34,14729320.48,72491343.24,5,4,39498704.09,30507732.7,7899740.82,7626933.17,1,3,30,1,0,0,1,0,56,34,4.0,224.0,0
Sanchez Industrial,23438905278,2023-Q2,386,47262174.5,26433180.4,20828994.1,17938642.69,77057941.8,5,4,16511066.76,11308815.74,3302213.35,2827203.93,1,3,90,1,0,0,0,1,76,14,6.0,456.0,0
Sanchez Industrial,23438905278,2023-Q3,386,45449885.08,26801640.47,18648244.61,14487564.56,66609182.76,2,1,18813057.16,5799920.31,9406528.58,5799920.31,0,1,90,1,0,0,0,1,30,60,8.0,240.0,0
Sanchez Industrial,23438905278,2023-Q4,386,45507195.36,29231583.48,16275611.88,13040157.27,68966935.96,1,0,2520111.78,0.0,2520111.78,1532717.23,0,0,30,2,1,0,0,1,19,71,5.0,95.0,0
Sanchez Industrial,23438905278,2024-Q1,386,46311065.36,26200611.4,20110453.96,14030186.87,72221698.17,3,1,23666992.56,5593609.87,7888997.52,5593609.87,1,0,30,4,1,1,1,1,48,42,1.0,48.0,0
Sanchez Industrial,23438905278,2024-Q2,386,43925330.91,29365915.16,14559415.75,13967751.67,74973790.96,2,1,11971893.77,4473687.73,5985946.89,4473687.73,0,1,60,1,1,0,0,0,88,2,10.0,880.0,0
Sanchez Industrial,23438905278,2024-Q3,386,43260616.95,24932306.85,18328310.1,13905184.54,78016699.29,4,1,20870619.91,3406100.59,5217654.98,3406100.59,0,1,30,0,0,0,0,0,31,59,6.0,186.0,0
Sanchez Industrial,23438905278,2024-Q4,386,39360583.03,24228499.12,15132083.91,13411902.18,75157750.0,2,1,16319342.32,7929990.97,8159671.16,7929990.97,0,1,30,2,1,1,0,0,62,28,2.0,124.0,1
Sanchez Industrial,23438905278,2025-Q1,386,39879823.86,29319074.88,10560748.98,15822680.52,75956379.46,0,0,0.0,0.0,7664456.64,6160751.09,0,0,0,1,0,0,1,0,67,23,9.0,603.0,0
Sanchez Industrial,23438905278,2025-Q2,386,46977307.46,28297908.31,18679399.15,14787631.15,76751834.27,3,2,21408631.72,9952972.84,7136210.57,4976486.42,1,1,60,3,1,0,1,1,29,61,9.0,261.0,0
Sanchez Industrial,23438905278,2025-Q3,386,39650512.71,28133414.06,11517098.65,15563808.86,72469590.1,1,0,4243663.18,0.0,4243663.18,4486873.86,0,0,90,1,0,1,0,0,52,38,10.0,520.0,1
Sanchez Industrial,23438905278,2025-Q4,386,39465583.18,27952236.97,11513346.21,13936975.79,70009525.53,1,0,6901225.05,0.0,6901225.05,5792841.42,0,0,60,3,0,1,1,1,78,12,9.0,702.0,0
Guzman Agropecuaria,23451360590,2022-Q1,91,42640065.84,39176338.04,3463727.8,9999081.38,63009695.69,1,0,6898518.75,0.0,6898518.75,6748213.96,0,0,30,2,1,0,1,0,61,29,9.0,549.0,0
Guzman Agropecuaria,23451360590,2022-Q2,91,45090394.72,37156829.7,7933565.02,14200046.74,64655569.98,1,0,4165362.14,0.0,4165362.14,4261283.27,0,0,30,3,1,1,0,1,1,89,8.0,8.0,0
Guzman Agropecuaria,23451360590,2022-Q3,91,42879086.2,38869742.92,4009343.28,10337376.99,65145605.17,2,1,13310754.82,5119984.12,6655377.41,5119984.12,0,1,90,3,1,1,0,1,24,66,7.0,168.0,0
Guzman Agropecuaria,23451360590,2022-Q4,91,43836402.34,36985179.86,6851222.48,14069531.25,69800371.33,0,0,0.0,0.0,6117272.6,4018381.11,0,0,0,3,0,1,1,1,73,17,4.0,292.0,0
Guzman Agropecuaria,23451360590,2023-Q1,91,43712972.04,37580274.91,6132697.13,13920112.88,69053587.09,3,1,16044960.02,5584063.59,5348320.01,5584063.59,1,0,60,3,1,1,0,1,84,6,2.0,168.0,0
Guzman Agropecuaria,23451360590,2023-Q2,91,44240361.39,38090065.51,6150295.88,12925345.81,59669832.95,4,2,28464732.42,13950073.52,7116183.11,6975036.76,1,1,60,2,1,1,0,0,29,61,4.0,116.0,0
Guzman Agropecuaria,23451360590,2023-Q3,91,43931050.84,35204863.82,8726187.02,12980591.08,61261446.5,4,3,43240875.74,30999983.71,10810218.93,10333327.9,2,1,60,2,1,1,0,0,82,8,7.0,574.0,0
Guzman Agropecuaria,23451360590,2023-Q4,91,42728704.7,38296030.28,4432674.42,9964155.17,64055887.81,0,0,0.0,0.0,9595399.68,7985048.13,0,0,0,3,1,1,0,1,59,31,10.0,590.0,0
Guzman Agropecuaria,23451360590,2024-Q1,91,47293163.0,33112110.99,14181052.01,12453939.9,59747102.91,2,1,10230292.77,3767167.29,5115146.39,3767167.29,1,0,60,1,0,0,0,1,12,78,6.0,72.0,0
Guzman Agropecuaria,23451360590,2024-Q2,91,44266977.42,39004533.38,5262444.04,10754996.52,60773234.43,0,0,0.0,0.0,4445272.88,4434538.0,0,0,0,3,1,1,1,0,38,52,8.0,304.0,1
Guzman Agropecuaria,23451360590,2024-Q3,91,41499957.89,38380063.41,3119894.48,11872846.16,65782233.57,3,2,21096411.23,10979093.71,7032137.08,5489546.86,1,1,30,2,0,1,0,1,17,73,2.0,34.0,0
Guzman Agropecuaria,23451360590,2024-Q4,91,47589351.07,33120913.18,14468437.89,14671552.98,69362384.8,5,3,27677362.42,12615056.42,5535472.48,4205018.81,0,3,90,2,1,0,0,1,32,58,3.0,96.0,0
Guzman Agropecuaria,23451360590,2025-Q1,91,45794222.07,35541353.97,10252868.1,12340866.34,61036693.74,0,0,0.0,0.0,6844383.3,4477510.86,0,0,0,2,0,0,1,1,30,60,7.0,210.0,0
Guzman Agropecuaria,23451360590,2025-Q2,91,46709820.31,33269769.46,13440050.85,14240404.54,61988366.89,3,2,8885650.35,4914366.27,2961883.45,2457183.14,0,2,30,3,1,1,1,0,73,17,7.0,511.0,0
Guzman Agropecuaria,23451360590,2025-Q3,91,39661793.18,38848395.63,813397.55,10932897.63,60786958.06,5,2,24036721.47,7224340.15,4807344.29,3612170.07,0,2,30,4,1,1,1,1,48,42,6.0,288.0,1
Guzman Agropecuaria,23451360590,2025-Q4,91,40631571.17,37171726.27,3459844.9,10326729.82,63315616.75,5,4,43913453.98,32811879.24,8782690.8,8202969.81,3,1,30,3,1,1,0,1,59,31,4.0,236.0,0
Rojas Industria S.A.,23459771042,2022-Q1,330,57450879.55,40302779.7,17148099.85,13628473.17,83787235.93,2,1,2000000.0,1000000.0,1000000.0,1000000.0,1,0,30,0,0,0,0,0,5,85,10.0,50.0,0
Rojas Industria S.A.,23459771042,2022-Q2,330,56041412.71,41620586.1,14420826.61,13232914.61,83347079.92,1,0,7657590.76,0.0,7657590.76,6946680.14,0,0,30,2,1,0,0,1,63,27,10.0,630.0,0
Rojas Industria S.A.,23459771042,2022-Q3,330,56010031.95,39635214.45,16374817.5,14424369.5,87754243.59,0,0,0.0,0.0,11916669.34,7429363.02,0,0,0,3,1,1,1,0,27,63,7.0,189.0,0
Rojas Industria S.A.,23459771042,2022-Q4,330,61576509.76,35497444.49,26079065.27,15768671.92,94534388.41,5,4,18250599.11,8809361.37,3650119.82,2202340.34,0,4,30,2,1,1,0,0,24,66,4.0,96.0,0
Rojas Industria S.A.,23459771042,2023-Q1,330,60947536.51,35375739.79,25571796.72,12319243.28,91958257.34,0,0,0.0,0.0,5764369.39,3740422.17,0,0,0,2,1,1,0,0,90,0,5.0,450.0,0
Rojas Industria S.A.,23459771042,2023-Q2,330,60642252.91,36782812.64,23859440.27,12073258.43,94725775.05,1,0,3612758.88,0.0,3612758.88,3269610.17,0,0,60,2,1,1,0,0,6,84,6.0,36.0,0
Rojas Industria S.A.,23459771042,2023-Q3,330,59678257.84,38651567.34,21026690.5,16169531.09,89013798.04,0,0,0.0,0.0,4416680.59,3109950.15,0,0,0,2,0,0,1,1,65,25,2.0,130.0,0
Rojas Industria S.A.,23459771042,2023-Q4,330,60010227.19,38334382.71,21675844.48,11404389.9,81235150.42,5,2,52219922.89,15932032.63,10443984.58,7966016.32,0,2,30,3,1,1,1,0,88,2,2.0,176.0,0
Rojas Industria S.A.,23459771042,2024-Q1,330,59819259.66,34276051.67,25543207.99,14851198.08,80079875.23,3,1,23472158.0,5321129.14,7824052.67,5321129.14,0,1,60,0,0,0,0,0,32,58,6.0,192.0,0
Rojas Industria S.A.,23459771042,2024-Q2,330,57083285.17,38214637.57,18868647.6,11729660.65,91584687.28,5,2,35479440.33,9643092.29,7095888.07,4821546.15,1,1,60,3,1,1,0,1,68,22,3.0,204.0,0
Rojas Industria S.A.,23459771042,2024-Q3,330,63957242.82,35404894.25,28552348.57,14591932.02,82545680.94,1,0,6478269.72,0.0,6478269.72,4655948.63,0,0,60,3,1,1,0,1,18,72,7.0,126.0,0
Rojas Industria S.A.,23459771042,2024-Q4,330,61605850.11,39349069.74,22256780.37,11150425.39,93877196.32,4,2,27011641.27,13222169.0,6752910.32,6611084.5,1,1,60,3,1,1,1,0,76,14,1.0,76.0,0
Rojas Industria S.A.,23459771042,2025-Q1,330,63777797.8,38383027.89,25394769.91,14353954.1,89097082.49,2,1,11988776.59,6173363.39,5994388.3,6173363.39,1,0,60,3,1,0,1,1,62,28,5.0,310.0,0
Rojas Industria S.A.,23459771042,2025-Q2,330,62401175.72,41023179.39,21377996.33,11562520.8,83149341.36,0,0,0.0,0.0,4836603.88,3367833.64,0,0,0,1,0,1,0,0,78,12,1.0,78.0,0
Rojas Industria S.A.,23459771042,2025-Q3,330,59783180.65,39234865.64,20548315.01,14483638.8,89656967.27,3,1,31456444.34,11278060.56,10485481.45,11278060.56,1,0,60,3,0,1,1,1,82,8,4.0,328.0,0
Rojas Industria S.A.,23459771042,2025-Q4,330,60484900.38,37549646.75,22935253.63,15704515.04,80952930.13,1,0,4906448.33,0.0,4906448.33,4713585.95,0,0,60,3,0,1,1,1,47,43,1.0,47.0,0
TZU TEC SAS,23578461949,2022-Q1,287,60664614.86,54618135.45,6046479.41,13513630.35,97057822.75,1,0,5199358.51,0.0,5199358.51,4452036.66,0,0,90,2,0,1,1,0,12,78,9.0,108.0,0
TZU TEC SAS,23578461949,2022-Q2,287,67755257.46,57640050.83,10115206.63,17320286.94,85075544.4,1,0,9913494.35,0.0,9913494.35,9307418.51,0,0,90,1,0,0,0,1,10,80,6.0,60.0,0
TZU TEC SAS,23578461949,2022-Q3,287,59213911.49,50662621.41,8551290.08,16748338.69,83096838.47,3,2,23829598.82,16637069.04,7943199.61,8318534.52,1,1,90,2,0,0,1,1,45,45,4.0,180.0,0
TZU TEC SAS,23578461949,2022-Q4,287,59173709.51,58276656.78,897052.73,15942342.83,96139331.66,2,1,17610115.41,8829341.38,8805057.71,8829341.38,1,0,60,1,0,0,0,1,64,26,3.0,192.0,0
TZU TEC SAS,23578461949,2023-Q1,287,65595009.87,56809631.17,8785378.7,13618909.69,94903526.34,5,3,18752301.46,9131010.85,3750460.29,3043670.28,1,2,30,3,1,0,1,1,74,16,5.0,370.0,1
TZU TEC SAS,23578461949,2023-Q2,287,61416633.96,51388373.37,10028260.59,17244869.46,83888058.92,4,3,28341244.66,21718748.53,7085311.16,7239582.84,3,0,30,2,0,0,1,1,88,2,3.0,264.0,0
TZU TEC SAS,23578461949,2023-Q3,287,59240416.95,53749725.75,5490691.2,14301394.93,91025693.34,0,0,0.0,0.0,4359647.96,4640660.56,0,0,0,2,1,0,1,0,30,60,8.0,240.0,0
TZU TEC SAS,23578461949,2023-Q4,287,59817793.32,54792900.72,5024892.6,14012091.52,83367163.77,2,1,16027825.93,6952164.79,8013912.96,6952164.79,1,0,30,1,0,0,0,1,15,75,8.0,120.0,1
TZU TEC SAS,23578461949,2024-Q1,287,68305417.79,54934673.19,13370744.6,15827447.98,92691639.35,2,1,18790454.66,10230618.11,9395227.33,10230618.11,0,1,90,3,1,1,1,0,78,12,8.0,624.0,0
TZU TEC SAS,23578461949,2024-Q2,287,61510299.41,52831681.95,8678617.46,18656525.86,95965863.99,0,0,0.0,0.0,5576679.69,4395040.39,0,0,0,2,1,0,0,1,50,40,8.0,400.0,1
TZU TEC SAS,23578461949,2024-Q3,287,66083539.49,56982310.07,9101229.42,13350768.44,83629390.87,5,2,44726235.38,12459240.69,8945247.08,6229620.34,1,1,90,1,0,1,0,0,38,52,1.0,38.0,0
TZU TEC SAS,23578461949,2024-Q4,287,64807248.11,59285055.78,5522192.33,15376076.55,85310524.88,1,0,2768077.17,0.0,2768077.17,1715831.86,0,0,30,2,1,0,0,1,1,89,3.0,3.0,0
TZU TEC SAS,23578461949,2025-Q1,287,64910867.88,53469471.98,11441395.9,17293075.96,87570027.15,3,1,17343649.35,4805524.28,5781216.45,4805524.28,1,0,30,2,1,1,0,0,42,48,8.0,336.0,0
TZU TEC SAS,23578461949,2025-Q2,287,58220654.01,60045773.61,-1825119.6,14780432.6,88709543.21,2,1,14488786.54,4663208.32,7244393.27,4663208.32,0,1,90,2,1,1,0,0,43,47,5.0,215.0,0
TZU TEC SAS,23578461949,2025-Q3,287,62313456.45,59572682.84,2740773.61,17972180.39,87611500.78,5,4,34258326.09,23578238.39,6851665.22,5894559.6,0,4,60,2,1,1,0,0,47,43,9.0,423.0,0
TZU TEC SAS,23578461949,2025-Q4,287,63725061.22,58992226.95,4732834.27,15644134.87,84406165.27,4,1,33032330.67,6198597.66,8258082.67,6198597.66,0,1,90,2,1,1,0,0,10,80,7.0,70.0,0
NFO RES S.A.,23589861051,2022-Q1,497,45694886.52,30119509.09,15575377.43,27500175.39,76383781.18,1,0,6174021.71,0.0,6174021.71,6718843.84,0,0,60,1,1,0,0,0,56,34,1.0,56.0,0
NFO RES S.A.,23589861051,2022-Q2,497,40772753.48,32711822.44,8060931.04,30607507.6,72569335.62,5,2,32139090.09,8425068.72,6427818.02,4212534.36,2,0,60,2,1,0,0,1,64,26,4.0,256.0,0
NFO RES S.A.,23589861051,2022-Q3,497,39311469.84,35655040.46,3656429.38,29209225.47,80681210.92,0,0,0.0,0.0,9398735.8,9465668.57,0,0,0,1,1,0,0,0,58,32,4.0,232.0,0
NFO RES S.A.,23589861051,2022-Q4,497,42426921.54,30156393.07,12270528.47,26483926.29,78140489.72,0,0,0.0,0.0,1000000.0,1000000.0,0,0,0,3,1,0,1,1,28,62,1.0,28.0,1
NFO RES S.A.,23589861051,2023-Q1,497,41854411.89,30267741.67,11586670.22,26931786.78,86553605.04,1,0,2717629.54,0.0,2717629.54,2615873.77,0,0,30,0,0,0,0,0,46,44,1.0,46.0,0
NFO RES S.A.,23589861051,2023-Q2,497,44740894.71,34395975.36,10344919.35,25466489.35,82537099.86,5,2,37359841.05,16411692.42,7471968.21,8205846.21,2,0,30,1,0,0,0,1,53,37,3.0,159.0,0
NFO RES S.A.,23589861051,2023-Q3,497,46868441.62,33473937.74,13394503.88,28967283.64,82951922.89,5,2,11217149.58,4703557.13,2243429.92,2351778.56,2,0,90,3,1,0,1,1,57,33,8.0,456.0,0
NFO RES S.A.,23589861051,2023-Q4,497,44642238.07,33527553.56,11114684.51,26216288.85,78528057.86,0,0,0.0,0.0,7120596.69,7697846.37,0,0,0,1,0,0,1,0,4,86,8.0,32.0,0
NFO RES S.A.,23589861051,2024-Q1,497,42802758.62,34702382.92,8100375.7,24427526.96,71301937.03,5,4,16542044.02,13787157.68,3308408.8,3446789.42,1,3,30,1,1,0,0,0,44,46,10.0,440.0,0
NFO RES S.A.,23589861051,2024-Q2,497,42661089.37,35486381.45,7174707.92,24963396.41,72752149.81,3,2,21353683.72,14236930.29,7117894.57,7118465.14,1,1,90,3,1,1,0,1,48,42,2.0,96.0,0
NFO RES S.A.,23589861051,2024-Q3,497,45464006.57,33885334.86,11578671.71,28276772.27,74645085.5,3,2,16106879.99,10787537.15,5368960.0,5393768.58,0,2,60,2,1,1,0,0,63,27,9.0,567.0,0
NFO RES S.A.,23589861051,2024-Q4,497,40108288.47,30221081.48,9887206.99,29609399.25,84805893.19,2,1,14548609.66,4871990.76,7274304.83,4871990.76,1,0,30,3,0,1,1,1,36,54,3.0,108.0,0
NFO RES S.A.,23589861051,2025-Q1,497,46235369.6,33482242.74,12753126.86,25681354.92,76247052.26,1,0,3915081.98,0.0,3915081.98,3079735.46,0,0,90,2,1,0,0,1,40,50,3.0,120.0,1
NFO RES S.A.,23589861051,2025-Q2,497,43006703.04,35374198.77,7632504.27,28582548.4,78198916.51,2,0,7817159.72,0.0,3908579.86,2521929.88,0,0,30,0,0,0,0,0,5,85,2.0,10.0,1
NFO RES S.A.,23589861051,2025-Q3,497,47485863.22,30051205.86,17434657.36,26789701.11,84976837.3,4,2,13405175.74,5888098.19,3351293.93,2944049.09,0,2,30,3,1,0,1,1,19,71,4.0,76.0,1
NFO RES S.A.,23589861051,2025-Q4,497,39275999.05,34610886.5,4665112.55,26097332.21,73259782.34,2,1,12991692.02,4079857.5,6495846.01,4079857.5,0,1,90,2,1,1,0,0,38,52,5.0,190.0,0
ZAY CON S.A.,23596112684,2022-Q1,53,67854758.59,45491569.23,22363189.36,31221526.09,120524704.92,4,3,18672978.31,12233049.4,4668244.58,4077683.13,2,1,30,2,1,0,0,1,49,41,2.0,98.0,1
ZAY CON S.A.,23596112684,2022-Q2,53,70232966.3,45965614.68,24267351.62,27563053.81,110549045.18,0,0,0.0,0.0,5979607.77,6414374.8,0,0,0,2,0,1,1,0,89,1,10.0,890.0,0
ZAY CON S.A.,23596112684,2022-Q3,53,77005917.65,43038340.38,33967577.27,35239689.13,112245606.78,0,0,0.0,0.0,3333051.36,2746854.88,0,0,0,2,0,1,1,0,12,78,3.0,36.0,0
ZAY CON S.A.,23596112684,2022-Q4,53,77664235.21,40320234.15,37344001.06,27296181.04,104960416.25,2,1,10149777.13,3505026.24,5074888.57,3505026.24,0,1,60,1,0,1,0,0,61,29,4.0,244.0,0
ZAY CON S.A.,23596112684,2023-Q1,53,70431523.29,41824263.0,28607260.29,33834050.85,112594776.39,2,1,7508171.8,2325617.51,3754085.9,2325617.51,0,1,90,2,1,0,1,0,51,39,5.0,255.0,0
ZAY CON S.A.,23596112684,2023-Q2,53,65670048.5,45658379.7,20011668.8,34833723.32,113362467.89,0,0,0.0,0.0,3105990.85,2394001.87,0,0,0,2,0,0,1,1,64,26,6.0,384.0,0
ZAY CON S.A.,23596112684,2023-Q3,53,72510503.06,38837344.51,33673158.55,34724143.84,107234646.89,3,1,6133505.63,1506701.96,2044501.88,1506701.96,1,0,30,0,0,0,0,0,75,15,1.0,75.0,0
ZAY CON S.A.,23596112684,2023-Q4,53,69277995.27,41632480.67,27645514.6,27610764.84,101889747.17,3,1,18950688.3,6919558.83,6316896.1,6919558.83,0,1,60,4,1,1,1,1,84,6,1.0,84.0,0
ZAY CON S.A.,23596112684,2024-Q1,53,74661057.42,45979532.9,28681524.52,34342658.94,109540094.38,1,0,7569377.43,0.0,7569377.43,5709050.11,0,0,30,2,0,1,1,0,84,6,5.0,420.0,1
ZAY CON S.A.,23596112684,2024-Q2,53,73122003.66,39009885.25,34112118.41,32856306.41,117640108.1,4,2,17614773.14,6499515.91,4403693.28,3249757.96,1,1,90,2,1,0,1,0,89,1,5.0,445.0,0
ZAY CON S.A.,23596112684,2024-Q3,53,69385309.01,42373199.44,27012109.57,34151786.83,105899192.34,5,3,35551456.82,18158035.08,7110291.36,6052678.36,3,0,30,1,0,0,1,0,38,52,5.0,190.0,0
ZAY CON S.A.,23596112684,2024-Q4,53,71839455.62,42272586.59,29566869.03,33493526.43,105596852.69,0,0,0.0,0.0,5243921.42,5683343.75,0,0,0,2,0,0,1,1,53,37,9.0,477.0,0
ZAY CON S.A.,23596112684,2025-Q1,53,75419340.58,43741670.55,31677670.03,26846052.47,120534391.45,5,3,22805184.54,8612481.96,4561036.91,2870827.32,0,3,60,2,1,0,0,1,54,36,2.0,108.0,0
ZAY CON S.A.,23596112684,2025-Q2,53,73216944.63,39736864.77,33480079.86,34835432.95,119760286.16,3,1,13143277.63,4201604.3,4381092.54,4201604.3,0,1,30,1,0,0,1,0,45,45,5.0,225.0,0
ZAY CON S.A.,23596112684,2025-Q3,53,70273300.59,46222663.03,24050637.56,29442672.32,120373637.45,5,2,12907738.96,5543855.93,2581547.79,2771927.96,0,2,60,2,0,1,0,1,29,61,4.0,116.0,0
ZAY CON S.A.,23596112684,2025-Q4,53,76555943.3,40895158.14,35660785.16,32086375.69,108642319.0,2,0,10506364.25,0.0,5253182.13,4042365.3,0,0,60,3,0,1,1,1,59,31,5.0,295.0,0
ServiNorte SAS,23665695689,2022-Q1,399,124674003.77,76039212.02,48634791.75,17149717.7,157488983.18,2,1,12773581.94,5457033.41,6386790.97,5457033.41,0,1,90,2,1,0,1,0,36,54,1.0,36.0,0
ServiNorte SAS,23665695689,2022-Q2,399,123789856.36,81279442.61,42510413.75,24998775.12,161859337.29,0,0,0.0,0.0,6199291.53,4804212.96,0,0,0,3,0,1,1,1,10,80,6.0,60.0,0
ServiNorte SAS,23665695689,2022-Q3,399,127305942.72,81859701.96,45446240.76,19338852.47,165010887.98,5,3,16454193.58,10482790.04,3290838.72,3494263.35,1,2,60,2,0,1,1,0,24,66,4.0,96.0,0
ServiNorte SAS,23665695689,2022-Q4,399,110189140.29,85759845.68,24429294.61,23701602.13,147905740.68,5,2,24425815.86,8602973.15,4885163.17,4301486.57,2,0,60,1,0,0,0,1,68,22,8.0,544.0,1
ServiNorte SAS,23665695689,2023-Q1,399,125889502.01,71517315.19,54372186.82,18159035.85,144048537.86,3,1,14675594.79,5118366.55,4891864.93,5118366.55,0,1,30,2,1,0,0,1,48,42,4.0,192.0,0
ServiNorte SAS,23665695689,2023-Q2,399,112323251.69,72363054.58,39960197.11,18895937.61,155246842.85,4,1,29609293.75,4879238.27,7402323.44,4879238.27,0,1,30,1,0,0,0,1,9,81,7.0,63.0,0
ServiNorte SAS,23665695689,2023-Q3,399,106669240.42,84932375.89,21736864.53,20600342.36,146445556.68,5,3,28569737.3,13299125.97,5713947.46,4433041.99,2,1,90,2,1,0,1,0,15,75,9.0,135.0,0
ServiNorte SAS,23665695689,2023-Q4,399,109406124.98,83368171.36,26037953.62,24988632.55,158343370.72,2,0,16407037.05,0.0,8203518.52,5273491.66,0,0,90,3,1,1,0,1,55,35,9.0,495.0,0
ServiNorte SAS,23665695689,2024-Q1,399,118632935.89,79792699.91,38840235.98,19029410.33,160255508.28,0,0,0.0,0.0,8613116.88,7001167.53,0,0,0,3,0,1,1,1,9,81,2.0,18.0,0
ServiNorte SAS,23665695689,2024-Q2,399,123948134.11,78853799.22,45094334.89,19506750.83,166448065.15,0,0,0.0,0.0,7792657.1,7697128.4,0,0,0,3,0,1,1,1,85,5,5.0,425.0,0
ServiNorte SAS,23665695689,2024-Q3,399,127111057.6,76632575.87,50478481.73,21408741.5,148519799.11,0,0,0.0,0.0,3997264.48,2828580.82,0,0,0,3,1,0,1,1,37,53,6.0,222.0,0
ServiNorte SAS,23665695689,2024-Q4,399,121627246.29,76783589.63,44843656.66,22182388.69,157215043.52,5,3,6179105.78,3000000.0,1235821.16,1000000.0,2,1,30,2,1,1,0,0,6,84,7.0,42.0,0
ServiNorte SAS,23665695689,2025-Q1,399,126773059.7,79729610.53,47043449.17,24074639.45,159357756.03,5,3,29593684.1,12881289.71,5918736.82,4293763.24,2,1,60,3,1,0,1,1,74,16,10.0,740.0,0
ServiNorte SAS,23665695689,2025-Q2,399,112496639.03,86437655.32,26058983.71,17468988.9,155108864.44,1,0,9275494.92,0.0,9275494.92,8785015.9,0,0,60,2,0,1,0,1,17,73,2.0,34.0,0
ServiNorte SAS,23665695689,2025-Q3,399,111988966.72,72995804.11,38993162.61,23874879.19,153609761.49,3,2,32607196.01,20032517.85,10869065.34,10016258.92,0,2,90,1,0,1,0,0,4,86,8.0,32.0,0
ServiNorte SAS,23665695689,2025-Q4,399,111788912.35,74237640.41,37551271.94,22897937.45,138170929.13,4,2,37833225.83,16271106.53,9458306.46,8135553.26,2,0,60,2,0,1,1,0,85,5,3.0,255.0,0
Cabrera Agropecuaria,23670005550,2022-Q1,350,56880931.01,53514597.66,3366333.35,20445129.43,87695154.88,5,3,25928913.93,9875906.22,5185782.79,3291968.74,1,2,90,1,1,0,0,0,31,59,1.0,31.0,0
Cabrera Agropecuaria,23670005550,2022-Q2,350,59829399.42,46087849.64,13741549.78,17779449.17,92261602.29,3,2,19558538.32,10504991.55,6519512.77,5252495.77,0,2,60,3,1,1,0,1,69,21,10.0,690.0,0
Cabrera Agropecuaria,23670005550,2022-Q3,350,55541721.69,50507251.83,5034469.86,20539684.12,91862295.22,2,0,9121331.69,0.0,4560665.85,4243549.89,0,0,60,1,1,0,0,0,51,39,9.0,459.0,0
Cabrera Agropecuaria,23670005550,2022-Q4,350,58066197.11,45254479.99,12811717.12,18614182.42,90669746.98,5,2,31867304.1,10610847.21,6373460.82,5305423.6,2,0,30,2,0,0,1,1,21,69,4.0,84.0,0
Cabrera Agropecuaria,23670005550,2023-Q1,350,53592427.95,54220965.85,-628537.9,19156875.89,91155162.9,3,1,11976741.89,2929714.91,3992247.3,2929714.91,0,1,90,2,0,1,1,0,34,56,7.0,238.0,0
Cabrera Agropecuaria,23670005550,2023-Q2,350,52899199.49,49265625.07,3633574.42,23120607.73,80498273.34,5,2,15410132.68,4191288.8,3082026.54,2095644.4,0,2,60,4,1,1,1,1,18,72,1.0,18.0,0
Cabrera Agropecuaria,23670005550,2023-Q3,350,49950151.35,50615305.33,-665153.98,20153878.67,82951225.51,3,2,7475578.49,3210408.4,2491859.5,1605204.2,0,2,60,1,0,1,0,0,48,42,2.0,96.0,0
Cabrera Agropecuaria,23670005550,2023-Q4,350,50843847.04,54204406.79,-3360559.75,21908170.18,79423851.77,1,0,4116040.68,0.0,4116040.68,3009198.21,0,0,30,4,1,1,1,1,66,24,9.0,594.0,0
Cabrera Agropecuaria,23670005550,2024-Q1,350,55683467.93,52184823.07,3498644.86,18125840.38,90933981.46,0,0,0.0,0.0,3219688.36,2688084.85,0,0,0,3,1,0,1,1,62,28,6.0,372.0,0
Cabrera Agropecuaria,23670005550,2024-Q2,350,60293384.5,48354681.97,11938702.53,20717845.56,87181204.51,1,0,5838337.99,0.0,5838337.99,3738437.88,0,0,60,1,1,0,0,0,32,58,8.0,256.0,0
Cabrera Agropecuaria,23670005550,2024-Q3,350,50234576.35,54334985.51,-4100409.16,22650586.48,90285547.53,3,1,17695249.93,6388207.71,5898416.64,6388207.71,1,0,90,2,1,0,0,1,29,61,1.0,29.0,0
Cabrera Agropecuaria,23670005550,2024-Q4,350,51456426.07,47613244.92,3843181.15,20012440.4,94623617.27,2,1,16079776.99,8350916.69,8039888.5,8350916.69,1,0,60,1,0,0,1,0,46,44,6.0,276.0,0
Cabrera Agropecuaria,23670005550,2025-Q1,350,52548206.02,52230209.91,317996.11,21808122.64,83690037.88,3,2,28912966.23,13170129.52,9637655.41,6585064.76,0,2,60,3,1,0,1,1,70,20,5.0,350.0,0
Cabrera Agropecuaria,23670005550,2025-Q2,350,55568797.29,53309027.15,2259770.14,22843288.65,85124886.34,4,2,20338704.91,8164893.68,5084676.23,4082446.84,0,2,30,3,1,1,1,0,62,28,7.0,434.0,0
Cabrera Agropecuaria,23670005550,2025-Q3,350,53680285.94,52627703.48,1052582.46,20739623.99,88520417.73,0,0,0.0,0.0,6017200.94,3729556.56,0,0,0,2,1,0,1,0,33,57,3.0,99.0,0
Cabrera Agropecuaria,23670005550,2025-Q4,350,58190840.65,45616964.81,12573875.84,16326051.84,79562101.57,4,2,22542143.62,8320881.8,5635535.91,4160440.9,0,2,90,0,0,0,0,0,90,0,7.0,630.0,0
Rivero Tech,23688722802,2022-Q1,135,89521631.79,79039386.06,10482245.73,21274910.87,116035838.08,3,1,21500596.5,4816361.46,7166865.5,4816361.46,1,0,90,3,1,1,0,1,17,73,7.0,119.0,0
Rivero Tech,23688722802,2022-Q2,135,101424184.76,77352774.68,24071410.08,20853333.2,128968506.36,0,0,0.0,0.0,9486660.26,5908940.25,0,0,0,4,1,1,1,1,65,25,9.0,585.0,0
Rivero Tech,23688722802,2022-Q3,135,96831175.62,83480983.32,13350192.3,17497839.56,137375743.4,0,0,0.0,0.0,3438906.84,3184624.67,0,0,0,1,0,0,0,1,39,51,8.0,312.0,0
Rivero Tech,23688722802,2022-Q4,135,98658037.66,89023013.21,9635024.45,20019897.58,130159802.75,4,2,9657781.29,3095003.27,2414445.32,1547501.63,0,2,30,2,1,1,0,0,11,79,9.0,99.0,0
Rivero Tech,23688722802,2023-Q1,135,95135639.3,82085418.66,13050220.64,21071078.97,127969174.25,2,0,18472203.36,0.0,9236101.68,5796518.72,0,0,90,0,0,0,0,0,75,15,10.0,750.0,0
Rivero Tech,23688722802,2023-Q2,135,93161206.9,81881116.69,11280090.21,22295064.11,117141342.94,2,1,12181227.29,5592590.65,6090613.65,5592590.65,0,1,90,3,0,1,1,1,53,37,9.0,477.0,0
Rivero Tech,23688722802,2023-Q3,135,90476248.95,89469783.16,1006465.79,16804095.46,129787102.94,0,0,0.0,0.0,6399538.67,4111625.68,0,0,0,2,1,0,0,1,69,21,8.0,552.0,0
Rivero Tech,23688722802,2023-Q4,135,86545227.06,88023510.46,-1478283.4,18589439.08,128769829.89,4,3,19689605.34,8984092.04,4922401.33,2994697.35,0,3,60,2,1,0,1,0,55,35,2.0,110.0,0
Rivero Tech,23688722802,2024-Q1,135,92996857.48,85662138.57,7334718.91,16456653.08,130245421.78,1,0,6940535.93,0.0,6940535.93,4322528.1,0,0,90,3,1,1,1,0,57,33,6.0,342.0,0
Rivero Tech,23688722802,2024-Q2,135,99423515.42,77998606.14,21424909.28,20560947.62,130515627.93,0,0,0.0,0.0,6923566.92,4541949.22,0,0,0,1,1,0,0,0,15,75,8.0,120.0,0
Rivero Tech,23688722802,2024-Q3,135,85728661.94,86512828.45,-784166.51,20190558.83,121883141.84,4,3,33178739.38,24720962.17,8294684.85,8240320.72,3,0,60,3,0,1,1,1,39,51,7.0,273.0,0
Rivero Tech,23688722802,2024-Q4,135,100543424.49,87779643.41,12763781.08,17807126.33,126754567.94,2,1,8140113.37,3000250.08,4070056.68,3000250.08,1,0,60,3,1,0,1,1,33,57,7.0,231.0,0
Rivero Tech,23688722802,2025-Q1,135,99591893.79,74819579.15,24772314.64,18295053.43,124526035.3,4,2,40508331.92,14224052.15,10127082.98,7112026.08,0,2,60,2,1,0,1,0,82,8,9.0,738.0,0
Rivero Tech,23688722802,2025-Q2,135,89100436.77,78853856.52,10246580.25,20452570.44,126527385.16,0,0,0.0,0.0,7366074.17,7242179.18,0,0,0,2,0,0,1,1,27,63,4.0,108.0,0
Rivero Tech,23688722802,2025-Q3,135,94696479.17,83805743.76,10890735.41,21256719.99,117748713.85,0,0,0.0,0.0,7622987.48,7961201.48,0,0,0,2,0,1,0,1,5,85,5.0,25.0,0
Rivero Tech,23688722802,2025-Q4,135,99610685.92,88205525.48,11405160.44,18231773.18,131473388.58,4,1,32767618.19,7379937.43,8191904.55,7379937.43,0,1,60,2,1,1,0,0,6,84,1.0,6.0,0
GastroVal SAS,23718904269,2022-Q1,221,77213266.33,49728828.04,27484438.29,31865236.27,109078502.6,5,3,35535405.05,15938972.51,7107081.01,5312990.84,2,1,30,2,0,0,1,1,46,44,5.0,230.0,0
GastroVal SAS,23718904269,2022-Q2,221,75866217.39,48455189.04,27411028.35,23673209.03,116995203.86,2,1,19881959.86,8735070.58,9940979.93,8735070.58,1,0,60,2,0,0,1,1,59,31,4.0,236.0,0
GastroVal SAS,23718904269,2022-Q3,221,79382413.62,47362020.03,32020393.59,33881958.55,113264372.18,5,2,44066742.09,11265009.84,8813348.42,5632504.92,2,0,30,3,1,1,1,0,3,87,2.0,6.0,0
GastroVal SAS,23718904269,2022-Q4,221,74346721.34,48343662.88,26003058.46,33416351.24,116501822.77,3,2,11090974.13,4554313.36,3696991.38,2277156.68,1,1,30,2,0,1,1,0,11,79,4.0,44.0,0
GastroVal SAS,23718904269,2023-Q1,221,71353184.68,46363366.05,24989818.63,34679129.32,121970030.44,1,0,5300549.4,0.0,5300549.4,5495765.28,0,0,60,0,0,0,0,0,13,77,3.0,39.0,1
GastroVal SAS,23718904269,2023-Q2,221,76339728.76,43447885.24,32891843.52,30120662.11,118767427.65,3,1,22896251.43,7974501.02,7632083.81,7974501.02,0,1,30,2,1,0,1,0,27,63,3.0,81.0,0
GastroVal SAS,23718904269,2023-Q3,221,76422692.85,50013570.8,26409122.05,27230038.85,125552031.93,3,2,28553304.49,16408716.97,9517768.16,8204358.48,1,1,60,2,0,1,1,0,20,70,8.0,160.0,1
GastroVal SAS,23718904269,2023-Q4,221,70928427.36,50967711.15,19960716.21,28352835.66,123144735.54,1,0,6408335.73,0.0,6408335.73,5641484.7,0,0,60,1,0,0,1,0,79,11,4.0,316.0,0
GastroVal SAS,23718904269,2024-Q1,221,71344466.48,48048659.15,23295807.33,27280758.86,104356272.54,2,1,5981579.09,2382144.29,2990789.54,2382144.29,0,1,60,3,1,0,1,1,9,81,4.0,36.0,0
GastroVal SAS,23718904269,2024-Q2,221,79606851.77,48323465.52,31283386.25,35406532.69,115013384.45,4,3,27703592.08,17434245.78,6925898.02,5811415.26,3,0,90,1,0,0,0,1,17,73,8.0,136.0,0
GastroVal SAS,23718904269,2024-Q3,221,74737106.97,48690528.87,26046578.1,27747481.63,107801132.49,0,0,0.0,0.0,3708450.33,3599638.71,0,0,0,1,0,0,1,0,29,61,6.0,174.0,1
GastroVal SAS,23718904269,2024-Q4,221,70915674.88,46725721.29,24189953.59,27907658.34,105542328.04,4,2,15733414.7,5767476.96,3933353.67,2883738.48,2,0,30,2,0,1,1,0,54,36,9.0,486.0,0
GastroVal SAS,23718904269,2025-Q1,221,73935454.3,43572258.94,30363195.36,26276266.15,107944770.05,4,2,22719360.25,9977429.55,5679840.06,4988714.77,1,1,30,2,0,1,1,0,88,2,4.0,352.0,0
GastroVal SAS,23718904269,2025-Q2,221,76703972.44,49193941.13,27510031.31,26026773.3,113123597.88,2,1,8549318.73,3344465.15,4274659.36,3344465.15,1,0,60,1,1,0,0,0,67,23,5.0,335.0,0
GastroVal SAS,23718904269,2025-Q3,221,68271182.9,47675469.03,20595713.87,30957594.13,122315218.31,3,2,8716612.04,4499921.76,2905537.35,2249960.88,1,1,30,2,1,1,0,0,78,12,5.0,390.0,0
GastroVal SAS,23718904269,2025-Q4,221,75520142.55,43215975.79,32304166.76,32324078.54,112454485.02,3,2,10989000.52,6212416.62,3663000.17,3106208.31,0,2,30,2,1,0,1,0,73,17,7.0,511.0,0
JFO TEC SAS,23727467556,2022-Q1,307,69075773.94,57247858.3,11827915.64,13362628.83,101103850.36,1,0,3651442.67,0.0,3651442.67,3786797.33,0,0,30,0,0,0,0,0,80,10,3.0,240.0,0
JFO TEC SAS,23727467556,2022-Q2,307,71291649.89,56187896.94,15103752.95,11907529.53,86089917.69,5,3,30852750.9,20042078.88,6170550.18,6680692.96,3,0,90,3,1,1,0,1,56,34,10.0,560.0,0
JFO TEC SAS,23727467556,2022-Q3,307,75826058.71,56206027.69,19620031.02,13753671.58,93470997.08,3,1,27920779.37,9148668.33,9306926.46,9148668.33,1,0,60,2,0,0,1,1,58,32,10.0,580.0,1
JFO TEC SAS,23727467556,2022-Q4,307,77899395.27,54486072.12,23413323.15,11665699.95,89565095.22,3,1,12152343.47,3965121.73,4050781.16,3965121.73,1,0,90,2,0,0,1,1,4,86,7.0,28.0,0
JFO TEC SAS,23727467556,2023-Q1,307,75235062.2,63171129.27,12063932.93,12993818.1,90061137.96,0,0,0.0,0.0,8732094.0,8087295.66,0,0,0,0,0,0,0,0,76,14,10.0,760.0,0
JFO TEC SAS,23727467556,2023-Q2,307,77842359.27,55708991.97,22133367.3,9428003.03,92299126.49,2,0,15204425.58,0.0,7602212.79,6539305.81,0,0,60,1,0,0,0,1,13,77,10.0,130.0,0
JFO TEC SAS,23727467556,2023-Q3,307,78196112.85,61252348.53,16943764.32,11160185.03,89356297.88,3,1,23535590.16,8447093.7,7845196.72,8447093.7,1,0,30,2,1,0,0,1,68,22,2.0,136.0,0
JFO TEC SAS,23727467556,2023-Q4,307,74525563.54,60180371.04,14345192.5,9652173.57,99186087.78,5,3,21237123.87,10472690.41,4247424.77,3490896.8,2,1,30,2,0,1,1,0,67,23,4.0,268.0,0
JFO TEC SAS,23727467556,2024-Q1,307,70666481.57,64518795.29,6147686.28,11642154.58,92631506.28,0,0,0.0,0.0,6550635.68,5037530.24,0,0,0,1,0,0,1,0,25,65,4.0,100.0,0
JFO TEC SAS,23727467556,2024-Q2,307,71186584.64,63538251.95,7648332.69,13453381.5,96538204.02,3,2,14404075.14,7517886.97,4801358.38,3758943.49,0,2,60,2,0,1,0,1,26,64,1.0,26.0,0
JFO TEC SAS,23727467556,2024-Q3,307,77205351.28,59373621.05,17831730.23,10566597.71,101481491.52,0,0,0.0,0.0,6180377.27,4324250.42,0,0,0,2,1,1,0,0,81,9,3.0,243.0,0
JFO TEC SAS,23727467556,2024-Q4,307,80663534.54,57533198.34,23130336.2,13049023.47,95292936.88,5,2,43900627.26,11174420.07,8780125.45,5587210.04,2,0,60,3,1,1,0,1,1,89,10.0,10.0,0
JFO TEC SAS,23727467556,2025-Q1,307,80653496.55,58323459.32,22330037.23,10245827.28,95448033.67,2,1,16487943.19,8900271.89,8243971.59,8900271.89,1,0,30,2,1,0,1,0,15,75,8.0,120.0,0
JFO TEC SAS,23727467556,2025-Q2,307,71628440.16,62568705.87,9059734.29,11621926.7,100613140.61,4,3,29419779.2,21251035.99,7354944.8,7083678.66,1,2,60,2,1,0,0,1,18,72,1.0,18.0,0
JFO TEC SAS,23727467556,2025-Q3,307,70088649.49,65177878.13,4910771.36,13205482.89,97905847.13,0,0,0.0,0.0,6153047.82,4689739.37,0,0,0,2,0,1,0,1,66,24,3.0,198.0,0
JFO TEC SAS,23727467556,2025-Q4,307,67569371.81,55231750.39,12337621.42,11570863.55,84434554.99,3,1,27307333.42,8704717.79,9102444.47,8704717.79,0,1,60,1,0,1,0,0,90,0,1.0,90.0,0
Paez Construcción S.A.S.,23878691279,2022-Q1,90,52827332.99,41509334.07,11317998.92,5692242.8,64646371.24,1,0,9155536.41,0.0,9155536.41,8834246.88,0,0,30,0,0,0,0,0,68,22,10.0,680.0,0
Paez Construcción S.A.S.,23878691279,2022-Q2,90,50521289.64,36258709.26,14262580.38,6599041.5,71294465.91,1,0,6576438.13,0.0,6576438.13,4847276.81,0,0,30,2,0,0,1,1,23,67,3.0,69.0,0
Paez Construcción S.A.S.,23878691279,2022-Q3,90,54417822.44,37089697.3,17328125.14,4803122.31,61463557.53,2,1,16702026.31,8841199.21,8351013.15,8841199.21,0,1,90,1,0,1,0,0,56,34,9.0,504.0,1
Paez Construcción S.A.S.,23878691279,2022-Q4,90,54629038.96,36382643.43,18246395.53,6180960.04,69347989.95,3,2,24507090.97,15752953.57,8169030.32,7876476.78,0,2,90,3,1,0,1,1,40,50,1.0,40.0,0
Paez Construcción S.A.S.,23878691279,2023-Q1,90,53427328.75,36246786.89,17180541.86,4998368.26,62470783.56,4,2,33356305.18,13301675.92,8339076.29,6650837.96,2,0,60,3,1,1,1,0,75,15,8.0,600.0,0
Paez Construcción S.A.S.,23878691279,2023-Q2,90,52700820.79,38027654.47,14673166.32,5165196.57,69812932.59,2,1,12514486.37,6833489.18,6257243.18,6833489.18,1,0,60,2,1,1,0,0,32,58,4.0,128.0,1
Paez Construcción S.A.S.,23878691279,2023-Q3,90,49997604.74,40695890.59,9301714.15,5390637.89,69714850.6,5,3,31351234.52,14120473.99,6270246.9,4706824.66,2,1,90,1,0,0,0,1,23,67,8.0,184.0,0
Paez Construcción S.A.S.,23878691279,2023-Q4,90,54244028.46,34252668.4,19991360.06,5239841.68,68714505.62,1,0,4720993.22,0.0,4720993.22,3654699.97,0,0,60,2,1,0,1,0,74,16,9.0,666.0,0
Paez Construcción S.A.S.,23878691279,2024-Q1,90,46318357.24,39743260.92,6575096.32,5328239.37,70753969.29,1,0,3501880.06,0.0,3501880.06,3031389.79,0,0,90,2,1,0,1,0,37,53,8.0,296.0,1
Paez Construcción S.A.S.,23878691279,2024-Q2,90,55556160.69,39442793.58,16113367.11,6220241.83,69137411.2,5,3,25465617.02,14060376.04,5093123.4,4686792.01,2,1,30,3,1,1,1,0,19,71,1.0,19.0,0
Paez Construcción S.A.S.,23878691279,2024-Q3,90,47235858.94,41428776.22,5807082.72,6851178.54,71482901.34,2,1,6646470.35,2143489.0,3323235.18,2143489.0,1,0,30,1,0,0,0,1,17,73,2.0,34.0,1
Paez Construcción S.A.S.,23878691279,2024-Q4,90,47149497.33,40330349.82,6819147.51,6089679.6,69538504.59,0,0,0.0,0.0,5938334.97,5113277.83,0,0,0,2,1,0,0,1,57,33,10.0,570.0,0
Paez Construcción S.A.S.,23878691279,2025-Q1,90,47527830.05,40098063.06,7429766.99,5335534.89,61352678.84,2,1,6752787.34,3184023.42,3376393.67,3184023.42,1,0,90,3,1,0,1,1,59,31,9.0,531.0,0
Paez Construcción S.A.S.,23878691279,2025-Q2,90,48005257.09,39282937.77,8722319.32,6867472.66,63218067.96,5,2,36287962.94,13222332.37,7257592.59,6611166.18,1,1,60,2,1,1,0,0,55,35,2.0,110.0,0
Paez Construcción S.A.S.,23878691279,2025-Q3,90,52747804.67,34628317.87,18119486.8,5774836.19,64721266.61,4,1,16657971.7,4045609.79,4164492.93,4045609.79,1,0,30,3,1,1,0,1,70,20,3.0,210.0,0
Paez Construcción S.A.S.,23878691279,2025-Q4,90,50610120.96,37846746.07,12763374.89,6182855.24,71562969.79,5,3,18785689.54,10919267.35,3757137.91,3639755.78,1,2,30,3,1,1,0,1,7,83,5.0,35.0,0
TecnoPlus S.A.,23935957494,2022-Q1,382,73107993.92,48819846.61,24288147.31,29062674.42,102635767.56,4,2,26431344.18,12515680.42,6607836.04,6257840.21,2,0,90,4,1,1,1,1,78,12,1.0,78.0,0
TecnoPlus S.A.,23935957494,2022-Q2,382,75234426.21,57705051.12,17529375.09,23351231.6,104127326.74,4,2,21556072.9,7507081.36,5389018.22,3753540.68,1,1,30,1,0,0,1,0,83,7,6.0,498.0,0
TecnoPlus S.A.,23935957494,2022-Q3,382,69679979.48,53291516.93,16388462.55,30569030.54,120532660.75,0,0,0.0,0.0,3583050.41,3884923.7,0,0,0,2,1,0,1,0,51,39,6.0,306.0,0
TecnoPlus S.A.,23935957494,2022-Q4,382,70388608.28,57369680.14,13018928.14,31316754.03,104112034.21,4,2,9578131.6,3477350.95,2394532.9,1738675.47,1,1,30,1,0,0,0,1,44,46,8.0,352.0,0
TecnoPlus S.A.,23935957494,2023-Q1,382,68682590.99,57594406.35,11088184.64,31524427.26,117687932.81,1,0,7410067.99,0.0,7410067.99,6641748.89,0,0,30,2,1,1,0,0,43,47,5.0,215.0,0
TecnoPlus S.A.,23935957494,2023-Q2,382,66538138.2,51760845.95,14777292.25,23247664.48,103566129.56,2,1,13606993.12,6764459.74,6803496.56,6764459.74,1,0,30,3,1,1,1,0,82,8,10.0,820.0,0
TecnoPlus S.A.,23935957494,2023-Q3,382,77703273.99,59002209.28,18701064.71,25273536.28,117871743.93,5,4,26292512.6,16660934.32,5258502.52,4165233.58,1,3,90,4,1,1,1,1,8,82,5.0,40.0,0
TecnoPlus S.A.,23935957494,2023-Q4,382,76469396.97,56538700.7,19930696.27,32305847.17,108775244.15,4,1,30138738.74,4860613.63,7534684.69,4860613.63,1,0,60,1,0,0,0,1,52,38,9.0,468.0,0
TecnoPlus S.A.,23935957494,2024-Q1,382,66488546.19,56247385.56,10241160.63,23807416.23,101915681.56,3,1,19504443.72,5841235.35,6501481.24,5841235.35,1,0,60,3,0,1,1,1,62,28,9.0,558.0,0
TecnoPlus S.A.,23935957494,2024-Q2,382,69572081.19,50351386.41,19220694.78,23330505.45,112026847.22,2,1,11599521.93,6254312.5,5799760.97,6254312.5,1,0,90,2,0,1,0,1,23,67,4.0,92.0,0
TecnoPlus S.A.,23935957494,2024-Q3,382,72488141.23,49459248.97,23028892.26,27018796.55,100881343.05,2,1,14409677.54,6302266.89,7204838.77,6302266.89,0,1,60,1,0,0,0,1,15,75,9.0,135.0,1
TecnoPlus S.A.,23935957494,2024-Q4,382,68339233.02,58253089.42,10086143.6,29394406.76,102676087.96,2,1,16507945.01,7570218.37,8253972.5,7570218.37,0,1,30,2,0,1,0,1,3,87,2.0,6.0,0
TecnoPlus S.A.,23935957494,2025-Q1,382,75062248.2,49118231.83,25944016.37,30412401.24,114420359.58,0,0,0.0,0.0,10560832.62,8414847.44,0,0,0,2,1,0,1,0,48,42,2.0,96.0,0
TecnoPlus S.A.,23935957494,2025-Q2,382,66500700.77,50771198.98,15729501.79,31700324.08,116123696.77,4,3,33332537.08,20084775.88,8333134.27,6694925.29,1,2,30,2,0,1,0,1,74,16,9.0,666.0,0
TecnoPlus S.A.,23935957494,2025-Q3,382,72839258.72,53119819.36,19719439.36,26563474.59,104696798.2,2,1,9866332.17,4803342.59,4933166.08,4803342.59,1,0,30,2,1,1,0,0,43,47,5.0,215.0,0
TecnoPlus S.A.,23935957494,2025-Q4,382,70273943.38,53814915.44,16459027.94,30031558.71,120055670.96,4,2,42316004.92,15670183.81,10579001.23,7835091.9,1,1,30,3,1,1,1,0,13,77,6.0,78.0,0
Gimenez Restaurantes S.R.L.,23954269549,2022-Q1,479,55619861.28,37420495.04,18199366.24,9712425.93,73035400.49,0,0,0.0,0.0,4234576.47,4249234.41,0,0,0,2,1,0,0,1,69,21,8.0,552.0,0
Gimenez Restaurantes S.R.L.,23954269549,2022-Q2,479,59447627.67,36403345.17,23044282.5,9314019.88,68761647.54,0,0,0.0,0.0,10711642.36,7121941.72,0,0,0,3,1,0,1,1,4,86,9.0,36.0,0
Gimenez Restaurantes S.R.L.,23954269549,2022-Q3,479,60974031.79,38802656.47,22171375.32,7190206.21,68164238.0,1,0,4313734.68,0.0,4313734.68,3457377.99,0,0,30,3,0,1,1,1,19,71,5.0,95.0,0
Gimenez Restaurantes S.R.L.,23954269549,2022-Q4,479,55175545.06,39632047.8,15543497.26,10339595.13,66925775.43,4,1,31101650.05,6003620.66,7775412.51,6003620.66,0,1,90,3,1,0,1,1,85,5,1.0,85.0,0
Gimenez Restaurantes S.R.L.,23954269549,2023-Q1,479,59037032.18,34229056.69,24807975.49,9036901.95,74990309.55,4,3,20908433.9,15871374.83,5227108.48,5290458.28,0,3,90,2,0,1,1,0,82,8,6.0,492.0,0
Gimenez Restaurantes S.R.L.,23954269549,2023-Q2,479,56054249.0,34652752.03,21401496.97,9456960.75,73683610.31,1,0,7409295.66,0.0,7409295.66,4696085.71,0,0,90,2,0,1,1,0,79,11,5.0,395.0,1
Gimenez Restaurantes S.R.L.,23954269549,2023-Q3,479,50216656.71,38092099.82,12124556.89,9698951.66,63850536.25,0,0,0.0,0.0,4302950.05,4152806.64,0,0,0,3,1,1,1,0,12,78,4.0,48.0,0
Gimenez Restaurantes S.R.L.,23954269549,2023-Q4,479,59176650.13,35596087.82,23580562.31,7135022.56,71143292.88,5,2,11634897.98,5008127.17,2326979.6,2504063.59,1,1,90,3,1,0,1,1,47,43,4.0,188.0,0
Gimenez Restaurantes S.R.L.,23954269549,2024-Q1,479,55953086.57,39218587.92,16734498.65,10275769.88,72367892.91,3,1,13973107.23,3136084.93,4657702.41,3136084.93,0,1,90,1,0,1,0,0,39,51,1.0,39.0,0
Gimenez Restaurantes S.R.L.,23954269549,2024-Q2,479,56493419.47,35495703.32,20997716.15,9395378.47,65888797.93,3,2,16563008.19,8392502.56,5521002.73,4196251.28,0,2,30,1,0,0,0,1,27,63,3.0,81.0,0
Gimenez Restaurantes S.R.L.,23954269549,2024-Q3,479,53305165.49,35378238.29,17926927.2,9383461.82,70122849.46,3,2,20483084.31,12654416.71,6827694.77,6327208.36,0,2,30,1,0,1,0,0,33,57,6.0,198.0,0
Gimenez Restaurantes S.R.L.,23954269549,2024-Q4,479,58577187.17,40271674.53,18305512.64,9474740.65,68051927.82,4,2,18221117.13,9653648.52,4555279.28,4826824.26,2,0,60,2,0,1,1,0,43,47,4.0,172.0,0
Gimenez Restaurantes S.R.L.,23954269549,2025-Q1,479,50520005.36,39849662.03,10670343.33,7418943.41,65638701.71,5,3,32459473.09,11707176.38,6491894.62,3902392.13,3,0,90,2,0,1,0,1,46,44,3.0,138.0,0
Gimenez Restaurantes S.R.L.,23954269549,2025-Q2,479,56511949.81,37088697.43,19423252.38,7543452.27,64055402.08,3,1,24270387.99,8502542.65,8090129.33,8502542.65,0,1,30,2,0,0,1,1,73,17,9.0,657.0,0
Gimenez Restaurantes S.R.L.,23954269549,2025-Q3,479,59136900.66,36001897.07,23135003.59,7921673.44,67058574.1,2,1,12116158.29,6397294.16,6058079.14,6397294.16,0,1,60,1,0,1,0,0,10,80,10.0,100.0,0
Gimenez Restaurantes S.R.L.,23954269549,2025-Q4,479,50164619.91,40607912.82,9556707.09,10258023.01,71108130.75,2,1,7408388.5,2498437.95,3704194.25,2498437.95,0,1,60,2,0,0,1,1,61,29,6.0,366.0,0
ASR RES S.A.,27106840348,2022-Q1,126,69030861.06,52173608.63,16857252.43,805538.63,82381584.87,1,0,9071305.16,0.0,9071305.16,9882685.87,0,0,30,2,0,1,0,1,84,6,10.0,840.0,0
ASR RES S.A.,27106840348,2022-Q2,126,71885825.43,54618768.68,17267056.75,841385.07,85400560.47,5,2,41987290.05,16967707.67,8397458.01,8483853.84,1,1,90,2,0,0,1,1,64,26,1.0,64.0,0
ASR RES S.A.,27106840348,2022-Q3,126,66216813.0,50276515.56,15940297.44,821383.21,90879335.4,2,1,13150941.89,4730103.26,6575470.94,4730103.26,0,1,60,4,1,1,1,1,80,10,5.0,400.0,0
ASR RES S.A.,27106840348,2022-Q4,126,65324916.55,53516962.64,11807953.91,695404.77,87765762.55,3,2,10010541.86,6723350.84,3336847.29,3361675.42,2,0,60,4,1,1,1,1,25,65,1.0,25.0,1
ASR RES S.A.,27106840348,2023-Q1,126,65307623.13,53425519.27,11882103.86,887900.93,92626018.38,2,1,11046063.67,4353205.39,5523031.84,4353205.39,0,1,30,1,1,0,0,0,22,68,2.0,44.0,0
ASR RES S.A.,27106840348,2023-Q2,126,71429695.11,48875578.67,22554116.44,733261.49,88573109.39,2,1,12825712.49,6232758.02,6412856.25,6232758.02,1,0,60,2,1,1,0,0,65,25,1.0,65.0,0
ASR RES S.A.,27106840348,2023-Q3,126,66551124.42,47764894.29,18786230.13,708670.9,85622311.13,3,2,12476733.85,6404613.81,4158911.28,3202306.91,1,1,60,2,1,1,0,0,56,34,4.0,224.0,1
ASR RES S.A.,27106840348,2023-Q4,126,62327955.83,50029910.82,12298045.01,658506.44,86770527.38,1,0,6880353.25,0.0,6880353.25,4234997.52,0,0,60,1,0,1,0,0,57,33,4.0,228.0,0
ASR RES S.A.,27106840348,2024-Q1,126,68373678.26,45979551.98,22394126.28,674506.53,93922501.85,3,2,24130126.72,15835950.75,8043375.57,7917975.38,2,0,60,2,0,0,1,1,21,69,2.0,42.0,0
ASR RES S.A.,27106840348,2024-Q2,126,67922645.6,47258292.04,20664353.56,723116.71,79272365.04,5,4,22062045.35,13000913.59,4412409.07,3250228.4,2,2,30,0,0,0,0,0,81,9,5.0,405.0,0
ASR RES S.A.,27106840348,2024-Q3,126,69894818.77,54468104.22,15426714.55,701746.62,88338162.87,2,1,14920867.05,8048148.19,7460433.52,8048148.19,1,0,30,3,1,0,1,1,77,13,6.0,462.0,0
ASR RES S.A.,27106840348,2024-Q4,126,74430131.53,47568183.51,26861948.02,840262.31,86972238.3,2,0,10919031.7,0.0,5459515.85,5438843.14,0,0,60,1,1,0,0,0,52,38,9.0,468.0,0
ASR RES S.A.,27106840348,2025-Q1,126,72100961.89,47787091.41,24313870.48,736026.76,93980148.46,5,2,34042884.62,13234611.85,6808576.92,6617305.92,2,0,60,3,0,1,1,1,62,28,9.0,558.0,0
ASR RES S.A.,27106840348,2025-Q2,126,69669079.06,53541190.1,16127888.96,812924.18,79950565.96,3,2,17589074.79,10222580.12,5863024.93,5111290.06,1,1,90,2,1,0,0,1,70,20,3.0,210.0,0
ASR RES S.A.,27106840348,2025-Q3,126,64271899.11,49958622.15,14313276.96,766850.39,92377030.18,3,1,5471500.98,1858441.77,1823833.66,1858441.77,0,1,30,2,1,0,0,1,37,53,6.0,222.0,0
ASR RES S.A.,27106840348,2025-Q4,126,65625507.43,49430555.63,16194951.8,823842.72,92696809.68,1,0,6745035.99,0.0,6745035.99,7064252.6,0,0,30,2,0,1,1,0,46,44,10.0,460.0,0
Ojeda Construcción S.A.,27172092956,2022-Q1,48,55673409.43,42601112.86,13072296.57,33925281.8,89598691.23,3,1,19675468.37,4130372.29,6558489.46,4130372.29,0,1,90,2,1,1,0,0,83,7,8.0,664.0,0
Ojeda Construcción S.A.,27172092956,2022-Q2,48,47339498.79,44838521.18,2500977.61,30964636.82,78304135.61,2,1,5532916.28,2431711.93,2766458.14,2431711.93,0,1,30,3,1,0,1,1,52,38,7.0,364.0,0
Ojeda Construcción S.A.,27172092956,2022-Q3,48,48910882.37,42652604.71,6258277.66,26553419.14,80572715.72,0,0,0.0,0.0,5191987.96,4213184.36,0,0,0,1,0,0,1,0,20,70,5.0,100.0,0
Ojeda Construcción S.A.,27172092956,2022-Q4,48,57096457.76,43065594.64,14030863.12,31930913.37,89027371.13,5,4,38918089.84,22420405.18,7783617.97,5605101.29,2,2,30,2,0,0,1,1,83,7,7.0,581.0,0
Ojeda Construcción S.A.,27172092956,2023-Q1,48,54488826.23,49685519.24,4803306.99,32909541.94,87398368.17,0,0,0.0,0.0,7040040.06,5046889.85,0,0,0,2,1,0,1,0,24,66,1.0,24.0,0
Ojeda Construcción S.A.,27172092956,2023-Q2,48,48430558.29,47325867.95,1104690.34,24631434.45,82051136.98,0,0,0.0,0.0,5885869.43,6294776.45,0,0,0,2,1,1,0,0,26,64,3.0,78.0,0
Ojeda Construcción S.A.,27172092956,2023-Q3,48,56372500.21,42137339.71,14235160.5,23550775.03,79923275.24,5,4,27331215.52,19518859.81,5466243.1,4879714.95,0,4,30,3,0,1,1,1,25,65,10.0,250.0,0
Ojeda Construcción S.A.,27172092956,2023-Q4,48,56452844.15,42398142.81,14054701.34,26442492.02,82895336.17,5,3,34420369.38,14579002.36,6884073.88,4859667.45,0,3,30,0,0,0,0,0,1,89,7.0,7.0,0
Ojeda Construcción S.A.,27172092956,2024-Q1,48,48364323.19,42739089.26,5625233.93,32636941.19,83732089.31,5,4,30907782.6,16337557.87,6181556.52,4084389.47,0,4,30,2,1,0,0,1,10,80,8.0,80.0,1
Ojeda Construcción S.A.,27172092956,2024-Q2,48,55032256.65,44013798.09,11018458.56,32928949.37,87961206.02,0,0,0.0,0.0,7042140.83,6969109.34,0,0,0,1,0,0,0,1,72,18,2.0,144.0,0
Ojeda Construcción S.A.,27172092956,2024-Q3,48,53521775.93,42292843.45,11228932.48,23646493.71,77168269.64,2,1,15517343.19,4747387.32,7758671.59,4747387.32,0,1,30,2,1,1,0,0,33,57,10.0,330.0,0
Ojeda Construcción S.A.,27172092956,2024-Q4,48,53366278.96,47184841.39,6181437.57,26792293.26,81399796.37,3,2,13890332.45,7617212.65,4630110.82,3808606.32,0,2,30,2,0,1,0,1,56,34,7.0,392.0,0
Ojeda Construcción S.A.,27172092956,2025-Q1,48,47917227.52,44955626.65,2961600.87,33998496.67,81915724.19,4,2,25810435.51,12977134.98,6452608.88,6488567.49,0,2,90,3,1,1,0,1,69,21,7.0,483.0,0
Ojeda Construcción S.A.,27172092956,2025-Q2,48,47349610.91,42858277.47,4491333.44,29102319.28,86266086.04,5,4,25087683.23,21108657.58,5017536.65,5277164.4,3,1,90,2,0,1,0,1,67,23,2.0,134.0,0
Ojeda Construcción S.A.,27172092956,2025-Q3,48,49239572.62,44531881.91,4707690.71,25177885.35,74417457.97,2,1,6513662.3,2058952.28,3256831.15,2058952.28,1,0,60,3,0,1,1,1,19,71,10.0,190.0,0
Ojeda Construcción S.A.,27172092956,2025-Q4,48,53537116.84,45236013.9,8301102.94,28170856.26,82781470.24,3,1,23154721.01,5401003.83,7718240.34,5401003.83,0,1,90,1,0,0,0,1,33,57,3.0,99.0,0
Olivera Tech,27219006360,2022-Q1,256,56199294.71,29207939.55,26991355.16,20823740.04,96905713.55,3,2,11585277.37,5665342.38,3861759.12,2832671.19,2,0,60,2,0,0,1,1,78,12,5.0,390.0,0
Olivera Tech,27219006360,2022-Q2,256,51292414.66,34820065.78,16472348.88,22074258.95,88841053.56,2,1,11974026.85,3920090.62,5987013.42,3920090.62,1,0,60,0,0,0,0,0,77,13,3.0,231.0,0
Olivera Tech,27219006360,2022-Q3,256,48909051.18,28706784.79,20202266.39,17496836.52,89542039.9,5,3,24544545.53,14462339.23,4908909.11,4820779.74,3,0,60,2,1,1,0,0,71,19,10.0,710.0,0
Olivera Tech,27219006360,2022-Q4,256,50019363.07,30047423.75,19971939.32,24732336.34,97155062.77,4,2,12333887.69,5435664.74,3083471.92,2717832.37,0,2,30,4,1,1,1,1,33,57,8.0,264.0,0
Olivera Tech,27219006360,2023-Q1,256,55490890.26,33916607.61,21574282.65,21752736.17,91077150.99,2,1,9763043.95,4044954.16,4881521.98,4044954.16,1,0,90,2,1,0,1,0,1,89,7.0,7.0,0
Olivera Tech,27219006360,2023-Q2,256,46347526.74,31952115.7,14395411.04,20691123.93,97112739.51,0,0,0.0,0.0,4692406.68,3255123.04,0,0,0,2,0,0,1,1,56,34,9.0,504.0,0
Olivera Tech,27219006360,2023-Q3,256,52743705.83,31065180.13,21678525.7,20761336.97,97946400.64,0,0,0.0,0.0,6524575.72,6806165.76,0,0,0,1,0,0,1,0,89,1,2.0,178.0,1
Olivera Tech,27219006360,2023-Q4,256,56249909.4,33384698.64,22865210.76,19322525.36,91939659.11,0,0,0.0,0.0,8795087.24,9322188.17,0,0,0,1,0,1,0,0,21,69,4.0,84.0,0
Olivera Tech,27219006360,2024-Q1,256,49208565.07,31783988.05,17424577.02,25142508.27,96969455.2,5,3,23324631.18,12015733.95,4664926.24,4005244.65,2,1,60,3,1,0,1,1,17,73,2.0,34.0,0
Olivera Tech,27219006360,2024-Q2,256,49414843.36,32952900.87,16461942.49,21363115.22,102449070.49,4,3,21093918.2,10105817.56,5273479.55,3368605.85,1,2,60,2,0,0,1,1,43,47,9.0,387.0,1
Olivera Tech,27219006360,2024-Q3,256,51328827.3,34835864.45,16492962.85,19919357.13,101351650.43,4,1,26310970.18,4733485.97,6577742.54,4733485.97,0,1,30,3,0,1,1,1,61,29,9.0,549.0,0
Olivera Tech,27219006360,2024-Q4,256,53169211.14,33468179.28,19701031.86,23278273.19,100038353.38,4,2,11811335.03,4843341.37,2952833.76,2421670.69,1,1,90,1,0,0,0,1,30,60,7.0,210.0,0
Olivera Tech,27219006360,2025-Q1,256,53964939.3,30855740.35,23109198.95,25678079.79,102196686.03,0,0,0.0,0.0,6504533.29,5110019.87,0,0,0,3,0,1,1,1,50,40,5.0,250.0,0
Olivera Tech,27219006360,2025-Q2,256,54075279.22,34752281.73,19322997.49,22246145.36,101346758.8,3,1,23944631.05,5257224.42,7981543.68,5257224.42,1,0,60,1,1,0,0,0,15,75,5.0,75.0,0
Olivera Tech,27219006360,2025-Q3,256,49913554.53,30214251.39,19699303.14,18116156.31,94193604.32,2,1,9684314.47,3700853.31,4842157.23,3700853.31,1,0,30,2,1,0,0,1,40,50,6.0,240.0,0
Olivera Tech,27219006360,2025-Q4,256,50817241.65,30855377.31,19961864.34,20148803.85,86443825.43,1,0,5790888.7,0.0,5790888.7,4121522.7,0,0,30,1,0,1,0,0,79,11,2.0,158.0,0
Mansilla Agropecuaria,27359571849,2022-Q1,450,61225323.76,43318707.1,17906616.66,21979569.38,83204893.14,0,0,0.0,0.0,7448908.96,6125304.08,0,0,0,1,0,0,0,1,43,47,9.0,387.0,0
Mansilla Agropecuaria,27359571849,2022-Q2,450,62319273.58,45881657.98,16437615.6,20995577.61,90597652.69,3,2,20879210.89,8353004.29,6959736.96,4176502.15,2,0,90,2,1,0,1,0,80,10,6.0,480.0,0
Mansilla Agropecuaria,27359571849,2022-Q3,450,63675283.03,45541192.22,18134090.81,23155665.39,86830948.42,1,0,3295699.73,0.0,3295699.73,2527261.35,0,0,60,3,1,1,0,1,19,71,6.0,114.0,0
Mansilla Agropecuaria,27359571849,2022-Q4,450,65720406.59,43957079.8,21763326.79,19825570.18,85545976.77,2,1,13930403.61,5490614.79,6965201.81,5490614.79,1,0,30,2,1,1,0,0,8,82,1.0,8.0,1
Mansilla Agropecuaria,27359571849,2023-Q1,450,59750542.61,38841713.29,20908829.32,18726493.42,94524662.13,4,3,18566341.2,8687762.77,4641585.3,2895920.92,3,0,90,0,0,0,0,0,76,14,3.0,228.0,0
Mansilla Agropecuaria,27359571849,2023-Q2,450,54212880.15,40399040.3,13813839.85,20092609.61,85538077.78,1,0,4201991.85,0.0,4201991.85,2936422.73,0,0,30,1,0,0,0,1,54,36,10.0,540.0,0
Mansilla Agropecuaria,27359571849,2023-Q3,450,54415875.07,42801815.1,11614059.97,24227539.28,81103002.33,3,2,9257816.38,5057122.55,3085938.79,2528561.27,0,2,60,2,0,1,0,1,7,83,10.0,70.0,0
Mansilla Agropecuaria,27359571849,2023-Q4,450,61213120.73,39368980.77,21844139.96,20783491.69,82447214.6,4,3,34223301.3,18250868.68,8555825.32,6083622.89,2,1,30,3,1,0,1,1,80,10,9.0,720.0,0
Mansilla Agropecuaria,27359571849,2024-Q1,450,64592305.35,43349890.51,21242414.84,23573562.24,88165867.59,4,1,21653380.92,4375674.88,5413345.23,4375674.88,0,1,30,1,0,0,1,0,41,49,9.0,369.0,0
Mansilla Agropecuaria,27359571849,2024-Q2,450,56062988.46,41710967.86,14352020.6,23375566.12,94664818.3,4,2,24680393.78,9082691.61,6170098.44,4541345.8,0,2,60,3,1,0,1,1,64,26,10.0,640.0,0
Mansilla Agropecuaria,27359571849,2024-Q3,450,65629776.29,38443602.84,27186173.45,21499704.19,87129480.48,0,0,0.0,0.0,9116955.61,6266085.72,0,0,0,3,1,0,1,1,14,76,3.0,42.0,0
Mansilla Agropecuaria,27359571849,2024-Q4,450,61518041.63,43792428.07,17725613.56,17773598.42,89863685.84,3,1,29042231.55,10529572.59,9680743.85,10529572.59,0,1,90,3,1,1,0,1,68,22,7.0,476.0,0
Mansilla Agropecuaria,27359571849,2025-Q1,450,61986080.27,44239417.41,17746662.86,22431870.57,84417950.84,0,0,0.0,0.0,3535186.63,3363432.01,0,0,0,3,0,1,1,1,6,84,10.0,60.0,0
Mansilla Agropecuaria,27359571849,2025-Q2,450,55987439.29,39883742.52,16103696.77,18993790.07,93620942.12,3,2,17870503.12,11075841.99,5956834.37,5537921.0,0,2,90,2,1,0,0,1,20,70,6.0,120.0,0
Mansilla Agropecuaria,27359571849,2025-Q3,450,59026388.43,44491853.75,14534534.68,21960363.42,80986751.85,5,3,41209470.44,23960988.37,8241894.09,7986996.12,2,1,60,2,1,0,1,0,23,67,7.0,161.0,0
Mansilla Agropecuaria,27359571849,2025-Q4,450,60956328.58,40802555.44,20153773.14,18238925.46,91033598.73,4,1,29224160.69,6948511.82,7306040.17,6948511.82,0,1,30,2,0,1,1,0,69,21,4.0,276.0,0
Valdez Industrial,27384266504,2022-Q1,152,70350509.63,65322759.6,5027750.03,17452384.31,102230243.53,3,1,12907379.46,4241219.93,4302459.82,4241219.93,0,1,60,3,0,1,1,1,32,58,2.0,64.0,1
Valdez Industrial,27384266504,2022-Q2,152,67197189.71,61150336.32,6046853.39,22229944.27,114161773.38,2,1,16896443.57,7896866.51,8448221.78,7896866.51,0,1,90,3,1,1,1,0,47,43,8.0,376.0,0
Valdez Industrial,27384266504,2022-Q3,152,78608937.87,69904083.03,8704854.84,24794625.85,103403563.72,5,4,26523357.89,16361158.58,5304671.58,4090289.65,0,4,30,0,0,0,0,0,60,30,7.0,420.0,0
Valdez Industrial,27384266504,2022-Q4,152,67292008.6,62664135.35,4627873.25,24198083.92,109467234.56,2,1,9932253.47,4242192.52,4966126.74,4242192.52,1,0,90,2,1,0,1,0,11,79,10.0,110.0,0
Valdez Industrial,27384266504,2023-Q1,152,68425372.7,66913655.53,1511717.17,18813879.7,112368600.07,3,1,3810709.14,1000000.0,1270236.38,1000000.0,1,0,60,2,1,0,0,1,66,24,4.0,264.0,0
Valdez Industrial,27384266504,2023-Q2,152,71354389.86,63691642.25,7662747.61,24383904.57,103500708.34,1,0,4600345.15,0.0,4600345.15,3121886.14,0,0,90,2,0,1,0,1,55,35,2.0,110.0,0
Valdez Industrial,27384266504,2023-Q3,152,80146440.58,61794362.05,18352078.53,20663769.14,112736972.37,3,2,15544693.76,7108792.98,5181564.59,3554396.49,2,0,90,1,1,0,0,0,25,65,2.0,50.0,0
Valdez Industrial,27384266504,2023-Q4,152,73752757.27,61708216.8,12044540.47,21331373.4,105955180.18,4,3,19413329.19,9855250.36,4853332.3,3285083.45,2,1,90,3,1,1,0,1,52,38,10.0,520.0,0
Valdez Industrial,27384266504,2024-Q1,152,69192979.2,66824557.9,2368421.3,20350717.12,101245097.64,4,2,8728007.29,4123810.22,2182001.82,2061905.11,1,1,60,2,1,1,0,0,59,31,6.0,354.0,0
Valdez Industrial,27384266504,2024-Q2,152,73322397.04,63029932.8,10292464.24,20150601.6,108142073.13,5,2,15254618.69,6711158.67,3050923.74,3355579.33,0,2,90,2,1,0,0,1,45,45,7.0,315.0,0
Valdez Industrial,27384266504,2024-Q3,152,80782701.56,66838137.86,13944563.7,21360362.2,103025855.83,4,3,24908679.86,14926004.42,6227169.96,4975334.81,3,0,60,3,1,0,1,1,30,60,2.0,60.0,0
Valdez Industrial,27384266504,2024-Q4,152,75290886.78,63301127.39,11989759.39,23538188.57,102716864.13,5,4,45657205.64,38223681.09,9131441.13,9555920.27,2,2,30,2,0,0,1,1,71,19,8.0,568.0,0
Valdez Industrial,27384266504,2025-Q1,152,67525760.25,67294844.14,230916.11,23924906.58,94523300.56,5,3,23917612.51,14265716.37,4783522.5,4755238.79,3,0,90,3,1,1,1,0,82,8,6.0,492.0,0
Valdez Industrial,27384266504,2025-Q2,152,72435171.15,66792458.55,5642712.6,18377892.09,113476554.49,3,1,12477015.91,4243475.01,4159005.3,4243475.01,1,0,90,2,1,0,0,1,51,39,10.0,510.0,0
Valdez Industrial,27384266504,2025-Q3,152,78527122.03,67657860.47,10869261.56,19556040.17,98083162.2,1,0,4411929.63,0.0,4411929.63,3223129.18,0,0,60,3,1,1,0,1,42,48,10.0,420.0,0
Valdez Industrial,27384266504,2025-Q4,152,70625831.84,67496760.85,3129070.99,23018236.22,114465605.79,4,1,9039192.24,2303032.11,2259798.06,2303032.11,0,1,60,1,1,0,0,0,20,70,2.0,40.0,0
ServiSur S.A.,27503366687,2022-Q1,407,40118467.7,31227826.97,8890640.73,11015269.91,63520099.79,0,0,0.0,0.0,6879414.78,6270102.16,0,0,0,1,0,0,0,1,51,39,1.0,51.0,0
ServiSur S.A.,27503366687,2022-Q2,407,41600254.11,32357356.93,9242897.18,9664786.27,68709632.99,1,0,1936133.62,0.0,1936133.62,1404574.89,0,0,90,1,0,1,0,0,84,6,1.0,84.0,0
ServiSur S.A.,27503366687,2022-Q3,407,41527940.11,37341907.98,4186032.13,8420577.45,70693523.16,5,3,29619398.77,11594269.88,5923879.75,3864756.63,1,2,60,1,1,0,0,0,29,61,10.0,290.0,0
ServiSur S.A.,27503366687,2022-Q4,407,42309188.28,32309368.72,9999819.56,11511365.39,66357460.82,3,1,11528443.42,3529606.61,3842814.47,3529606.61,1,0,30,2,1,1,0,0,14,76,5.0,70.0,0
ServiSur S.A.,27503366687,2023-Q1,407,43354546.47,37838379.21,5516167.26,11875280.17,65479774.77,4,2,20356450.7,11057806.96,5089112.67,5528903.48,0,2,90,3,1,0,1,1,55,35,8.0,440.0,0
ServiSur S.A.,27503366687,2023-Q2,407,41951713.92,37137724.36,4813989.56,10476639.47,72103338.8,1,0,7124599.69,0.0,7124599.69,5482760.81,0,0,30,0,0,0,0,0,31,59,2.0,62.0,0
ServiSur S.A.,27503366687,2023-Q3,407,41084360.09,37418135.01,3666225.08,9318529.2,59943145.47,4,3,16195774.57,12240013.7,4048943.64,4080004.57,3,0,60,3,1,0,1,1,76,14,2.0,152.0,0
ServiSur S.A.,27503366687,2023-Q4,407,39477311.34,31210545.24,8266766.1,9166704.91,69716640.99,4,3,23934280.16,12523200.54,5983570.04,4174400.18,1,2,30,1,0,1,0,0,53,37,3.0,159.0,0
ServiSur S.A.,27503366687,2024-Q1,407,40497951.7,33877758.8,6620192.9,11165295.53,72341591.62,5,3,42564189.14,22533025.42,8512837.83,7511008.47,2,1,90,3,0,1,1,1,29,61,5.0,145.0,0
ServiSur S.A.,27503366687,2024-Q2,407,37220447.1,36997903.65,222543.45,8877888.63,65037458.66,2,1,14517591.78,5114962.44,7258795.89,5114962.44,1,0,60,2,0,1,0,1,62,28,8.0,496.0,0
ServiSur S.A.,27503366687,2024-Q3,407,39735583.65,36403307.08,3332276.57,11898916.65,68910530.95,4,2,15806197.83,5945609.54,3951549.46,2972804.77,2,0,90,2,1,0,1,0,64,26,6.0,384.0,0
ServiSur S.A.,27503366687,2024-Q4,407,42680986.48,37706740.26,4974246.22,8821680.19,61287694.78,1,0,5985906.92,0.0,5985906.92,6525922.26,0,0,30,2,1,1,0,0,39,51,2.0,78.0,0
ServiSur S.A.,27503366687,2025-Q1,407,40510773.24,31256057.52,9254715.72,9173187.86,72557985.65,2,1,6461556.21,2062703.74,3230778.1,2062703.74,1,0,30,3,1,0,1,1,59,31,6.0,354.0,0
ServiSur S.A.,27503366687,2025-Q2,407,37947119.79,34402500.42,3544619.37,8598527.8,64090744.93,4,2,40310189.51,12542548.39,10077547.38,6271274.2,0,2,30,2,0,1,1,0,78,12,5.0,390.0,0
ServiSur S.A.,27503366687,2025-Q3,407,38158765.55,32440479.53,5718286.02,11243773.09,69210697.22,2,1,11351398.32,5788915.67,5675699.16,5788915.67,0,1,30,2,0,1,1,0,18,72,7.0,126.0,0
ServiSur S.A.,27503366687,2025-Q4,407,44228900.97,36239831.58,7989069.39,8700068.19,72018310.72,1,0,5295396.71,0.0,5295396.71,5097890.35,0,0,60,4,1,1,1,1,34,56,4.0,136.0,0
Campos Agropecuaria,27508466957,2022-Q1,245,70774182.67,50173372.31,20600810.36,14496830.96,95939722.75,2,1,17522168.76,6286833.63,8761084.38,6286833.63,0,1,90,0,0,0,0,0,2,88,6.0,12.0,0
Campos Agropecuaria,27508466957,2022-Q2,245,69214420.75,52123783.78,17090636.97,16474991.87,85689412.62,4,3,25560000.54,19333056.91,6390000.13,6444352.3,1,2,60,1,0,0,0,1,38,52,8.0,304.0,0
Campos Agropecuaria,27508466957,2022-Q3,245,63444030.06,51446487.07,11997542.99,17529866.71,98503008.59,3,2,19289347.48,10548561.63,6429782.49,5274280.82,1,1,30,3,0,1,1,1,5,85,5.0,25.0,0
Campos Agropecuaria,27508466957,2022-Q4,245,63575904.7,54874219.49,8701685.21,16886492.4,85384636.64,4,2,16296688.9,7525760.16,4074172.23,3762880.08,0,2,90,3,1,1,1,0,44,46,3.0,132.0,0
Campos Agropecuaria,27508466957,2023-Q1,245,68568963.39,52722580.76,15846382.63,19375252.18,90126354.6,4,1,20248804.22,3471421.43,5062201.06,3471421.43,0,1,60,2,0,1,0,1,17,73,1.0,17.0,0
Campos Agropecuaria,27508466957,2023-Q2,245,63010478.38,57930179.06,5080299.32,15848570.78,92652576.01,3,1,15685301.64,4429452.7,5228433.88,4429452.7,1,0,60,2,1,1,0,0,69,21,3.0,207.0,0
Campos Agropecuaria,27508466957,2023-Q3,245,74030646.49,53942938.2,20087708.29,15052465.4,89083111.89,0,0,0.0,0.0,8073590.87,4989147.66,0,0,0,2,1,1,0,0,90,0,7.0,630.0,0
Campos Agropecuaria,27508466957,2023-Q4,245,67988762.63,59141983.41,8846779.22,18228084.98,86216847.6,0,0,0.0,0.0,5667227.47,4893912.88,0,0,0,3,1,0,1,1,37,53,2.0,74.0,0
Campos Agropecuaria,27508466957,2024-Q1,245,70530571.61,49505548.51,21025023.1,17672304.0,88202875.61,3,1,16033201.2,4457088.81,5344400.4,4457088.81,1,0,90,1,0,0,1,0,23,67,8.0,184.0,0
Campos Agropecuaria,27508466957,2024-Q2,245,66921354.72,50060308.98,16861045.74,16228253.97,89442845.28,4,2,33656583.1,10532383.31,8414145.78,5266191.66,2,0,90,3,1,1,1,0,36,54,8.0,288.0,0
Campos Agropecuaria,27508466957,2024-Q3,245,63245396.5,50088839.71,13156556.79,19557000.77,93115501.1,5,3,36717672.17,18051050.95,7343534.43,6017016.98,1,2,90,1,1,0,0,0,82,8,8.0,656.0,0
Campos Agropecuaria,27508466957,2024-Q4,245,72025401.61,53339256.53,18686145.08,13407628.95,85433030.57,4,2,23553046.96,10502784.03,5888261.74,5251392.02,2,0,90,2,0,0,1,1,83,7,1.0,83.0,0
Campos Agropecuaria,27508466957,2025-Q1,245,72182539.83,51112472.35,21070067.48,15728127.16,98242275.7,2,0,10877710.45,0.0,5438855.22,4880111.68,0,0,30,3,0,1,1,1,41,49,10.0,410.0,1
Campos Agropecuaria,27508466957,2025-Q2,245,68051594.28,59150895.08,8900699.2,15899478.84,99021380.81,5,2,31599112.39,11979963.78,6319822.48,5989981.89,1,1,90,1,0,0,1,0,6,84,9.0,54.0,0
Campos Agropecuaria,27508466957,2025-Q3,245,70914504.01,57829331.25,13085172.76,16453889.05,98925512.98,0,0,0.0,0.0,3730119.93,2536993.35,0,0,0,3,1,0,1,1,84,6,8.0,672.0,0
Campos Agropecuaria,27508466957,2025-Q4,245,66872480.75,55426973.96,11445506.79,16547293.74,98343135.56,1,0,6966814.63,0.0,6966814.63,6859537.12,0,0,30,1,0,0,1,0,53,37,10.0,530.0,0
ServiVal SRL,27529413888,2022-Q1,140,43142663.87,30225422.66,12917241.21,22856593.08,74163456.81,0,0,0.0,0.0,5780845.6,5149696.29,0,0,0,1,1,0,0,0,83,7,2.0,166.0,0
ServiVal SRL,27529413888,2022-Q2,140,43904752.21,31115969.77,12788782.44,17102906.32,80919302.4,0,0,0.0,0.0,5378730.79,3312216.24,0,0,0,1,0,0,1,0,19,71,5.0,95.0,0
ServiVal SRL,27529413888,2022-Q3,140,41449624.38,29008672.85,12440951.53,17106807.01,79368249.18,3,2,12822293.9,8168110.75,4274097.97,4084055.37,2,0,60,4,1,1,1,1,75,15,2.0,150.0,0
ServiVal SRL,27529413888,2022-Q4,140,38810452.93,29650315.69,9160137.24,23555134.51,74083289.59,0,0,0.0,0.0,2806956.95,2552639.02,0,0,0,2,1,1,0,0,89,1,3.0,267.0,1
ServiVal SRL,27529413888,2023-Q1,140,39708656.35,28715345.23,10993311.12,22501229.97,74257615.56,0,0,0.0,0.0,4890859.5,3037697.01,0,0,0,2,1,1,0,0,74,16,10.0,740.0,0
ServiVal SRL,27529413888,2023-Q2,140,41021676.17,27475609.85,13546066.32,20922946.92,80517505.96,5,3,36065438.36,23754579.39,7213087.67,7918193.13,3,0,60,0,0,0,0,0,23,67,6.0,138.0,0
ServiVal SRL,27529413888,2023-Q3,140,44142250.86,29898929.36,14243321.5,16747333.72,76351459.49,5,4,21647170.69,11411228.84,4329434.14,2852807.21,1,3,60,3,0,1,1,1,31,59,2.0,62.0,1
ServiVal SRL,27529413888,2023-Q4,140,38936912.09,32726352.4,6210559.69,22564707.88,79831027.99,4,2,4000000.0,2152635.21,1000000.0,1076317.61,0,2,90,0,0,0,0,0,48,42,1.0,48.0,0
ServiVal SRL,27529413888,2024-Q1,140,41825353.94,28333713.87,13491640.07,23741107.14,85834382.14,5,3,25562817.94,9233418.33,5112563.59,3077806.11,0,3,90,2,0,0,1,1,62,28,9.0,558.0,0
ServiVal SRL,27529413888,2024-Q2,140,42335243.97,28256506.84,14078737.13,18842831.63,81950519.13,5,2,39288157.8,10825690.44,7857631.56,5412845.22,2,0,90,4,1,1,1,1,86,4,6.0,516.0,0
ServiVal SRL,27529413888,2024-Q3,140,39762520.01,31972181.92,7790338.09,21153027.85,79837227.68,3,2,22133607.18,13772413.35,7377869.06,6886206.67,1,1,30,2,1,0,1,0,19,71,6.0,114.0,0
ServiVal SRL,27529413888,2024-Q4,140,41636703.77,28113280.74,13523423.03,21877878.12,86463835.27,3,1,30249232.71,8143065.48,10083077.57,8143065.48,0,1,30,2,0,1,0,1,44,46,7.0,308.0,1
ServiVal SRL,27529413888,2025-Q1,140,39783174.5,32467195.44,7315979.06,18860453.46,78723072.53,1,0,3512017.68,0.0,3512017.68,2807802.16,0,0,30,3,0,1,1,1,24,66,8.0,192.0,0
ServiVal SRL,27529413888,2025-Q2,140,38177582.22,27364475.3,10813106.92,22785458.4,75975075.45,1,0,4482719.64,0.0,4482719.64,3317456.66,0,0,60,3,1,1,0,1,78,12,2.0,156.0,0
ServiVal SRL,27529413888,2025-Q3,140,42049267.92,30055932.64,11993335.28,19187817.22,76453349.38,5,2,29255505.03,7619110.2,5851101.01,3809555.1,0,2,60,2,0,1,0,1,87,3,10.0,870.0,0
ServiVal SRL,27529413888,2025-Q4,140,37391382.56,28112324.78,9279057.78,20980701.94,75402810.84,3,2,11129556.25,7584770.78,3709852.08,3792385.39,0,2,90,4,1,1,1,1,32,58,1.0,32.0,0
XSN TEC SAS,27654273796,2022-Q1,200,54066138.95,35914459.01,18151679.94,18921719.6,104175807.25,0,0,0.0,0.0,4179922.22,2584971.62,0,0,0,3,0,1,1,1,42,48,5.0,210.0,0
XSN TEC SAS,27654273796,2022-Q2,200,61445096.52,37884049.53,23561046.99,15014052.31,93807809.32,4,2,38413140.83,17842605.87,9603285.21,8921302.94,0,2,90,3,1,1,0,1,51,39,4.0,204.0,0
XSN TEC SAS,27654273796,2022-Q3,200,52051948.67,41520902.92,10531045.75,16794695.86,91117164.08,3,1,21978674.29,6362197.62,7326224.76,6362197.62,1,0,30,1,0,1,0,0,31,59,8.0,248.0,1
XSN TEC SAS,27654273796,2022-Q4,200,52338535.64,41913135.09,10425400.55,16983204.76,94999971.97,0,0,0.0,0.0,7238235.97,4854176.29,0,0,0,2,0,1,1,0,2,88,3.0,6.0,0
XSN TEC SAS,27654273796,2023-Q1,200,60647973.61,40917187.43,19730786.18,14403510.8,87430954.09,5,4,24710749.41,21008573.74,4942149.88,5252143.44,0,4,60,3,1,1,1,0,27,63,1.0,27.0,0
XSN TEC SAS,27654273796,2023-Q2,200,52206461.89,35197383.13,17009078.76,19501047.3,93797323.1,4,2,24588712.89,13185677.79,6147178.22,6592838.89,1,1,60,2,1,0,0,1,19,71,1.0,19.0,0
XSN TEC SAS,27654273796,2023-Q3,200,52011425.24,34853347.6,17158077.64,14667461.91,90655542.49,1,0,3041734.89,0.0,3041734.89,3126042.19,0,0,30,1,0,0,1,0,87,3,9.0,783.0,0
XSN TEC SAS,27654273796,2023-Q4,200,59212213.54,38718739.99,20493473.55,14868835.26,91807485.2,4,2,24912940.57,13449251.5,6228235.14,6724625.75,1,1,90,3,1,1,0,1,52,38,10.0,520.0,0
XSN TEC SAS,27654273796,2024-Q1,200,51636343.81,39161797.55,12474546.26,17529158.09,101600095.87,4,2,38701965.05,12544502.95,9675491.26,6272251.47,0,2,90,1,1,0,0,0,14,76,2.0,28.0,0
XSN TEC SAS,27654273796,2024-Q2,200,58980849.62,36023712.2,22957137.42,19734703.87,88764881.2,1,0,4062094.09,0.0,4062094.09,3753149.9,0,0,60,2,1,0,1,0,67,23,8.0,536.0,0
XSN TEC SAS,27654273796,2024-Q3,200,51572977.16,37338279.19,14234697.97,14664220.41,103138284.11,2,1,16525428.61,5594154.75,8262714.3,5594154.75,1,0,90,3,1,1,1,0,5,85,8.0,40.0,0
XSN TEC SAS,27654273796,2024-Q4,200,56063672.81,36432641.99,19631030.82,15260510.05,93656164.43,2,1,13840898.69,6682261.01,6920449.35,6682261.01,1,0,90,2,1,0,0,1,57,33,9.0,513.0,0
XSN TEC SAS,27654273796,2025-Q1,200,56999517.67,34883760.85,22115756.82,19164711.06,103832127.01,2,1,14175958.46,7021722.63,7087979.23,7021722.63,0,1,30,2,0,1,1,0,54,36,4.0,216.0,0
XSN TEC SAS,27654273796,2025-Q2,200,54919253.19,38595974.93,16323278.26,16355019.08,90917813.54,2,1,12195753.57,6452731.78,6097876.79,6452731.78,0,1,90,1,0,1,0,0,3,87,6.0,18.0,0
XSN TEC SAS,27654273796,2025-Q3,200,53537256.01,34738743.18,18798512.83,14248682.7,86101489.21,1,0,6288572.3,0.0,6288572.3,4113129.27,0,0,90,3,1,1,1,0,2,88,9.0,18.0,0
XSN TEC SAS,27654273796,2025-Q4,200,58003311.65,34773335.53,23229976.12,16496128.69,99635476.53,3,1,16335578.49,5269763.34,5445192.83,5269763.34,0,1,60,3,1,1,1,0,87,3,7.0,609.0,0
Castro Comercial,27666785237,2022-Q1,350,38059625.48,25699539.03,12360086.45,21604209.79,83066006.4,1,0,10254488.65,0.0,10254488.65,9801842.78,0,0,60,2,1,0,1,0,49,41,3.0,147.0,0
Castro Comercial,27666785237,2022-Q2,350,39414873.39,28018636.59,11396236.8,27421234.58,79011204.86,2,1,16460026.83,7903055.33,8230013.41,7903055.33,1,0,30,1,0,1,0,0,11,79,3.0,33.0,0
Castro Comercial,27666785237,2022-Q3,350,40742225.85,26299130.49,14443095.36,28175645.67,70323620.83,4,2,22886278.29,9355605.73,5721569.57,4677802.86,0,2,90,3,1,1,1,0,46,44,3.0,138.0,0
Castro Comercial,27666785237,2022-Q4,350,43439110.04,28335414.56,15103695.48,20097926.47,75736140.16,3,1,17150654.78,4542961.69,5716884.93,4542961.69,0,1,90,2,1,0,0,1,37,53,2.0,74.0,0
Castro Comercial,27666785237,2023-Q1,350,42687535.08,23783176.64,18904358.44,27372182.1,73629896.49,1,0,6403538.84,0.0,6403538.84,5477699.72,0,0,30,1,1,0,0,0,59,31,2.0,118.0,0
Castro Comercial,27666785237,2023-Q2,350,43929641.66,27042176.61,16887465.05,22214228.87,73501538.41,2,1,13806014.08,4598250.04,6903007.04,4598250.04,1,0,90,3,1,1,0,1,60,30,8.0,480.0,0
Castro Comercial,27666785237,2023-Q3,350,39909848.69,25318903.47,14590945.22,24731072.72,73382801.7,2,1,15638729.53,7879515.22,7819364.77,7879515.22,0,1,90,2,0,1,1,0,22,68,6.0,132.0,0
Castro Comercial,27666785237,2023-Q4,350,44009947.51,26869109.16,17140838.35,24736117.84,81236544.51,0,0,0.0,0.0,2561083.6,2059635.53,0,0,0,2,1,1,0,0,3,87,7.0,21.0,0
Castro Comercial,27666785237,2024-Q1,350,43862455.78,25370292.73,18492163.05,28793431.49,83557756.43,3,1,23368086.05,5339861.44,7789362.02,5339861.44,0,1,60,1,0,0,0,1,70,20,7.0,490.0,0
Castro Comercial,27666785237,2024-Q2,350,44603503.9,24708774.92,19894728.98,21659556.59,78996684.58,1,0,5727997.13,0.0,5727997.13,5651037.64,0,0,30,3,1,0,1,1,3,87,1.0,3.0,0
Castro Comercial,27666785237,2024-Q3,350,44784845.24,25842648.64,18942196.6,27228725.86,79512344.77,5,2,25940564.74,10720466.44,5188112.95,5360233.22,2,0,90,2,1,1,0,0,23,67,4.0,92.0,0
Castro Comercial,27666785237,2024-Q4,350,37234283.71,27054646.8,10179636.91,21047732.39,79408403.54,1,0,9752075.05,0.0,9752075.05,7646065.07,0,0,60,1,0,1,0,0,37,53,9.0,333.0,0
Castro Comercial,27666785237,2025-Q1,350,38768098.94,24116325.46,14651773.48,25084610.93,76689410.92,5,4,30956414.67,25388036.21,6191282.93,6347009.05,2,2,90,3,1,1,1,0,73,17,1.0,73.0,0
Castro Comercial,27666785237,2025-Q2,350,43165563.04,28183689.9,14981873.14,22278845.88,76907524.44,1,0,6155123.45,0.0,6155123.45,6009270.7,0,0,30,0,0,0,0,0,16,74,2.0,32.0,0
Castro Comercial,27666785237,2025-Q3,350,37634050.29,25662080.66,11971969.63,26657102.09,80539562.56,0,0,0.0,0.0,7950883.11,7789370.17,0,0,0,0,0,0,0,0,25,65,4.0,100.0,0
Castro Comercial,27666785237,2025-Q4,350,40104194.11,28852932.87,11251261.24,22452047.34,70078109.89,3,2,14751512.95,8762016.39,4917170.98,4381008.19,0,2,60,2,1,1,0,0,88,2,2.0,176.0,0
ServiMax SAS,27691690550,2022-Q1,221,65742987.19,48388676.62,17354310.57,30209157.01,104203949.61,2,1,4644724.27,1910738.73,2322362.13,1910738.73,1,0,60,3,1,0,1,1,76,14,1.0,76.0,0
ServiMax SAS,27691690550,2022-Q2,221,65492709.51,51074782.0,14417927.51,29503301.12,107632343.11,4,2,15122196.75,4624386.37,3780549.19,2312193.18,0,2,60,1,0,1,0,0,89,1,3.0,267.0,0
ServiMax SAS,27691690550,2022-Q3,221,68947739.39,44516410.9,24431328.49,33365292.28,102313031.66,2,1,16587176.65,7239670.43,8293588.32,7239670.43,0,1,90,2,0,0,1,1,29,61,10.0,290.0,0
ServiMax SAS,27691690550,2022-Q4,221,61699811.94,49134321.03,12565490.91,33810341.81,109061448.18,3,2,11233242.14,6615328.41,3744414.05,3307664.2,2,0,90,1,0,0,0,1,19,71,7.0,133.0,0
ServiMax SAS,27691690550,2023-Q1,221,67051001.83,49780010.15,17270991.68,36475618.74,103526620.56,2,0,13189216.98,0.0,6594608.49,6799881.62,0,0,90,2,0,1,1,0,64,26,3.0,192.0,0
ServiMax SAS,27691690550,2023-Q2,221,69381128.43,47557442.61,21823685.82,35965498.36,105346626.8,0,0,0.0,0.0,4356940.41,4044726.42,0,0,0,4,1,1,1,1,56,34,5.0,280.0,0
ServiMax SAS,27691690550,2023-Q3,221,63780610.52,51963994.36,11816616.16,29504930.53,101396986.14,5,4,22746931.7,12509343.29,4549386.34,3127335.82,1,3,60,2,1,0,1,0,40,50,4.0,160.0,0
ServiMax SAS,27691690550,2023-Q4,221,62820665.68,52153383.3,10667282.38,38010972.08,100831637.76,5,2,33872419.27,14844114.54,6774483.85,7422057.27,2,0,90,1,0,1,0,0,73,17,10.0,730.0,0
ServiMax SAS,27691690550,2024-Q1,221,62331839.16,49275036.07,13056803.09,30039708.39,99721452.78,1,0,7597660.9,0.0,7597660.9,6837619.62,0,0,60,1,0,0,1,0,39,51,2.0,78.0,0
ServiMax SAS,27691690550,2024-Q2,221,65721645.59,49271060.49,16450585.1,28249460.02,93971105.61,2,1,14558426.06,5677903.73,7279213.03,5677903.73,0,1,90,1,0,1,0,0,36,54,4.0,144.0,0
ServiMax SAS,27691690550,2024-Q3,221,59920875.48,53840479.51,6080395.97,26446186.54,98823878.68,5,2,16970871.26,5628734.82,3394174.25,2814367.41,0,2,60,1,1,0,0,0,11,79,1.0,11.0,1
ServiMax SAS,27691690550,2024-Q4,221,65192933.64,53295214.53,11897719.11,25783727.18,107186444.9,0,0,0.0,0.0,7035068.29,6696645.58,0,0,0,2,0,1,1,0,58,32,8.0,464.0,1
ServiMax SAS,27691690550,2025-Q1,221,68792590.96,50160276.26,18632314.7,30968515.23,99761106.19,4,1,24716108.73,5834232.57,6179027.18,5834232.57,1,0,60,3,0,1,1,1,21,69,9.0,189.0,0
ServiMax SAS,27691690550,2025-Q2,221,66285574.97,44924563.6,21361011.37,29976847.15,105199724.88,3,1,11803020.81,2641919.55,3934340.27,2641919.55,0,1,90,3,0,1,1,1,71,19,3.0,213.0,0
ServiMax SAS,27691690550,2025-Q3,221,63053298.37,53297756.88,9755541.49,36928548.48,100503652.62,4,3,19998129.28,11464315.15,4999532.32,3821438.38,3,0,30,1,0,0,1,0,50,40,10.0,500.0,0
ServiMax SAS,27691690550,2025-Q4,221,63789525.02,50864781.99,12924743.03,26249988.04,99329600.06,3,1,28429039.87,6051617.32,9476346.62,6051617.32,1,0,90,3,1,0,1,1,76,14,8.0,608.0,0
Torres Servicios,27737670096,2022-Q1,447,53352889.73,54228723.39,-875833.66,9551378.31,74659797.31,2,1,15261746.01,8266491.06,7630873.0,8266491.06,0,1,30,0,0,0,0,0,62,28,1.0,62.0,0
Torres Servicios,27737670096,2022-Q2,447,53118731.68,48254907.03,4863824.65,11114555.18,84839560.95,4,2,34806341.19,17306139.72,8701585.3,8653069.86,0,2,30,3,1,1,0,1,85,5,1.0,85.0,0
Torres Servicios,27737670096,2022-Q3,447,62359292.84,52865323.26,9493969.58,10360758.47,75753993.1,2,1,8484808.95,3180793.22,4242404.48,3180793.22,1,0,90,2,1,1,0,0,28,62,9.0,252.0,0
Torres Servicios,27737670096,2022-Q4,447,54889211.53,54875573.37,13638.16,11332525.36,74660981.45,0,0,0.0,0.0,10344856.73,11022029.06,0,0,0,3,1,1,0,1,6,84,6.0,36.0,0
Torres Servicios,27737670096,2023-Q1,447,59832919.61,49309078.98,10523840.63,9084749.66,80330186.1,2,1,12035325.06,3632682.08,6017662.53,3632682.08,1,0,60,3,1,1,0,1,14,76,7.0,98.0,0
Torres Servicios,27737670096,2023-Q2,447,52565652.42,50849881.0,1715771.42,10897953.04,86091066.91,1,0,2623212.49,0.0,2623212.49,2390125.12,0,0,30,1,0,0,1,0,61,29,5.0,305.0,0
Torres Servicios,27737670096,2023-Q3,447,63160434.25,54638304.16,8522130.09,10811438.35,78202093.75,3,1,15970525.3,5095102.7,5323508.43,5095102.7,0,1,60,2,1,1,0,0,19,71,8.0,152.0,0
Torres Servicios,27737670096,2023-Q4,447,59170189.97,51163351.92,8006838.05,9976992.48,74826231.39,5,2,23509206.87,6438029.62,4701841.37,3219014.81,2,0,30,1,0,0,0,1,19,71,5.0,95.0,0
Torres Servicios,27737670096,2024-Q1,447,52614054.99,46491666.27,6122388.72,10813534.23,73583987.39,5,3,39182723.67,25841089.54,7836544.73,8613696.51,0,3,30,3,0,1,1,1,42,48,2.0,84.0,0
Torres Servicios,27737670096,2024-Q2,447,61147213.17,54653576.76,6493636.41,10081930.29,87633326.54,0,0,0.0,0.0,6062591.75,3818967.45,0,0,0,0,0,0,0,0,11,79,8.0,88.0,0
Torres Servicios,27737670096,2024-Q3,447,55441904.27,48930461.53,6511442.74,10102187.64,75675034.07,2,1,9063596.4,2805383.92,4531798.2,2805383.92,1,0,30,2,1,0,1,0,40,50,10.0,400.0,0
Torres Servicios,27737670096,2024-Q4,447,62167189.55,50570776.92,11596412.63,8738403.1,82712134.38,1,0,3454267.55,0.0,3454267.55,3792699.87,0,0,60,3,1,0,1,1,38,52,6.0,228.0,0
Torres Servicios,27737670096,2025-Q1,447,62999258.26,48108878.89,14890379.37,8510233.58,75958836.97,2,1,14433735.54,5502165.86,7216867.77,5502165.86,1,0,60,1,1,0,0,0,25,65,7.0,175.0,0
Torres Servicios,27737670096,2025-Q2,447,59629222.64,53208640.57,6420582.07,10965386.08,75125782.52,1,0,5768467.63,0.0,5768467.63,5499637.59,0,0,60,2,0,0,1,1,85,5,3.0,255.0,0
Torres Servicios,27737670096,2025-Q3,447,57717291.45,47604601.59,10112689.86,10744968.62,86842019.78,4,3,4000000.0,3000000.0,1000000.0,1000000.0,0,3,90,0,0,0,0,0,27,63,3.0,81.0,0
Torres Servicios,27737670096,2025-Q4,447,52668242.53,52760338.99,-92096.46,11172561.94,78606532.47,1,0,6686176.35,0.0,6686176.35,4952190.45,0,0,60,2,0,1,0,1,68,22,6.0,408.0,0
Perez Agricultura S.A.S.,27758537213,2022-Q1,343,48805609.28,42548696.57,6256912.71,21251686.78,79071476.3,4,2,28682623.85,13664803.95,7170655.96,6832401.98,1,1,60,2,0,1,0,1,14,76,7.0,98.0,0
Perez Agricultura S.A.S.,27758537213,2022-Q2,343,52368954.62,44016902.44,8352052.18,20510246.41,78260376.74,1,0,5579263.5,0.0,5579263.5,4006533.37,0,0,90,0,0,0,0,0,71,19,2.0,142.0,0
Perez Agricultura S.A.S.,27758537213,2022-Q3,343,50655393.17,47199001.74,3456391.43,21638724.38,94504880.67,5,4,34986332.36,23555335.3,6997266.47,5888833.82,3,1,90,4,1,1,1,1,53,37,2.0,106.0,1
Perez Agricultura S.A.S.,27758537213,2022-Q4,343,58138805.86,45294490.16,12844315.7,17518720.9,92952725.18,2,1,8791533.84,2885245.52,4395766.92,2885245.52,1,0,90,4,1,1,1,1,60,30,6.0,360.0,0
Perez Agricultura S.A.S.,27758537213,2023-Q1,343,49011663.3,47376492.47,1635170.83,22574562.18,84172867.25,5,3,23525843.5,15441129.71,4705168.7,5147043.24,0,3,90,3,1,1,1,0,19,71,5.0,95.0,0
Perez Agricultura S.A.S.,27758537213,2023-Q2,343,55691628.1,48865709.82,6825918.28,24408053.72,83829417.66,2,1,5679663.73,1708317.83,2839831.87,1708317.83,1,0,60,0,0,0,0,0,62,28,4.0,248.0,1
Perez Agricultura S.A.S.,27758537213,2023-Q3,343,53167978.23,47631924.81,5536053.42,16509013.01,88927608.8,3,1,17098573.03,5734070.1,5699524.34,5734070.1,1,0,90,2,0,1,0,1,13,77,8.0,104.0,0
Perez Agricultura S.A.S.,27758537213,2023-Q4,343,49069952.9,45245019.13,3824933.77,20537738.5,88623078.66,2,1,4342496.03,1949754.65,2171248.01,1949754.65,0,1,30,2,0,0,1,1,60,30,10.0,600.0,0
Perez Agricultura S.A.S.,27758537213,2024-Q1,343,57278069.51,43080002.84,14198066.67,18400633.81,89871417.21,2,1,7205860.05,2716124.42,3602930.02,2716124.42,1,0,30,3,1,0,1,1,30,60,8.0,240.0,0
Perez Agricultura S.A.S.,27758537213,2024-Q2,343,57781006.37,49347504.89,8433501.48,20167850.14,90237412.79,0,0,0.0,0.0,6416013.02,4194942.47,0,0,0,2,1,0,0,1,64,26,1.0,64.0,0
Perez Agricultura S.A.S.,27758537213,2024-Q3,343,53991118.78,48991734.64,4999384.14,21797410.53,88261507.84,5,2,28929116.65,10335402.67,5785823.33,5167701.34,2,0,30,1,0,0,1,0,58,32,5.0,290.0,0
Perez Agricultura S.A.S.,27758537213,2024-Q4,343,57840167.47,44315576.36,13524591.11,24267275.78,86119106.03,3,1,7597073.21,1800636.47,2532357.74,1800636.47,0,1,60,4,1,1,1,1,87,3,4.0,348.0,0
Perez Agricultura S.A.S.,27758537213,2025-Q1,343,49651960.49,47221211.55,2430748.94,18314116.85,80396842.31,4,3,22251064.53,12598935.45,5562766.13,4199645.15,1,2,30,1,0,1,0,0,70,20,9.0,630.0,0
Perez Agricultura S.A.S.,27758537213,2025-Q2,343,56606253.77,46249130.37,10357123.4,18187524.2,83812379.59,1,0,5880187.68,0.0,5880187.68,4337828.91,0,0,60,3,1,1,0,1,39,51,9.0,351.0,0
Perez Agricultura S.A.S.,27758537213,2025-Q3,343,49477701.94,42783655.31,6694046.63,20535793.02,91586698.79,0,0,0.0,0.0,5461105.55,3878133.41,0,0,0,0,0,0,0,0,77,13,5.0,385.0,0
Perez Agricultura S.A.S.,27758537213,2025-Q4,343,53870701.59,47128236.01,6742465.58,16369210.88,80152095.16,5,2,24015163.45,7111768.44,4803032.69,3555884.22,0,2,30,3,1,1,0,1,11,79,8.0,88.0,0
HBS RES S.A.,27773443667,2022-Q1,101,54335168.11,32997612.52,21337555.59,8949262.6,80333920.47,5,2,5000000.0,2172208.51,1000000.0,1086104.25,2,0,60,2,1,0,1,0,55,35,8.0,440.0,0
HBS RES S.A.,27773443667,2022-Q2,101,51793021.63,30917990.99,20875030.64,10406304.22,78916958.35,3,1,18493106.11,5165896.92,6164368.7,5165896.92,0,1,90,2,0,0,1,1,65,25,8.0,520.0,0
HBS RES S.A.,27773443667,2022-Q3,101,57798783.89,30614545.84,27184238.05,7536992.31,78423718.49,0,0,0.0,0.0,4240935.97,2552497.28,0,0,0,1,0,1,0,0,60,30,1.0,60.0,0
HBS RES S.A.,27773443667,2022-Q4,101,56367054.98,30318364.16,26048690.82,8383107.48,70917259.29,5,2,20490108.81,6333409.35,4098021.76,3166704.68,0,2,60,2,1,0,1,0,45,45,10.0,450.0,0
HBS RES S.A.,27773443667,2023-Q1,101,57639530.55,31462700.17,26176830.38,9581369.52,79025597.3,1,0,3047140.4,0.0,3047140.4,2043804.55,0,0,30,2,1,0,1,0,44,46,8.0,352.0,0
HBS RES S.A.,27773443667,2023-Q2,101,57559645.57,34123917.84,23435727.73,7448638.84,74863229.9,4,2,31317693.71,13959429.23,7829423.43,6979714.62,0,2,60,1,0,0,0,1,36,54,4.0,144.0,0
HBS RES S.A.,27773443667,2023-Q3,101,52893895.94,33047048.73,19846847.21,9193707.66,71932923.36,1,0,5139430.56,0.0,5139430.56,3458059.68,0,0,60,2,1,1,0,0,36,54,10.0,360.0,0
HBS RES S.A.,27773443667,2023-Q4,101,51425209.9,34080556.43,17344653.47,9525194.57,79395729.75,3,1,24470535.16,6694763.02,8156845.05,6694763.02,1,0,30,1,0,0,1,0,58,32,2.0,116.0,0
HBS RES S.A.,27773443667,2024-Q1,101,50463952.9,35543894.26,14920058.64,8993007.77,74241041.73,0,0,0.0,0.0,4881482.36,5047038.79,0,0,0,2,0,1,0,1,78,12,10.0,780.0,0
HBS RES S.A.,27773443667,2024-Q2,101,50171890.98,33263601.56,16908289.42,9527811.76,71773949.44,0,0,0.0,0.0,6530672.33,4920193.96,0,0,0,4,1,1,1,1,68,22,6.0,408.0,0
HBS RES S.A.,27773443667,2024-Q3,101,55898018.86,31917560.85,23980458.01,9977274.06,71827938.16,3,2,21045676.59,12068753.87,7015225.53,6034376.93,0,2,30,2,0,0,1,1,54,36,1.0,54.0,0
HBS RES S.A.,27773443667,2024-Q4,101,47916957.97,29995304.78,17921653.19,8434533.39,81541501.0,5,2,10047683.73,3571731.71,2009536.75,1785865.85,2,0,60,2,0,0,1,1,89,1,1.0,89.0,0
HBS RES S.A.,27773443667,2025-Q1,101,47839094.86,29713094.63,18126000.23,8801356.0,79248926.23,3,2,24949019.79,13116218.86,8316339.93,6558109.43,0,2,30,2,1,0,0,1,26,64,10.0,260.0,0
HBS RES S.A.,27773443667,2025-Q2,101,56000571.27,34652565.2,21348006.07,8470238.49,79567439.34,0,0,0.0,0.0,9385820.09,6994569.92,0,0,0,2,0,0,1,1,53,37,9.0,477.0,0
HBS RES S.A.,27773443667,2025-Q3,101,50606641.8,34329269.97,16277371.83,10258562.13,70426895.78,1,0,6740444.37,0.0,6740444.37,6298263.76,0,0,90,1,1,0,0,0,61,29,4.0,244.0,0
HBS RES S.A.,27773443667,2025-Q4,101,51863061.8,32465342.17,19397719.63,7422688.9,70942717.54,1,0,7626003.62,0.0,7626003.62,6825828.38,0,0,30,2,0,1,0,1,68,22,7.0,476.0,0
Gonzalez Agropecuaria,27780531709,2022-Q1,237,66001007.02,55616273.52,10384733.5,27905572.3,107143841.48,4,2,16437947.59,5389679.78,4109486.9,2694839.89,1,1,90,2,1,1,0,0,11,79,6.0,66.0,0
Gonzalez Agropecuaria,27780531709,2022-Q2,237,61839872.57,54021310.61,7818561.96,33593153.46,113306289.36,0,0,0.0,0.0,3045714.07,3311364.36,0,0,0,3,1,1,0,1,21,69,1.0,21.0,0
Gonzalez Agropecuaria,27780531709,2022-Q3,237,65052174.07,50988569.3,14063604.77,32923605.1,104962231.78,4,3,4000000.0,3000000.0,1000000.0,1000000.0,2,1,30,1,0,1,0,0,37,53,9.0,333.0,0
Gonzalez Agropecuaria,27780531709,2022-Q4,237,71210208.32,55248769.41,15961438.91,29351669.15,108156279.57,0,0,0.0,0.0,5874386.55,5131324.32,0,0,0,1,0,1,0,0,63,27,9.0,567.0,0
Gonzalez Agropecuaria,27780531709,2023-Q1,237,66852673.38,53772285.94,13080387.44,28493055.82,105021709.75,5,3,32352897.09,13761343.2,6470579.42,4587114.4,2,1,90,1,0,0,1,0,79,11,2.0,158.0,0
Gonzalez Agropecuaria,27780531709,2023-Q2,237,68908190.03,58525058.46,10383131.57,26440241.22,113208730.53,1,0,3234523.66,0.0,3234523.66,2765786.67,0,0,90,0,0,0,0,0,4,86,7.0,28.0,0
Gonzalez Agropecuaria,27780531709,2023-Q3,237,68375735.91,50447763.13,17927972.78,25626703.98,98052406.61,2,1,10606522.55,5519951.0,5303261.27,5519951.0,0,1,60,3,1,0,1,1,29,61,3.0,87.0,0
Gonzalez Agropecuaria,27780531709,2023-Q4,237,67386916.07,59957018.63,7429897.44,36397962.41,109127722.18,0,0,0.0,0.0,3814891.46,4095126.19,0,0,0,0,0,0,0,0,7,83,7.0,49.0,0
Gonzalez Agropecuaria,27780531709,2024-Q1,237,71072365.58,52431641.68,18640723.9,28986968.35,100059333.93,1,0,5192400.72,0.0,5192400.72,4237233.74,0,0,30,3,1,1,0,1,13,77,7.0,91.0,0
Gonzalez Agropecuaria,27780531709,2024-Q2,237,62611258.35,51645913.69,10965344.66,25400887.31,97084360.01,3,2,16427374.66,8985875.92,5475791.55,4492937.96,2,0,60,0,0,0,0,0,5,85,6.0,30.0,1
Gonzalez Agropecuaria,27780531709,2024-Q3,237,64578230.3,54550331.28,10027899.02,36967511.18,115015234.1,5,3,36423171.47,16648012.96,7284634.29,5549337.65,3,0,30,2,0,1,0,1,22,68,3.0,66.0,0
Gonzalez Agropecuaria,27780531709,2024-Q4,237,64034018.42,57288934.16,6745084.26,29138398.92,111993567.86,2,1,6718307.41,2847387.67,3359153.71,2847387.67,0,1,60,1,0,0,0,1,72,18,2.0,144.0,0
Gonzalez Agropecuaria,27780531709,2025-Q1,237,63924751.6,59635673.69,4289077.91,25255377.3,105993650.1,1,0,7776715.05,0.0,7776715.05,5007184.9,0,0,60,2,1,0,1,0,30,60,8.0,240.0,0
Gonzalez Agropecuaria,27780531709,2025-Q2,237,73912245.86,58171609.21,15740636.65,36429152.35,110341398.21,4,2,27757818.72,11872554.44,6939454.68,5936277.22,1,1,30,3,1,0,1,1,32,58,8.0,256.0,0
Gonzalez Agropecuaria,27780531709,2025-Q3,237,65853263.74,58724796.27,7128467.47,29406985.17,111359243.75,0,0,0.0,0.0,5889093.25,3931799.9,0,0,0,2,1,0,1,0,61,29,10.0,610.0,0
Gonzalez Agropecuaria,27780531709,2025-Q4,237,65193159.54,53451705.74,11741453.8,33593672.0,114038781.35,1,0,4342249.67,0.0,4342249.67,4403463.38,0,0,90,1,0,0,0,1,29,61,9.0,261.0,0
FLG RES SAS,27796289975,2022-Q1,202,62603927.49,42705630.07,19898297.42,21409385.67,101240045.56,2,1,10362137.79,5536905.54,5181068.89,5536905.54,1,0,90,2,1,0,0,1,75,15,3.0,225.0,0
FLG RES SAS,27796289975,2022-Q2,202,59930486.78,47727100.87,12203385.91,26669274.0,96699031.44,5,4,41267648.08,29106173.42,8253529.62,7276543.36,3,1,90,3,0,1,1,1,27,63,7.0,189.0,0
FLG RES SAS,27796289975,2022-Q3,202,57470721.33,41588467.7,15882253.63,26193145.26,99443837.19,4,1,23473369.69,6267529.14,5868342.42,6267529.14,0,1,60,2,0,1,0,1,8,82,2.0,16.0,0
FLG RES SAS,27796289975,2022-Q4,202,56104009.44,43482552.66,12621456.78,27368614.74,89570649.28,0,0,0.0,0.0,6856965.86,4257701.04,0,0,0,1,0,0,0,1,39,51,7.0,273.0,0
FLG RES SAS,27796289975,2023-Q1,202,59133236.04,40607866.35,18525369.69,23161773.32,92755546.86,5,4,33515707.83,16622257.44,6703141.57,4155564.36,4,0,60,3,0,1,1,1,78,12,3.0,234.0,0
FLG RES SAS,27796289975,2023-Q2,202,59371298.04,47159066.96,12212231.08,24327155.26,99411473.5,0,0,0.0,0.0,5758462.85,4252058.43,0,0,0,2,1,0,0,1,81,9,1.0,81.0,0
FLG RES SAS,27796289975,2023-Q3,202,56214751.57,39118594.87,17096156.7,24260095.0,94838426.93,2,1,5394392.67,2885359.55,2697196.34,2885359.55,0,1,30,3,1,0,1,1,46,44,2.0,92.0,0
FLG RES SAS,27796289975,2023-Q4,202,59955313.28,45568312.83,14387000.45,22166699.3,90036104.52,3,2,24117042.36,10023501.21,8039014.12,5011750.61,2,0,90,1,0,0,0,1,16,74,9.0,144.0,0
FLG RES SAS,27796289975,2024-Q1,202,61950495.2,44800572.03,17149923.17,24887901.87,86838397.07,0,0,0.0,0.0,7603591.82,7855158.29,0,0,0,3,1,1,0,1,30,60,1.0,30.0,0
FLG RES SAS,27796289975,2024-Q2,202,62937382.64,45006591.81,17930790.83,22148529.26,96429707.34,0,0,0.0,0.0,5445323.58,4205164.35,0,0,0,3,1,0,1,1,80,10,8.0,640.0,0
FLG RES SAS,27796289975,2024-Q3,202,57538780.81,43074569.5,14464211.31,22646467.93,84220543.89,1,0,7420549.75,0.0,7420549.75,4723036.48,0,0,90,1,0,1,0,0,7,83,9.0,63.0,0
FLG RES SAS,27796289975,2024-Q4,202,60428057.83,42983841.51,17444216.32,24785645.94,85213703.78,5,2,53118311.26,18706798.62,10623662.25,9353399.31,0,2,30,0,0,0,0,0,79,11,1.0,79.0,0
FLG RES SAS,27796289975,2025-Q1,202,57137193.28,39124879.22,18012314.06,22884920.9,88248722.19,5,4,36087897.72,23168816.13,7217579.54,5792204.03,4,0,90,2,1,1,0,0,65,25,6.0,390.0,0
IGV TEC SAS,30958147038,2025-Q2,81,69167096.06,63634713.79,5532382.27,34916708.06,124051982.76,0,0,0.0,0.0,4281121.8,2757900.2,0,0,0,2,0,1,0,1,81,9,5.0,405.0,0
IGV TEC SAS,30958147038,2025-Q3,81,75748841.87,68909873.01,6838968.86,32953358.23,126387790.14,3,2,28444015.1,11640232.94,9481338.37,5820116.47,0,2,30,0,0,0,0,0,17,73,1.0,17.0,0
IGV TEC SAS,30958147038,2025-Q4,81,79441565.97,65787058.15,13654507.82,41206737.09,132563752.42,0,0,0.0,0.0,5136521.67,5446146.61,0,0,0,3,1,1,0,1,37,53,8.0,296.0,0
Diaz Servicios S.A.,30990094191,2022-Q1,156,43144526.79,30018119.62,13126407.17,19355526.27,91811075.19,2,1,14144140.76,4696964.91,7072070.38,4696964.91,1,0,90,2,0,1,1,0,87,3,4.0,348.0,0
Diaz Servicios S.A.,30990094191,2022-Q2,156,40631944.79,32590222.91,8041721.88,21673035.78,86497366.16,0,0,0.0,0.0,6197289.16,5482877.87,0,0,0,2,0,1,0,1,26,64,3.0,78.0,0
Diaz Servicios S.A.,30990094191,2022-Q3,156,42863676.36,29529873.87,13333802.49,20479507.86,86794324.98,0,0,0.0,0.0,8811383.25,7500404.88,0,0,0,1,0,0,0,1,42,48,8.0,336.0,1
Diaz Servicios S.A.,30990094191,2022-Q4,156,39805178.61,32663039.04,7142139.57,18369679.45,87625148.01,3,1,20157578.73,6090955.76,6719192.91,6090955.76,1,0,90,3,1,1,0,1,65,25,3.0,195.0,0
Diaz Servicios S.A.,30990094191,2023-Q1,156,39234425.4,32572144.78,6662280.62,18781209.8,78094664.46,5,2,33757126.54,14594533.29,6751425.31,7297266.65,1,1,90,3,1,0,1,1,29,61,4.0,116.0,0
Diaz Servicios S.A.,30990094191,2023-Q2,156,42526369.1,30196284.22,12330084.88,21551878.98,87127590.79,2,0,5827654.52,0.0,2913827.26,2646625.35,0,0,30,2,1,0,0,1,2,88,3.0,6.0,0
Diaz Servicios S.A.,30990094191,2023-Q3,156,44357383.09,32761361.55,11596021.54,24753008.86,81733565.14,1,0,4863297.06,0.0,4863297.06,3212107.7,0,0,30,2,1,0,0,1,65,25,3.0,195.0,0
Diaz Servicios S.A.,30990094191,2023-Q4,156,42410965.38,30444353.54,11966611.84,23079100.95,76529949.11,5,2,32533633.9,10499861.06,6506726.78,5249930.53,2,0,30,0,0,0,0,0,58,32,3.0,174.0,0
Diaz Servicios S.A.,30990094191,2024-Q1,156,45880797.73,32275084.87,13605712.86,21526441.51,90488091.26,4,2,5491824.08,2098692.62,1372956.02,1049346.31,1,1,90,0,0,0,0,0,37,53,8.0,296.0,1
Diaz Servicios S.A.,30990094191,2024-Q2,156,43631603.62,32687295.15,10944308.47,16843387.32,78720894.31,5,2,22791116.43,6257745.24,4558223.29,3128872.62,0,2,60,2,1,0,0,1,77,13,5.0,385.0,1
Diaz Servicios S.A.,30990094191,2024-Q3,156,42210914.96,31221222.15,10989692.81,24331895.03,88543598.74,1,0,6402053.79,0.0,6402053.79,5941623.36,0,0,30,1,0,0,1,0,85,5,10.0,850.0,0
Diaz Servicios S.A.,30990094191,2024-Q4,156,40774115.11,32508451.68,8265663.43,18747328.14,85142139.62,1,0,8035807.63,0.0,8035807.63,7564904.79,0,0,90,3,1,1,0,1,7,83,10.0,70.0,0
Diaz Servicios S.A.,30990094191,2025-Q1,156,43347025.83,31149186.87,12197838.96,24861103.26,86647011.58,4,1,10602249.08,1969567.04,2650562.27,1969567.04,0,1,90,3,0,1,1,1,10,80,4.0,40.0,0
Diaz Servicios S.A.,30990094191,2025-Q2,156,40659446.1,29068938.66,11590507.44,23698093.52,80861476.2,1,0,7745824.19,0.0,7745824.19,6099278.43,0,0,60,3,1,1,0,1,67,23,9.0,603.0,0
Diaz Servicios S.A.,30990094191,2025-Q3,156,41816254.23,33815766.35,8000487.88,23117739.86,91760739.5,1,0,8426249.86,0.0,8426249.86,6188062.35,0,0,60,2,0,1,0,1,69,21,10.0,690.0,0
Diaz Servicios S.A.,30990094191,2025-Q4,156,42274023.72,34101876.42,8172147.3,22075525.23,88103683.73,3,2,29998042.75,15919093.85,9999347.58,7959546.93,2,0,60,1,0,0,0,1,77,13,7.0,539.0,0
Farias Agropecuaria,33130275953,2022-Q1,326,42387081.47,28865812.02,13521269.45,16041263.71,82912465.99,5,3,31886761.48,11557096.76,6377352.3,3852365.59,2,1,30,1,0,0,1,0,57,33,7.0,399.0,0
Farias Agropecuaria,33130275953,2022-Q2,326,44687342.02,27295993.06,17391348.96,17070266.0,85205451.31,1,0,8165683.99,0.0,8165683.99,6289069.7,0,0,90,2,0,0,1,1,15,75,5.0,75.0,0
Farias Agropecuaria,33130275953,2022-Q3,326,45686463.06,27411906.22,18274556.84,20973855.36,84243385.79,2,1,8678983.51,4695903.27,4339491.75,4695903.27,1,0,30,3,1,1,0,1,78,12,5.0,390.0,0
Farias Agropecuaria,33130275953,2022-Q4,326,45549266.99,27250958.56,18298308.43,17551297.65,74951396.13,5,4,44586168.47,35391407.66,8917233.69,8847851.91,2,2,60,3,1,1,0,1,59,31,1.0,59.0,0
Farias Agropecuaria,33130275953,2023-Q1,326,41383720.73,24316273.62,17067447.11,16684494.75,77645176.35,2,1,11037041.84,5687146.08,5518520.92,5687146.08,0,1,60,3,1,1,0,1,80,10,6.0,480.0,1
Farias Agropecuaria,33130275953,2023-Q2,326,47198138.71,28382963.09,18815175.62,20673649.93,82990077.91,2,1,10864562.72,4653133.6,5432281.36,4653133.6,0,1,30,1,0,1,0,0,16,74,4.0,64.0,0
Farias Agropecuaria,33130275953,2023-Q3,326,47014526.98,25106907.8,21907619.18,18197204.2,77851236.06,1,0,2526715.78,0.0,2526715.78,2188296.98,0,0,60,3,1,0,1,1,86,4,10.0,860.0,0
Farias Agropecuaria,33130275953,2023-Q4,326,44288797.11,25702306.11,18586491.0,21843215.81,77007560.7,4,2,13811765.4,6521011.84,3452941.35,3260505.92,2,0,30,3,1,1,1,0,37,53,1.0,37.0,0
Farias Agropecuaria,33130275953,2024-Q1,326,39572948.55,24097555.87,15475392.68,20555487.87,83927410.15,4,2,29287768.51,11088236.71,7321942.13,5544118.35,2,0,90,2,1,1,0,0,36,54,8.0,288.0,1
Farias Agropecuaria,33130275953,2024-Q2,326,43475607.44,24652963.26,18822644.18,20388017.98,87331740.68,4,1,11532573.82,2098638.63,2883143.45,2098638.63,1,0,30,3,1,1,1,0,81,9,4.0,324.0,0
Farias Agropecuaria,33130275953,2024-Q3,326,43219088.72,25325469.08,17893619.64,17874838.28,85956733.38,1,0,5287195.32,0.0,5287195.32,4776217.04,0,0,60,2,0,1,0,1,30,60,9.0,270.0,0
Farias Agropecuaria,33130275953,2024-Q4,326,47825405.47,28165362.84,19660042.63,21925211.23,85179153.73,5,3,5000000.0,3000000.0,1000000.0,1000000.0,3,0,90,3,1,1,0,1,66,24,10.0,660.0,0
Farias Agropecuaria,33130275953,2025-Q1,326,45755414.32,27634827.25,18120587.07,22227701.1,87172662.7,2,1,12170436.9,6350105.83,6085218.45,6350105.83,1,0,30,3,0,1,1,1,35,55,7.0,245.0,0
Farias Agropecuaria,33130275953,2025-Q2,326,45539975.72,26700875.19,18839100.53,19259204.58,78129022.84,2,1,12393068.24,4158038.9,6196534.12,4158038.9,0,1,90,3,1,1,0,1,39,51,6.0,234.0,0
Farias Agropecuaria,33130275953,2025-Q3,326,39956057.28,29096773.44,10859283.84,22318839.26,85054949.56,5,4,31469994.08,17720740.35,6293998.82,4430185.09,0,4,30,1,0,0,0,1,5,85,5.0,25.0,0
Farias Agropecuaria,33130275953,2025-Q4,326,41441506.91,24418904.92,17022601.99,21343103.13,79051722.01,5,2,35719074.66,10190535.24,7143814.93,5095267.62,1,1,60,1,0,0,0,1,85,5,1.0,85.0,1
LTI TEC S.A.,33174402413,2022-Q1,295,79371714.85,49666425.06,29705289.79,23584107.63,108293605.21,3,2,14902214.42,8105220.44,4967404.81,4052610.22,2,0,30,2,0,1,0,1,68,22,1.0,68.0,0
LTI TEC S.A.,33174402413,2022-Q2,295,74883113.52,49500582.78,25382530.74,17793418.02,110306451.31,3,2,18652212.92,11324743.34,6217404.31,5662371.67,0,2,90,0,0,0,0,0,81,9,5.0,405.0,0
LTI TEC S.A.,33174402413,2022-Q3,295,76713517.92,48087716.44,28625801.48,20117856.24,112970593.78,3,1,9225255.69,2690197.41,3075085.23,2690197.41,0,1,30,1,1,0,0,0,30,60,5.0,150.0,0
LTI TEC S.A.,33174402413,2022-Q4,295,74949110.93,46600020.55,28349090.38,17983511.66,123129491.57,0,0,0.0,0.0,2671287.21,2920649.47,0,0,0,1,0,1,0,0,66,24,1.0,66.0,0
LTI TEC S.A.,33174402413,2023-Q1,295,80019798.85,49189367.4,30830431.45,24557604.76,104577403.61,2,1,11328503.72,6139784.87,5664251.86,6139784.87,1,0,60,3,1,0,1,1,6,84,5.0,30.0,0
LTI TEC S.A.,33174402413,2023-Q2,295,81862562.78,52105728.44,29756834.34,20578145.11,104567969.84,4,2,25947191.33,12382402.39,6486797.83,6191201.2,0,2,90,2,1,0,1,0,71,19,10.0,710.0,0
LTI TEC S.A.,33174402413,2023-Q3,295,74163282.9,51262493.79,22900789.11,22486230.7,114298351.88,2,1,6970470.1,2452973.2,3485235.05,2452973.2,0,1,90,4,1,1,1,1,51,39,8.0,408.0,0
LTI TEC S.A.,33174402413,2023-Q4,295,74584442.96,47786140.43,26798302.53,16849481.21,123249658.49,2,1,8674856.66,3217506.83,4337428.33,3217506.83,0,1,90,2,0,0,1,1,67,23,5.0,335.0,0
LTI TEC S.A.,33174402413,2024-Q1,295,87423308.5,46869125.7,40554182.8,23262764.44,110686072.93,2,1,8729766.41,2961628.9,4364883.2,2961628.9,1,0,60,2,0,1,1,0,2,88,4.0,8.0,0
LTI TEC S.A.,33174402413,2024-Q2,295,74826373.7,51286552.5,23539821.2,18910135.74,113282890.5,4,2,12747994.98,4408633.25,3186998.75,2204316.62,2,0,30,1,0,1,0,0,23,67,5.0,115.0,0
LTI TEC S.A.,33174402413,2024-Q3,295,81412658.59,53576330.36,27836328.23,22234101.14,117035651.12,1,0,1529929.0,0.0,1529929.0,1130783.65,0,0,90,2,1,1,0,0,67,23,1.0,67.0,0
LTI TEC S.A.,33174402413,2024-Q4,295,74174933.55,50850539.91,23324393.64,18099053.5,114798414.6,3,2,23391331.68,13636791.86,7797110.56,6818395.93,2,0,90,2,0,1,1,0,51,39,1.0,51.0,0
LTI TEC S.A.,33174402413,2025-Q1,295,74782758.87,53673956.4,21108802.47,21733024.8,106586768.62,1,0,8843253.96,0.0,8843253.96,8730139.16,0,0,60,1,0,0,0,1,54,36,6.0,324.0,0
LTI TEC S.A.,33174402413,2025-Q2,295,87651123.06,52997665.22,34653457.84,22605114.0,110256237.06,4,3,14642591.99,8380116.33,3660648.0,2793372.11,3,0,90,1,0,0,0,1,40,50,3.0,120.0,0
LTI TEC S.A.,33174402413,2025-Q3,295,82469908.84,48486398.43,33983510.41,17939464.45,107082741.4,5,3,29725666.46,17745384.45,5945133.29,5915128.15,3,0,60,0,0,0,0,0,6,84,4.0,24.0,0
LTI TEC S.A.,33174402413,2025-Q4,295,83235212.52,45372552.61,37862659.91,18299887.01,115363015.45,5,3,31191239.29,15415185.25,6238247.86,5138395.08,0,3,90,1,0,1,0,0,36,54,8.0,288.0,0
Ferreyra Servicios S.A.S.,33259999907,2022-Q1,380,64846454.72,45453079.16,19393375.56,548644.08,69020547.43,0,0,0.0,0.0,5352155.05,4986169.41,0,0,0,2,1,0,0,1,80,10,3.0,240.0,0
Ferreyra Servicios S.A.S.,33259999907,2022-Q2,380,65466353.88,40601855.25,24864498.63,518014.06,66811656.99,5,3,38973614.59,21350317.55,7794722.92,7116772.52,0,3,60,0,0,0,0,0,79,11,6.0,474.0,0
Ferreyra Servicios S.A.S.,33259999907,2022-Q3,380,60999517.7,38869093.19,22130424.51,649508.45,69807136.49,2,1,6992591.15,2405527.09,3496295.58,2405527.09,0,1,30,2,0,0,1,1,44,46,2.0,88.0,0
Ferreyra Servicios S.A.S.,33259999907,2022-Q4,380,56902955.66,41642306.69,15260648.97,684409.52,67188221.63,5,2,41756854.03,12887314.51,8351370.81,6443657.26,2,0,60,2,1,1,0,0,76,14,9.0,684.0,0
Ferreyra Servicios S.A.S.,33259999907,2023-Q1,380,57481834.41,43139705.48,14342128.93,606553.2,63244796.59,5,4,37772165.36,27194318.63,7554433.07,6798579.66,3,1,60,2,1,0,0,1,4,86,6.0,24.0,0
Ferreyra Servicios S.A.S.,33259999907,2023-Q2,380,61951187.79,41856619.64,20094568.15,585682.19,64134190.12,1,0,5643297.13,0.0,5643297.13,5866218.33,0,0,60,2,1,0,0,1,79,11,4.0,316.0,0
Ferreyra Servicios S.A.S.,33259999907,2023-Q3,380,65048387.74,41088335.01,23960052.73,537897.57,65684520.16,5,2,20614554.53,5591348.39,4122910.91,2795674.19,2,0,90,2,1,0,0,1,18,72,6.0,108.0,0
Ferreyra Servicios S.A.S.,33259999907,2023-Q4,380,64249148.79,40768540.98,23480607.81,544799.93,77031453.05,0,0,0.0,0.0,2795450.55,2728553.0,0,0,0,2,1,0,1,0,43,47,7.0,301.0,0
Ferreyra Servicios S.A.S.,33259999907,2024-Q1,380,62499803.17,46044954.05,16454849.12,657565.31,67369770.1,3,2,21745158.69,14432501.91,7248386.23,7216250.96,1,1,30,2,0,1,1,0,53,37,6.0,318.0,0
Ferreyra Servicios S.A.S.,33259999907,2024-Q2,380,58869758.97,42867597.72,16002161.25,633588.17,70700380.55,3,1,15130337.17,4408121.88,5043445.72,4408121.88,0,1,90,1,0,0,0,1,39,51,6.0,234.0,0
Ferreyra Servicios S.A.S.,33259999907,2024-Q3,380,62407918.76,38412762.64,23995156.12,693975.0,67261193.17,5,3,44169444.16,21737360.48,8833888.83,7245786.83,2,1,30,3,1,1,0,1,76,14,10.0,760.0,0
Ferreyra Servicios S.A.S.,33259999907,2024-Q4,380,61600445.03,43206319.22,18394125.81,514652.83,71768814.38,2,1,9597213.49,3607732.71,4798606.74,3607732.71,1,0,90,2,1,0,1,0,22,68,5.0,110.0,1
Ferreyra Servicios S.A.S.,33259999907,2025-Q1,380,55269510.07,43663600.34,11605909.73,579208.33,73226060.22,2,1,12684455.59,6332623.74,6342227.8,6332623.74,0,1,60,2,0,0,1,1,71,19,1.0,71.0,0
Ferreyra Servicios S.A.S.,33259999907,2025-Q2,380,54886696.12,41686073.41,13200622.71,558768.43,75642505.33,1,0,7624192.43,0.0,7624192.43,5948325.78,0,0,60,3,0,1,1,1,26,64,10.0,260.0,0
Ferreyra Servicios S.A.S.,33259999907,2025-Q3,380,62859365.95,41550289.19,21309076.76,515932.44,70654164.92,4,1,28881044.03,5260472.92,7220261.01,5260472.92,0,1,30,3,0,1,1,1,54,36,9.0,486.0,0
Ferreyra Servicios S.A.S.,33259999907,2025-Q4,380,64322503.87,41070070.18,23252433.69,652568.47,70478850.29,3,1,10775898.52,3510125.37,3591966.17,3510125.37,1,0,60,3,1,1,0,1,34,56,9.0,306.0,0
UTL IND SAS,33267135652,2022-Q1,392,40302074.35,37489109.6,2812964.75,17866672.27,71423431.01,4,3,11605942.59,6533809.93,2901485.65,2177936.64,3,0,60,3,1,1,0,1,28,62,8.0,224.0,0
UTL IND SAS,33267135652,2022-Q2,392,39963099.13,35810203.94,4152895.19,21656150.9,79456228.04,2,1,15299751.56,6281116.24,7649875.78,6281116.24,0,1,90,3,0,1,1,1,31,59,8.0,248.0,0
UTL IND SAS,33267135652,2022-Q3,392,42732529.71,36687070.29,6045459.42,24450033.55,70236759.98,3,2,17757945.68,12169890.18,5919315.23,6084945.09,1,1,60,2,0,1,1,0,55,35,4.0,220.0,0
UTL IND SAS,33267135652,2022-Q4,392,39820976.64,37947268.35,1873708.29,21493148.16,75634521.01,4,1,32514497.49,7182084.13,8128624.37,7182084.13,1,0,60,3,0,1,1,1,67,23,5.0,335.0,0
UTL IND SAS,33267135652,2023-Q1,392,44436579.11,36905881.93,7530697.18,26602933.02,81612362.09,2,1,6882984.11,2361157.22,3441492.06,2361157.22,1,0,30,4,1,1,1,1,49,41,9.0,441.0,0
UTL IND SAS,33267135652,2023-Q2,392,39730606.0,35479172.65,4251433.35,21656060.74,68744227.76,5,2,39785928.64,9936316.27,7957185.73,4968158.14,1,1,90,0,0,0,0,0,89,1,1.0,89.0,0
UTL IND SAS,33267135652,2023-Q3,392,43103663.46,33511236.04,9592427.42,23079290.2,69428272.5,1,0,7544422.95,0.0,7544422.95,7868413.28,0,0,30,1,0,0,1,0,41,49,3.0,123.0,0
UTL IND SAS,33267135652,2023-Q4,392,44750574.63,32704327.97,12046246.66,25392297.71,80007650.06,3,1,16180790.3,4024884.49,5393596.77,4024884.49,1,0,30,3,0,1,1,1,72,18,10.0,720.0,0
UTL IND SAS,33267135652,2024-Q1,392,42417839.3,35464774.96,6953064.34,25860096.12,69875788.76,3,2,23246054.57,13040322.44,7748684.86,6520161.22,0,2,90,1,0,0,0,1,51,39,9.0,459.0,0
UTL IND SAS,33267135652,2024-Q2,392,39129157.92,35052287.3,4076870.62,20676632.75,72897452.22,0,0,0.0,0.0,8006952.58,5099276.07,0,0,0,4,1,1,1,1,74,16,1.0,74.0,0
UTL IND SAS,33267135652,2024-Q3,392,44078950.98,37568167.69,6510783.29,21283195.51,74347287.5,2,1,14183515.35,5418355.13,7091757.68,5418355.13,0,1,30,0,0,0,0,0,21,69,9.0,189.0,0
UTL IND SAS,33267135652,2024-Q4,392,43707107.68,38150286.33,5556821.35,26276542.0,73662659.39,4,1,24100628.02,4278007.04,6025157.0,4278007.04,0,1,60,1,0,1,0,0,85,5,8.0,680.0,0
UTL IND SAS,33267135652,2025-Q1,392,38467595.94,36542869.24,1924726.7,20722862.61,76298534.81,1,0,9122373.07,0.0,9122373.07,8641317.45,0,0,60,1,0,1,0,0,33,57,4.0,132.0,0
UTL IND SAS,33267135652,2025-Q2,392,38888697.34,35089018.39,3799678.95,25245818.34,77095364.99,5,3,34045451.93,18820969.94,6809090.39,6273656.65,3,0,90,2,0,0,1,1,13,77,2.0,26.0,0
UTL IND SAS,33267135652,2025-Q3,392,40013412.75,36067824.94,3945587.81,18357217.74,79387796.17,0,0,0.0,0.0,5494555.37,4056553.35,0,0,0,2,0,0,1,1,20,70,8.0,160.0,1
UTL IND SAS,33267135652,2025-Q4,392,42782577.21,34374099.86,8408477.35,21273290.39,70809887.6,1,0,7434696.92,0.0,7434696.92,5242177.17,0,0,90,2,0,1,0,1,28,62,6.0,168.0,0
Torres Tech,33301318311,2022-Q1,218,55112416.35,45431858.46,9680557.89,23695686.43,107995089.39,2,1,8283538.95,3829537.33,4141769.48,3829537.33,1,0,60,2,0,0,1,1,52,38,4.0,208.0,0
Torres Tech,33301318311,2022-Q2,218,60420542.31,47872811.61,12547730.7,19108137.86,90450920.59,3,2,14324187.52,6610360.55,4774729.17,3305180.27,0,2,60,1,0,1,0,0,1,89,9.0,9.0,0
Torres Tech,33301318311,2022-Q3,218,60661332.75,46732534.06,13928798.69,25927420.46,95271713.96,3,1,14688447.74,4105094.2,4896149.25,4105094.2,1,0,90,0,0,0,0,0,75,15,3.0,225.0,0
Torres Tech,33301318311,2022-Q4,218,62318896.3,42834057.27,19484839.03,20328264.69,95072682.31,4,2,25505045.34,13276757.22,6376261.33,6638378.61,0,2,60,3,1,0,1,1,65,25,6.0,390.0,0
Torres Tech,33301318311,2023-Q1,218,58872357.35,44377979.65,14494377.7,20390089.53,102005349.89,5,3,38080240.13,22654694.91,7616048.03,7551564.97,3,0,30,0,0,0,0,0,46,44,7.0,322.0,0
Torres Tech,33301318311,2023-Q2,218,57006148.09,48102761.88,8903386.21,21753844.43,94431022.33,4,2,33978759.02,18379139.64,8494689.75,9189569.82,1,1,60,1,1,0,0,0,1,89,1.0,1.0,0
Torres Tech,33301318311,2023-Q3,218,63967106.64,48475143.7,15491962.94,25672686.54,97633352.73,1,0,6195164.48,0.0,6195164.48,6176245.65,0,0,90,3,1,1,1,0,85,5,2.0,170.0,0
Torres Tech,33301318311,2023-Q4,218,59894329.97,50559026.37,9335303.6,24932156.42,98162548.61,3,2,22590176.88,15140705.91,7530058.96,7570352.96,0,2,30,3,1,0,1,1,36,54,3.0,108.0,0
Torres Tech,33301318311,2024-Q1,218,67245256.01,42488742.58,24756513.43,20998826.19,90348414.86,4,2,31848224.79,17218849.19,7962056.2,8609424.59,2,0,30,1,0,0,0,1,55,35,8.0,440.0,0
Torres Tech,33301318311,2024-Q2,218,65991098.23,50678073.04,15313025.19,24747110.66,101526111.16,5,4,22841401.25,14945044.34,4568280.25,3736261.09,2,2,90,2,0,0,1,1,68,22,5.0,340.0,0
Torres Tech,33301318311,2024-Q3,218,64606621.81,42752741.52,21853880.29,26862417.95,97819181.28,4,1,22622813.43,5259367.47,5655703.36,5259367.47,1,0,90,0,0,0,0,0,42,48,7.0,294.0,0
Torres Tech,33301318311,2024-Q4,218,60733500.69,46675291.83,14058208.86,22714154.11,103497326.9,1,0,7295876.96,0.0,7295876.96,7485787.26,0,0,30,2,1,0,1,0,39,51,7.0,273.0,0
Torres Tech,33301318311,2025-Q1,218,61727159.43,50407108.14,11320051.29,26591253.47,93065400.92,4,2,17755645.04,5880296.84,4438911.26,2940148.42,1,1,90,1,0,1,0,0,4,86,5.0,20.0,0
Torres Tech,33301318311,2025-Q2,218,60885425.35,45205558.88,15679866.47,22007170.36,106552145.8,2,1,13600523.11,7318123.6,6800261.56,7318123.6,1,0,30,3,0,1,1,1,45,45,4.0,180.0,0
Torres Tech,33301318311,2025-Q3,218,66994572.2,45593553.26,21401018.94,27382330.31,101299121.89,3,1,19483066.37,5982884.53,6494355.46,5982884.53,1,0,90,0,0,0,0,0,16,74,7.0,112.0,1
Torres Tech,33301318311,2025-Q4,218,56944582.31,45572786.18,11371796.13,23927003.48,92113708.73,2,1,11867813.23,6372850.17,5933906.61,6372850.17,1,0,30,2,1,0,0,1,90,0,2.0,180.0,0
Quiroga Servicios S.A.S.,33358210592,2022-Q1,456,84226976.21,58586612.29,25640363.92,38330190.35,131987733.86,1,0,2892964.92,0.0,2892964.92,3144911.6,0,0,90,4,1,1,1,1,31,59,6.0,186.0,0
Quiroga Servicios S.A.S.,33358210592,2022-Q2,456,79786274.3,64891852.39,14894421.91,44997073.55,149365655.43,3,2,15997203.69,10012509.72,5332401.23,5006254.86,0,2,90,2,0,0,1,1,79,11,8.0,632.0,0
Quiroga Servicios S.A.S.,33358210592,2022-Q3,456,73328049.55,68175894.61,5152154.94,38159514.89,138551514.33,2,1,15494296.81,7337746.22,7747148.4,7337746.22,0,1,30,4,1,1,1,1,72,18,4.0,288.0,0
Quiroga Servicios S.A.S.,33358210592,2022-Q4,456,84256228.06,63824986.97,20431241.09,34347969.77,134168796.21,4,2,31358434.72,12242317.41,7839608.68,6121158.71,0,2,30,2,0,0,1,1,28,62,6.0,168.0,0
Quiroga Servicios S.A.S.,33358210592,2023-Q1,456,71725507.78,62724195.72,9001312.06,42220953.21,144806137.47,0,0,0.0,0.0,9131540.95,7563239.57,0,0,0,2,0,0,1,1,48,42,3.0,144.0,0
Quiroga Servicios S.A.S.,33358210592,2023-Q2,456,76158047.96,62375906.71,13782141.25,43072807.07,128265981.32,3,1,22623013.28,6104194.85,7541004.43,6104194.85,0,1,90,2,0,1,1,0,87,3,3.0,261.0,0
Quiroga Servicios S.A.S.,33358210592,2023-Q3,456,71947423.66,66425055.2,5522368.46,44880937.65,128807494.27,3,2,22737096.46,14294047.52,7579032.15,7147023.76,0,2,90,2,1,0,1,0,17,73,9.0,153.0,0
Quiroga Servicios S.A.S.,33358210592,2023-Q4,456,80063088.01,61519558.49,18543529.52,34801573.6,135361807.6,3,2,25157116.29,14328313.93,8385705.43,7164156.97,0,2,60,2,0,0,1,1,30,60,6.0,180.0,0
Quiroga Servicios S.A.S.,33358210592,2024-Q1,456,76959281.29,60468232.91,16491048.38,40628111.89,141978302.48,1,0,7701227.18,0.0,7701227.18,4841758.16,0,0,30,1,0,0,1,0,18,72,4.0,72.0,0
Quiroga Servicios S.A.S.,33358210592,2024-Q2,456,73388514.55,63008142.33,10380372.22,44915807.57,135925071.53,3,2,22368411.15,11510932.64,7456137.05,5755466.32,2,0,30,1,0,1,0,0,19,71,2.0,38.0,0
Quiroga Servicios S.A.S.,33358210592,2024-Q3,456,73772033.12,60700749.78,13071283.34,50813151.27,152875259.28,3,1,14799672.87,4658971.79,4933224.29,4658971.79,0,1,60,1,0,1,0,0,27,63,6.0,162.0,0
Quiroga Servicios S.A.S.,33358210592,2024-Q4,456,84792331.38,59477032.65,25315298.73,36126967.23,147387168.53,0,0,0.0,0.0,6595648.88,6245161.29,0,0,0,2,0,0,1,1,70,20,2.0,140.0,0
Quiroga Servicios S.A.S.,33358210592,2025-Q1,456,73365195.96,58780238.69,14584957.27,47229250.23,134071131.33,4,1,24678266.29,4709332.37,6169566.57,4709332.37,0,1,90,2,1,0,0,1,18,72,1.0,18.0,0
Quiroga Servicios S.A.S.,33358210592,2025-Q2,456,71873337.9,61715482.13,10157855.77,36771813.32,130021646.72,2,1,15938565.95,6150975.83,7969282.98,6150975.83,0,1,60,2,0,1,0,1,44,46,2.0,88.0,1
Quiroga Servicios S.A.S.,33358210592,2025-Q3,456,74971912.67,66292171.12,8679741.55,36193569.34,149022222.44,0,0,0.0,0.0,5925353.24,3634457.24,0,0,0,2,1,0,0,1,34,56,2.0,68.0,1
Quiroga Servicios S.A.S.,33358210592,2025-Q4,456,81965943.77,63423423.79,18542519.98,46326878.61,147999679.65,4,3,19688211.93,11511805.95,4922052.98,3837268.65,2,1,30,0,0,0,0,0,12,78,10.0,120.0,0
ConstrucSur SAS,33533178469,2022-Q1,247,68483551.78,51667742.67,16815809.11,4174937.51,82160781.3,1,0,3275898.34,0.0,3275898.34,2339121.48,0,0,30,3,1,1,0,1,45,45,2.0,90.0,0
ConstrucSur SAS,33533178469,2022-Q2,247,73815398.9,57943279.61,15872119.29,5304033.8,82379144.78,3,2,24980974.89,14433662.45,8326991.63,7216831.22,2,0,30,2,0,1,1,0,30,60,10.0,300.0,0
ConstrucSur SAS,33533178469,2022-Q3,247,62114415.93,53348142.35,8766273.58,5298151.85,81091264.67,0,0,0.0,0.0,3949641.61,3225620.79,0,0,0,4,1,1,1,1,42,48,4.0,168.0,0
ConstrucSur SAS,33533178469,2022-Q4,247,67424462.52,62168779.95,5255682.57,5534200.27,79012038.33,5,2,24080211.92,7316406.24,4816042.38,3658203.12,1,1,60,2,1,0,1,0,24,66,9.0,216.0,1
ConstrucSur SAS,33533178469,2023-Q1,247,61185202.9,57998511.93,3186690.97,4159371.93,85912516.53,0,0,0.0,0.0,7091587.52,6441426.99,0,0,0,1,0,0,0,1,40,50,3.0,120.0,0
ConstrucSur SAS,33533178469,2023-Q2,247,61997166.66,54718555.72,7278610.94,4040710.86,78016771.23,4,3,13201060.7,10132841.48,3300265.18,3377613.83,2,1,90,4,1,1,1,1,37,53,1.0,37.0,0
ConstrucSur SAS,33533178469,2023-Q3,247,64558051.22,51476974.25,13081076.97,4502932.67,76951866.52,1,0,5325140.49,0.0,5325140.49,5546471.65,0,0,90,2,1,0,0,1,27,63,10.0,270.0,0
ConstrucSur SAS,33533178469,2023-Q4,247,62239887.86,56899600.85,5340287.01,5364725.17,83732629.9,4,2,22580180.1,6959593.51,5645045.03,3479796.75,2,0,90,1,1,0,0,0,48,42,2.0,96.0,0
ConstrucSur SAS,33533178469,2024-Q1,247,65657864.97,57554739.83,8103125.14,4980668.5,81873421.77,1,0,4518968.36,0.0,4518968.36,4033513.26,0,0,90,1,0,0,1,0,78,12,6.0,468.0,0
ConstrucSur SAS,33533178469,2024-Q2,247,69593474.04,52714929.23,16878544.81,4901223.72,85269250.0,3,2,20653332.37,11753457.82,6884444.12,5876728.91,0,2,90,3,0,1,1,1,39,51,7.0,273.0,0
ConstrucSur SAS,33533178469,2024-Q3,247,64717223.65,61031229.11,3685994.54,5867693.31,79958429.26,2,1,10224393.45,5481628.77,5112196.73,5481628.77,1,0,90,1,0,0,1,0,48,42,5.0,240.0,0
ConstrucSur SAS,33533178469,2024-Q4,247,74010472.21,51501338.7,22509133.51,5502378.26,85810402.99,5,2,26868460.61,9930386.24,5373692.12,4965193.12,0,2,90,2,1,0,1,0,7,83,6.0,42.0,0
ConstrucSur SAS,33533178469,2025-Q1,247,71825600.14,57046355.36,14779244.78,4521076.72,79154281.82,5,2,30562056.53,10459392.96,6112411.31,5229696.48,2,0,60,1,0,0,1,0,49,41,1.0,49.0,0
ConstrucSur SAS,33533178469,2025-Q2,247,71477849.05,51830694.6,19647154.45,5722916.16,84764241.57,2,1,13026537.52,4410104.59,6513268.76,4410104.59,0,1,60,3,0,1,1,1,48,42,7.0,336.0,0
ConstrucSur SAS,33533178469,2025-Q3,247,68445852.0,57520610.46,10925241.54,5992616.76,75073629.13,5,2,19804154.92,6029726.58,3960830.98,3014863.29,0,2,60,2,1,1,0,0,40,50,1.0,40.0,0
ConstrucSur SAS,33533178469,2025-Q4,247,61387062.86,55322905.2,6064157.66,5780511.45,76477242.82,0,0,0.0,0.0,5489671.65,5549071.91,0,0,0,4,1,1,1,1,62,28,1.0,62.0,1
Maidana Construcciones,33615328273,2022-Q1,347,100739582.49,68119243.86,32620338.63,18137294.18,118876876.66,1,0,6012383.95,0.0,6012383.95,4588588.02,0,0,30,2,1,0,0,1,18,72,2.0,36.0,1
Maidana Construcciones,33615328273,2022-Q2,347,104892501.47,67366806.88,37525694.59,13765762.37,128541538.8,4,3,29418600.11,21996710.61,7354650.03,7332236.87,1,2,60,3,1,0,1,1,36,54,4.0,144.0,1
Maidana Construcciones,33615328273,2022-Q3,347,95119203.43,61642030.93,33477172.5,15384761.98,135905871.39,2,1,9496193.51,4526218.22,4748096.76,4526218.22,0,1,30,3,1,1,0,1,59,31,5.0,295.0,0
Maidana Construcciones,33615328273,2022-Q4,347,98091569.4,61551765.85,36539803.55,19478631.2,118065060.15,5,2,9508079.83,3008289.45,1901615.97,1504144.72,0,2,60,3,0,1,1,1,85,5,9.0,765.0,0
Maidana Construcciones,33615328273,2023-Q1,347,97064084.4,61896703.21,35167381.19,19182019.9,132210676.24,3,1,16240393.57,3551461.0,5413464.52,3551461.0,1,0,90,3,1,1,0,1,48,42,7.0,336.0,1
Maidana Construcciones,33615328273,2023-Q2,347,98405752.35,63739027.94,34666724.41,15063941.45,115408289.26,0,0,0.0,0.0,6834508.94,6104521.87,0,0,0,2,0,1,0,1,57,33,8.0,456.0,0
Maidana Construcciones,33615328273,2023-Q3,347,98835304.61,69531273.63,29304030.98,19346539.5,127876862.62,4,3,20315979.86,15567956.22,5078994.96,5189318.74,0,3,30,1,0,0,1,0,78,12,5.0,390.0,1
Maidana Construcciones,33615328273,2023-Q4,347,95616949.19,60762962.04,34853987.15,19872680.62,119726855.67,4,1,34682900.63,9131107.86,8670725.16,9131107.86,1,0,90,2,0,1,1,0,17,73,5.0,85.0,1
Maidana Construcciones,33615328273,2024-Q1,347,113847158.12,63632028.73,50215129.39,17781783.75,131628941.87,0,0,0.0,0.0,8976233.87,8415906.91,0,0,0,3,1,1,0,1,82,8,3.0,246.0,0
Maidana Construcciones,33615328273,2024-Q2,347,103292078.45,66418085.45,36873993.0,18275468.89,121567547.34,2,1,8033501.82,4329138.44,4016750.91,4329138.44,1,0,90,2,0,0,1,1,3,87,9.0,27.0,0
Maidana Construcciones,33615328273,2024-Q3,347,96666437.35,66456229.28,30210208.07,19686665.75,137637717.64,3,1,29037225.93,8742097.45,9679075.31,8742097.45,0,1,90,1,0,0,1,0,40,50,1.0,40.0,0
Maidana Construcciones,33615328273,2024-Q4,347,105883504.96,67568403.92,38315101.04,17903170.8,123786675.76,5,2,21418021.82,9172459.66,4283604.36,4586229.83,0,2,60,2,1,0,1,0,23,67,10.0,230.0,0
Maidana Construcciones,33615328273,2025-Q1,347,113124548.84,66268108.81,46856440.03,16781831.19,132171499.0,5,2,33202781.91,13276903.51,6640556.38,6638451.75,2,0,90,2,0,1,1,0,18,72,9.0,162.0,0
Maidana Construcciones,33615328273,2025-Q2,347,112015160.65,66514270.14,45500890.51,19335156.61,131350317.26,0,0,0.0,0.0,6526046.64,5147422.98,0,0,0,2,0,0,1,1,46,44,5.0,230.0,0
Maidana Construcciones,33615328273,2025-Q3,347,105104753.35,61031116.54,44073636.81,16137523.46,121242276.81,4,2,40829439.11,20565005.81,10207359.78,10282502.9,0,2,90,2,1,0,1,0,60,30,5.0,300.0,0
Maidana Construcciones,33615328273,2025-Q4,347,108173514.42,70204403.86,37969110.56,18485625.21,132172625.23,3,2,10304448.0,6575186.83,3434816.0,3287593.41,2,0,60,3,0,1,1,1,38,52,5.0,190.0,0
Ponce Tecnología S.A.,33633107594,2022-Q1,90,52142510.54,39956235.45,12186275.09,31106940.45,90127120.62,1,0,3883437.9,0.0,3883437.9,2731969.75,0,0,90,1,1,0,0,0,10,80,5.0,50.0,0
Ponce Tecnología S.A.,33633107594,2022-Q2,90,55126295.78,41189878.14,13936417.64,24724991.58,93234372.42,2,1,10043690.13,5243723.87,5021845.06,5243723.87,0,1,30,1,0,1,0,0,84,6,7.0,588.0,0
Ponce Tecnología S.A.,33633107594,2022-Q3,90,52857060.83,45355877.47,7501183.36,33134004.99,102110623.39,0,0,0.0,0.0,7565117.65,4706165.52,0,0,0,1,0,0,0,1,19,71,5.0,95.0,0
Ponce Tecnología S.A.,33633107594,2022-Q4,90,60681856.75,39576287.78,21105568.97,35833097.08,96514953.84,3,2,18519033.25,9861539.68,6173011.08,4930769.84,1,1,90,1,0,1,0,0,53,37,5.0,265.0,0
Ponce Tecnología S.A.,33633107594,2023-Q1,90,61367489.49,43126792.35,18240697.14,28374935.3,94219041.23,1,0,6135973.25,0.0,6135973.25,6524900.05,0,0,90,1,0,1,0,0,84,6,8.0,672.0,0
Ponce Tecnología S.A.,33633107594,2023-Q2,90,56743589.84,43715073.71,13028516.13,30729530.3,92530818.83,2,1,18958592.17,6474656.08,9479296.08,6474656.08,0,1,60,2,1,0,1,0,46,44,8.0,368.0,0
Ponce Tecnología S.A.,33633107594,2023-Q3,90,60102604.63,40314210.19,19788394.44,34006404.07,104177785.23,1,0,9073931.31,0.0,9073931.31,9734150.06,0,0,60,3,0,1,1,1,77,13,4.0,308.0,1
Ponce Tecnología S.A.,33633107594,2023-Q4,90,51902986.02,43898665.43,8004320.59,30829006.62,86884145.89,2,1,3943589.62,1642265.94,1971794.81,1642265.94,1,0,60,3,1,1,0,1,1,89,6.0,6.0,0
Ponce Tecnología S.A.,33633107594,2024-Q1,90,57924476.19,40423688.89,17500787.3,25991970.49,101248775.79,5,3,38454831.08,24960030.02,7690966.22,8320010.01,0,3,60,3,1,0,1,1,72,18,9.0,648.0,0
Ponce Tecnología S.A.,33633107594,2024-Q2,90,55744605.55,38989592.88,16755012.67,33816004.82,95622041.2,1,0,4007162.75,0.0,4007162.75,3255778.43,0,0,60,0,0,0,0,0,85,5,4.0,340.0,0
Ponce Tecnología S.A.,33633107594,2024-Q3,90,61042388.39,40542793.35,20499595.04,27714772.58,103157206.56,0,0,0.0,0.0,3029889.04,2863437.19,0,0,0,2,0,1,1,0,3,87,6.0,18.0,0
Ponce Tecnología S.A.,33633107594,2024-Q4,90,51920746.32,42045481.33,9875264.99,30342786.92,90488741.36,2,0,14968115.61,0.0,7484057.81,5778220.54,0,0,30,1,1,0,0,0,9,81,6.0,54.0,0
Ponce Tecnología S.A.,33633107594,2025-Q1,90,52385510.42,43655044.67,8730465.75,34543175.03,98548630.72,4,2,27511928.24,11930552.85,6877982.06,5965276.42,0,2,60,2,0,1,1,0,34,56,10.0,340.0,0
Ponce Tecnología S.A.,33633107594,2025-Q2,90,54913215.47,45784717.81,9128497.66,24602818.5,104338427.95,4,1,29774921.18,7572907.54,7443730.3,7572907.54,1,0,90,3,1,0,1,1,15,75,8.0,120.0,0
Ponce Tecnología S.A.,33633107594,2025-Q3,90,56551442.99,38667675.63,17883767.36,35714218.33,92337696.87,3,1,11238072.54,2424213.43,3746024.18,2424213.43,1,0,30,3,0,1,1,1,61,29,9.0,549.0,0
Ponce Tecnología S.A.,33633107594,2025-Q4,90,61093139.26,46127008.18,14966131.08,25587122.78,101649567.9,1,0,6582462.83,0.0,6582462.83,7147908.96,0,0,60,1,1,0,0,0,40,50,8.0,320.0,0
Romero Construcciones,33633568516,2022-Q1,316,39546665.11,33215142.03,6331523.08,26443375.91,72688886.84,4,3,31713051.39,25961558.97,7928262.85,8653852.99,2,1,30,3,1,1,0,1,59,31,6.0,354.0,0
Romero Construcciones,33633568516,2022-Q2,316,44861979.88,31553782.28,13308197.6,29143978.05,74005957.93,1,0,6845376.58,0.0,6845376.58,6725753.54,0,0,30,2,1,1,0,0,70,20,3.0,210.0,0
Romero Construcciones,33633568516,2022-Q3,316,44363792.35,29694033.64,14669758.71,31630319.72,75994112.07,4,2,16981820.47,6872865.44,4245455.12,3436432.72,0,2,30,1,0,1,0,0,88,2,5.0,440.0,0
Romero Construcciones,33633568516,2022-Q4,316,47100926.51,33473626.59,13627299.92,23624188.09,70725114.6,2,1,10539145.86,3718149.85,5269572.93,3718149.85,1,0,30,3,1,0,1,1,67,23,3.0,201.0,0
Romero Construcciones,33633568516,2023-Q1,316,45188360.27,32510543.6,12677816.67,28080438.06,75360465.83,5,3,10345742.48,5245231.11,2069148.5,1748410.37,3,0,90,3,0,1,1,1,65,25,2.0,130.0,0
Romero Construcciones,33633568516,2023-Q2,316,42463489.78,29879135.68,12584354.1,31241753.28,80384881.32,4,2,16316770.14,7047735.88,4079192.54,3523867.94,1,1,60,0,0,0,0,0,88,2,1.0,88.0,0
Romero Construcciones,33633568516,2023-Q3,316,44631825.41,33244909.33,11386916.08,22552400.01,74092404.16,3,2,9527762.92,4465832.67,3175920.97,2232916.33,1,1,90,3,1,0,1,1,69,21,6.0,414.0,0
Romero Construcciones,33633568516,2023-Q4,316,41791076.54,33074763.23,8716313.31,26556745.95,70147369.29,1,0,3569900.95,0.0,3569900.95,2675289.77,0,0,60,1,0,0,0,1,44,46,8.0,352.0,0
Romero Construcciones,33633568516,2024-Q1,316,41510990.35,30515898.85,10995091.5,31033604.67,72544595.02,3,2,17010049.5,7583731.38,5670016.5,3791865.69,2,0,60,2,0,1,1,0,19,71,1.0,19.0,0
Romero Construcciones,33633568516,2024-Q2,316,39568616.12,30049118.94,9519497.18,22754366.5,82116637.73,5,2,24346742.14,8551484.38,4869348.43,4275742.19,2,0,30,3,1,1,1,0,54,36,3.0,162.0,1
Romero Construcciones,33633568516,2024-Q3,316,40068446.23,30622826.88,9445619.35,31379941.04,75691624.91,5,2,15886325.46,6882531.9,3177265.09,3441265.95,2,0,60,3,1,0,1,1,33,57,10.0,330.0,0
Romero Construcciones,33633568516,2024-Q4,316,44970973.9,31542720.13,13428253.77,31183607.25,81051836.1,4,2,22557021.98,10096431.97,5639255.49,5048215.98,1,1,90,1,0,0,1,0,61,29,1.0,61.0,0
Romero Construcciones,33633568516,2025-Q1,316,47890246.02,29661622.21,18228623.81,28382653.69,77030541.66,3,1,22586233.78,6872005.99,7528744.59,6872005.99,1,0,60,1,0,0,1,0,52,38,7.0,364.0,0
Romero Construcciones,33633568516,2025-Q2,316,43162448.33,29901571.26,13260877.07,29611837.8,72774286.13,0,0,0.0,0.0,5772258.9,4504057.68,0,0,0,3,1,0,1,1,29,61,4.0,116.0,0
Romero Construcciones,33633568516,2025-Q3,316,39625729.03,31542677.09,8083051.94,22000634.89,76089090.52,0,0,0.0,0.0,3959342.26,2894907.1,0,0,0,2,1,0,1,0,46,44,4.0,184.0,0
Romero Construcciones,33633568516,2025-Q4,316,47368786.03,30559811.48,16808974.55,30139737.41,77508523.44,5,3,51701241.43,33408355.75,10340248.29,11136118.58,0,3,30,2,0,1,0,1,25,65,5.0,125.0,0
Godoy Construcciones,33654275314,2022-Q1,451,57095521.27,45071528.43,12023992.84,15304349.32,80398811.01,2,1,15043165.85,6276858.98,7521582.93,6276858.98,0,1,60,2,0,0,1,1,82,8,10.0,820.0,0
Godoy Construcciones,33654275314,2022-Q2,451,59650765.79,47834174.24,11816591.55,16483114.35,82986669.14,4,3,11206105.79,5700304.73,2801526.45,1900101.58,3,0,30,2,0,0,1,1,1,89,7.0,7.0,0
Godoy Construcciones,33654275314,2022-Q3,451,57600973.82,41834737.0,15766236.82,17923328.94,78584485.01,0,0,0.0,0.0,6969992.42,6268283.02,0,0,0,1,0,0,1,0,44,46,6.0,264.0,0
Godoy Construcciones,33654275314,2022-Q4,451,57225595.99,40441350.55,16784245.44,17804482.6,77802133.1,0,0,0.0,0.0,2590882.13,1594706.09,0,0,0,0,0,0,0,0,44,46,8.0,352.0,0
Godoy Construcciones,33654275314,2023-Q1,451,58424098.46,40520900.49,17903197.97,13905372.35,85761945.81,2,1,13920992.78,4595118.86,6960496.39,4595118.86,0,1,90,2,0,1,1,0,3,87,4.0,12.0,1
Godoy Construcciones,33654275314,2023-Q2,451,51817962.37,45963983.31,5853979.06,15074030.15,85894467.37,5,2,38217894.24,16691412.78,7643578.85,8345706.39,0,2,60,1,0,0,1,0,2,88,8.0,16.0,0
Godoy Construcciones,33654275314,2023-Q3,451,53988633.29,46135243.94,7853389.35,15823692.76,88737499.16,0,0,0.0,0.0,5584707.48,4046293.07,0,0,0,2,0,1,0,1,63,27,8.0,504.0,1
Godoy Construcciones,33654275314,2023-Q4,451,58921552.64,46196968.35,12724584.29,19314159.08,79148433.02,0,0,0.0,0.0,6077542.66,5753330.16,0,0,0,2,1,1,0,0,71,19,6.0,426.0,0
Godoy Construcciones,33654275314,2024-Q1,451,60248862.48,41116585.41,19132277.07,17311717.67,91179476.31,0,0,0.0,0.0,7496867.4,7469242.67,0,0,0,1,0,0,0,1,87,3,2.0,174.0,0
Godoy Construcciones,33654275314,2024-Q2,451,54213171.51,40893190.69,13319980.82,17706579.14,82955347.26,0,0,0.0,0.0,7188604.36,6138475.07,0,0,0,3,1,0,1,1,76,14,4.0,304.0,0
Godoy Construcciones,33654275314,2024-Q3,451,61202676.39,41998609.48,19204066.91,17702554.4,78905230.8,1,0,3133908.03,0.0,3133908.03,2811217.93,0,0,90,0,0,0,0,0,51,39,1.0,51.0,0
Godoy Construcciones,33654275314,2024-Q4,451,62262081.14,46912618.11,15349463.03,17347879.14,84128546.12,5,4,31933266.4,25987210.18,6386653.28,6496802.55,4,0,60,1,0,0,1,0,46,44,10.0,460.0,0
Godoy Construcciones,33654275314,2025-Q1,451,59408113.63,43264770.71,16143342.92,18033165.87,83594340.01,3,2,16742589.82,11088201.49,5580863.27,5544100.74,0,2,30,3,1,1,0,1,1,89,4.0,4.0,0
Godoy Construcciones,33654275314,2025-Q2,451,53742146.05,48636989.98,5105156.07,16403689.45,83459295.32,5,4,34171750.82,29776575.31,6834350.16,7444143.83,1,3,90,2,1,0,1,0,28,62,4.0,112.0,0
Godoy Construcciones,33654275314,2025-Q3,451,57840990.56,42658831.97,15182158.59,16928955.89,75574522.93,2,1,9618969.65,4604690.84,4809484.83,4604690.84,0,1,30,4,1,1,1,1,69,21,9.0,621.0,1
Godoy Construcciones,33654275314,2025-Q4,451,58707587.27,42053359.17,16654228.1,15803887.77,85124693.0,5,3,24033936.73,14257404.69,4806787.35,4752468.23,2,1,90,1,0,0,1,0,21,69,6.0,126.0,0
GastroMax SRL,33656335578,2022-Q1,419,9246059.21,7006925.85,2239133.36,25573588.72,46228200.88,4,2,4908762.55,2000000.0,1227190.64,1000000.0,2,0,30,1,0,1,0,0,52,38,3.0,156.0,0
GastroMax SRL,33656335578,2022-Q2,419,9257776.15,7053259.16,2204516.99,28499704.05,46521759.58,0,0,0.0,0.0,5605893.45,3635590.22,0,0,0,2,0,0,1,1,90,0,9.0,810.0,0
GastroMax SRL,33656335578,2022-Q3,419,10404231.1,7459010.59,2945220.51,20906891.75,43212393.93,1,0,5071070.45,0.0,5071070.45,3791851.44,0,0,90,3,1,1,1,0,15,75,7.0,105.0,0
GastroMax SRL,33656335578,2022-Q4,419,10644196.57,7567936.9,3076259.67,24973847.76,45377935.47,3,1,15913666.59,4791880.96,5304555.53,4791880.96,0,1,60,1,0,0,1,0,84,6,3.0,252.0,0
GastroMax SRL,33656335578,2023-Q1,419,10656539.5,7740096.88,2916442.62,26582432.07,46908973.23,1,0,6390656.33,0.0,6390656.33,4670861.97,0,0,30,1,1,0,0,0,83,7,3.0,249.0,0
GastroMax SRL,33656335578,2023-Q2,419,11089428.8,6814943.45,4274485.35,25051674.13,43020102.07,1,0,5258920.22,0.0,5258920.22,3787977.85,0,0,30,2,0,1,1,0,71,19,8.0,568.0,0
GastroMax SRL,33656335578,2023-Q3,419,9839794.11,7554301.4,2285492.71,22119635.61,45043252.23,1,0,5226736.53,0.0,5226736.53,4440795.03,0,0,90,3,0,1,1,1,56,34,7.0,392.0,0
GastroMax SRL,33656335578,2023-Q4,419,10914912.83,7275338.97,3639573.86,23079404.32,45999966.99,2,1,18163358.75,6113116.86,9081679.38,6113116.86,0,1,30,2,0,1,1,0,14,76,8.0,112.0,0
GastroMax SRL,33656335578,2024-Q1,419,10686140.23,8052890.27,2633249.96,21252424.79,42691692.44,3,2,17098022.55,7941627.21,5699340.85,3970813.61,1,1,30,1,1,0,0,0,71,19,6.0,426.0,0
GastroMax SRL,33656335578,2024-Q2,419,9871015.3,7244457.42,2626557.88,20604544.82,40519076.57,2,1,12082792.76,5561721.88,6041396.38,5561721.88,0,1,90,3,1,1,0,1,64,26,1.0,64.0,0
GastroMax SRL,33656335578,2024-Q3,419,10379447.53,7202001.03,3177446.5,21944536.58,44423955.57,4,3,32648461.36,16866213.58,8162115.34,5622071.19,0,3,60,3,1,1,1,0,53,37,8.0,424.0,0
GastroMax SRL,33656335578,2024-Q4,419,9156605.79,7564602.6,1592003.19,23507582.9,41707437.18,3,2,19374044.41,8841076.77,6458014.8,4420538.38,2,0,60,3,1,1,1,0,60,30,10.0,600.0,0
GastroMax SRL,33656335578,2025-Q1,419,9433989.92,7711014.21,1722975.71,24233301.47,40968317.48,3,2,24990067.12,10419238.76,8330022.37,5209619.38,1,1,90,2,0,1,0,1,86,4,1.0,86.0,0
GastroMax SRL,33656335578,2025-Q2,419,9494922.55,6820067.14,2674855.41,20193303.41,44502648.25,3,2,15007257.02,8067004.79,5002419.01,4033502.4,1,1,30,1,0,1,0,0,37,53,1.0,37.0,0
GastroMax SRL,33656335578,2025-Q3,419,9843880.98,7638086.04,2205794.94,28471254.63,42160435.79,4,2,7466885.9,2599784.84,1866721.47,1299892.42,2,0,60,2,1,0,1,0,74,16,7.0,518.0,0
GastroMax SRL,33656335578,2025-Q4,419,10946362.74,8069300.3,2877062.44,27233793.56,44933739.33,4,3,27212612.7,22445905.01,6803153.18,7481968.34,2,1,30,1,1,0,0,0,17,73,7.0,119.0,0
TecnoPlus SAS,33810743730,2022-Q1,320,86625359.85,68111650.91,18513708.94,0.0,87379201.86,3,1,11985726.56,3334477.53,3995242.19,3334477.53,1,0,30,1,1,0,0,0,39,51,10.0,390.0,0
TecnoPlus SAS,33810743730,2022-Q2,320,79626454.91,71247741.71,8378713.2,0.0,99016607.23,1,0,3453598.95,0.0,3453598.95,2118382.68,0,0,30,3,1,0,1,1,71,19,2.0,142.0,0
TecnoPlus SAS,33810743730,2022-Q3,320,84774292.22,70814986.83,13959305.39,0.0,104793580.4,1,0,2665479.27,0.0,2665479.27,2009971.21,0,0,90,2,1,0,1,0,62,28,10.0,620.0,0
TecnoPlus SAS,33810743730,2022-Q4,320,82856851.77,62835152.89,20021698.88,0.0,102712638.67,1,0,6055101.45,0.0,6055101.45,5178373.36,0,0,60,3,0,1,1,1,73,17,10.0,730.0,0
TecnoPlus SAS,33810743730,2023-Q1,320,75317730.01,61562166.11,13755563.9,0.0,101506175.81,5,2,21909752.18,5301054.87,4381950.44,2650527.43,1,1,90,2,1,1,0,0,36,54,3.0,108.0,0
TecnoPlus SAS,33810743730,2023-Q2,320,89188147.63,72255228.34,16932919.29,0.0,97920077.93,3,2,12581584.09,7866807.13,4193861.36,3933403.57,2,0,30,0,0,0,0,0,44,46,7.0,308.0,0
TecnoPlus SAS,33810743730,2023-Q3,320,76013482.85,61966015.22,14047467.63,0.0,100964605.64,0,0,0.0,0.0,6627224.51,7056619.62,0,0,0,3,0,1,1,1,11,79,6.0,66.0,0
TecnoPlus SAS,33810743730,2023-Q4,320,82150659.23,72391313.79,9759345.44,0.0,92812554.58,1,0,7261667.25,0.0,7261667.25,4476064.72,0,0,30,1,0,0,0,1,62,28,3.0,186.0,0
TecnoPlus SAS,33810743730,2024-Q1,320,87070726.17,63793860.47,23276865.7,0.0,89831752.51,4,2,6505724.68,2144037.87,1626431.17,1072018.93,1,1,60,1,1,0,0,0,85,5,10.0,850.0,0
TecnoPlus SAS,33810743730,2024-Q2,320,83700276.29,65299968.25,18400308.04,0.0,97021644.87,3,1,9795063.61,2418043.08,3265021.2,2418043.08,0,1,60,2,0,1,0,1,74,16,5.0,370.0,0
TecnoPlus SAS,33810743730,2024-Q3,320,73942489.27,63238449.36,10704039.91,0.0,97572692.16,5,3,19416774.71,7993508.8,3883354.94,2664502.93,2,1,30,1,1,0,0,0,38,52,3.0,114.0,0
TecnoPlus SAS,33810743730,2024-Q4,320,78643604.66,69202544.53,9441060.13,0.0,89558923.77,2,1,15865167.11,4824457.52,7932583.56,4824457.52,1,0,60,3,1,0,1,1,54,36,3.0,162.0,0
TecnoPlus SAS,33810743730,2025-Q1,320,88883609.17,63830459.24,25053149.93,0.0,97239527.18,4,1,19722269.72,4804882.63,4930567.43,4804882.63,1,0,60,2,1,1,0,0,45,45,8.0,360.0,0
TecnoPlus SAS,33810743730,2025-Q2,320,86540524.93,67837502.81,18703022.12,0.0,89500905.15,3,1,23014175.39,7845037.55,7671391.8,7845037.55,0,1,60,2,0,1,0,1,90,0,10.0,900.0,0
TecnoPlus SAS,33810743730,2025-Q3,320,81879340.22,70139676.61,11739663.61,0.0,92724363.19,4,2,26889856.95,9466357.56,6722464.24,4733178.78,2,0,60,4,1,1,1,1,21,69,2.0,42.0,0
TecnoPlus SAS,33810743730,2025-Q4,320,86445848.61,62827289.57,23618559.04,0.0,96984120.77,3,2,22972169.15,16317512.09,7657389.72,8158756.05,1,1,90,3,1,1,1,0,28,62,6.0,168.0,0
Moreno Restaurantes S.R.L.,33840816554,2022-Q1,30,117304964.54,102850534.64,14454429.9,18747947.65,138445811.61,2,1,15253389.74,5814924.59,7626694.87,5814924.59,0,1,90,2,0,1,1,0,8,82,9.0,72.0,0
Moreno Restaurantes S.R.L.,33840816554,2022-Q2,30,103652578.23,99463878.77,4188699.46,16348476.36,125605748.65,5,3,38912069.93,16987478.93,7782413.99,5662492.98,1,2,60,4,1,1,1,1,13,77,9.0,117.0,0
Moreno Restaurantes S.R.L.,33840816554,2022-Q3,30,104838375.65,107302755.83,-2464380.18,13175450.52,124021949.4,0,0,0.0,0.0,11362144.25,7727438.4,0,0,0,1,0,0,1,0,89,1,2.0,178.0,0
Moreno Restaurantes S.R.L.,33840816554,2022-Q4,30,99345276.17,100466292.09,-1121015.92,14558994.64,144076398.77,1,0,6778263.06,0.0,6778263.06,7322040.78,0,0,60,4,1,1,1,1,87,3,8.0,696.0,0
Moreno Restaurantes S.R.L.,33840816554,2023-Q1,30,103600449.85,97646802.25,5953647.6,17715826.52,143572890.84,0,0,0.0,0.0,6566845.03,7204054.53,0,0,0,0,0,0,0,0,4,86,6.0,24.0,0
Moreno Restaurantes S.R.L.,33840816554,2023-Q2,30,108961758.07,96974156.84,11987601.23,15911258.77,133354181.66,5,2,40120389.75,12606981.71,8024077.95,6303490.86,1,1,30,3,1,1,0,1,80,10,8.0,640.0,0
Moreno Restaurantes S.R.L.,33840816554,2023-Q3,30,109701533.96,101937709.53,7763824.43,19023865.25,128725399.21,2,1,7760191.33,2651982.25,3880095.67,2651982.25,1,0,60,2,0,0,1,1,41,49,7.0,287.0,0
Moreno Restaurantes S.R.L.,33840816554,2023-Q4,30,106381199.4,107653262.03,-1272062.63,17954479.12,135369591.57,0,0,0.0,0.0,6286753.29,5629978.08,0,0,0,3,1,1,1,0,90,0,2.0,180.0,0
Moreno Restaurantes S.R.L.,33840816554,2024-Q1,30,100808410.12,97657551.95,3150858.17,17694350.47,130509620.94,5,2,40059512.91,10303382.26,8011902.58,5151691.13,2,0,30,1,0,0,1,0,70,20,4.0,280.0,0
Moreno Restaurantes S.R.L.,33840816554,2024-Q2,30,101505564.55,101942262.69,-436698.14,13697005.99,125034894.32,5,2,21691428.57,7077680.04,4338285.71,3538840.02,1,1,60,3,1,0,1,1,33,57,1.0,33.0,0
Moreno Restaurantes S.R.L.,33840816554,2024-Q3,30,119348876.28,97733016.13,21615860.15,17651990.95,137000867.23,2,1,11965117.3,6284498.05,5982558.65,6284498.05,0,1,90,2,0,1,1,0,82,8,5.0,410.0,0
Moreno Restaurantes S.R.L.,33840816554,2024-Q4,30,100557912.66,106792982.51,-6235069.85,16653948.87,144339596.29,0,0,0.0,0.0,3294305.5,2357138.55,0,0,0,2,0,0,1,1,27,63,4.0,108.0,0
Moreno Restaurantes S.R.L.,33840816554,2025-Q1,30,106785077.69,100253403.73,6531673.96,16580208.05,139243787.19,5,3,42496620.36,27713427.09,8499324.07,9237809.03,2,1,30,2,0,1,1,0,65,25,8.0,520.0,0
Moreno Restaurantes S.R.L.,33840816554,2025-Q2,30,106194624.7,106083190.11,111434.59,14520423.91,139513670.67,0,0,0.0,0.0,4768958.88,4123850.53,0,0,0,2,1,0,1,0,16,74,2.0,32.0,0
Moreno Restaurantes S.R.L.,33840816554,2025-Q3,30,116433867.85,89506814.13,26927053.72,17831465.45,141248071.71,3,2,23216459.15,12147722.81,7738819.72,6073861.41,0,2,30,4,1,1,1,1,57,33,10.0,570.0,0
Moreno Restaurantes S.R.L.,33840816554,2025-Q4,30,116281756.98,94603850.71,21677906.27,13294113.84,139063256.79,4,2,29963362.26,10807290.54,7490840.57,5403645.27,0,2,30,4,1,1,1,1,83,7,10.0,830.0,0
ServiRío S.A.,33845310683,2022-Q1,34,40608781.76,31110282.92,9498498.84,16679185.12,75108335.54,3,1,15090011.53,3494163.36,5030003.84,3494163.36,0,1,30,4,1,1,1,1,21,69,6.0,126.0,0
ServiRío S.A.,33845310683,2022-Q2,34,36200224.28,29347467.02,6852757.26,19747834.24,74883970.52,2,1,11580570.45,5855844.74,5790285.22,5855844.74,1,0,90,1,0,0,0,1,10,80,2.0,20.0,0
ServiRío S.A.,33845310683,2022-Q3,34,40420117.03,35035081.66,5385035.37,21065098.84,79164013.9,2,0,16941914.39,0.0,8470957.19,5112947.38,0,0,60,3,1,1,1,0,29,61,9.0,261.0,0
ServiRío S.A.,33845310683,2022-Q4,34,40692314.78,34673000.85,6019313.93,18986915.74,79431112.01,3,2,13644815.75,6791271.35,4548271.92,3395635.67,2,0,30,1,0,0,0,1,11,79,1.0,11.0,1
ServiRío S.A.,33845310683,2023-Q1,34,40306076.14,34587585.95,5718490.19,24582153.24,84844049.66,5,4,15979289.61,7725760.88,3195857.92,1931440.22,3,1,30,3,1,1,1,0,84,6,10.0,840.0,1
ServiRío S.A.,33845310683,2023-Q2,34,38210559.08,30444102.73,7766456.35,23510740.82,76777542.34,5,3,30177509.72,12183141.36,6035501.94,4061047.12,3,0,60,1,1,0,0,0,90,0,8.0,720.0,0
ServiRío S.A.,33845310683,2023-Q3,34,41776656.75,33979824.67,7796832.08,21605278.33,88762031.77,2,1,10117104.31,4552693.93,5058552.16,4552693.93,1,0,90,2,0,1,0,1,4,86,10.0,40.0,0
ServiRío S.A.,33845310683,2023-Q4,34,42374352.78,35095917.77,7278435.01,22946498.73,75207556.27,2,1,12826760.29,6228139.51,6413380.14,6228139.51,0,1,30,1,0,0,0,1,61,29,4.0,244.0,0
ServiRío S.A.,33845310683,2024-Q1,34,40706095.41,33436158.4,7269937.01,23491116.79,79403542.21,4,3,24891080.49,15096465.58,6222770.12,5032155.19,1,2,30,3,0,1,1,1,31,59,1.0,31.0,1
ServiRío S.A.,33845310683,2024-Q2,34,41911065.12,32045699.96,9865365.16,22313544.19,88745138.95,3,1,18046430.01,5103895.94,6015476.67,5103895.94,1,0,90,1,1,0,0,0,86,4,6.0,516.0,0
ServiRío S.A.,33845310683,2024-Q3,34,37897988.67,33299046.69,4598941.98,22249743.37,78316207.96,0,0,0.0,0.0,5691506.35,4317380.4,0,0,0,3,1,1,1,0,88,2,8.0,704.0,0
ServiRío S.A.,33845310683,2024-Q4,34,35648298.95,30160795.1,5487503.85,22807378.25,87204264.3,5,2,23676082.43,7683875.64,4735216.49,3841937.82,2,0,30,3,1,1,1,0,90,0,10.0,900.0,0
ServiRío S.A.,33845310683,2025-Q1,34,41387371.32,31143507.06,10243864.26,21739970.93,82563558.3,0,0,0.0,0.0,5215492.76,5568447.83,0,0,0,1,0,0,0,1,55,35,5.0,275.0,0
ServiRío S.A.,33845310683,2025-Q2,34,42895153.9,34621531.57,8273622.33,24551058.64,90557104.95,3,1,16376632.79,3340300.52,5458877.6,3340300.52,1,0,90,2,0,0,1,1,76,14,8.0,608.0,0
ServiRío S.A.,33845310683,2025-Q3,34,35578494.21,31501346.07,4077148.14,19888843.77,77836940.86,2,1,9004968.05,4570588.39,4502484.02,4570588.39,0,1,60,2,0,1,1,0,20,70,2.0,40.0,0
ServiRío S.A.,33845310683,2025-Q4,34,39667518.63,32899314.91,6768203.72,20046335.23,82526862.33,1,0,1000000.0,0.0,1000000.0,1000000.0,0,0,30,2,0,1,1,0,1,89,5.0,5.0,0
CQH IND SRL,33855423907,2022-Q1,312,57807856.3,33663547.06,24144309.24,13743266.95,72337690.2,2,1,11960756.71,5208997.88,5980378.36,5208997.88,1,0,30,3,0,1,1,1,29,61,7.0,203.0,0
CQH IND SRL,33855423907,2022-Q2,312,56508906.9,40273928.3,16234978.6,12419608.69,77307660.51,0,0,0.0,0.0,7529801.11,7060662.35,0,0,0,1,0,1,0,0,23,67,7.0,161.0,0
CQH IND SRL,33855423907,2022-Q3,312,58108348.55,34333746.59,23774601.96,16258847.54,83263932.46,0,0,0.0,0.0,5030367.96,4480939.77,0,0,0,2,0,0,1,1,87,3,8.0,696.0,0
CQH IND SRL,33855423907,2022-Q4,312,51965665.66,34858199.91,17107465.75,11379723.58,80476235.86,0,0,0.0,0.0,4778488.19,3272539.52,0,0,0,1,0,1,0,0,26,64,4.0,104.0,0
CQH IND SRL,33855423907,2023-Q1,312,51196508.59,33799752.51,17396756.08,12995753.48,71190635.36,5,2,19836817.1,7739785.29,3967363.42,3869892.64,0,2,30,4,1,1,1,1,7,83,2.0,14.0,0
CQH IND SRL,33855423907,2023-Q2,312,58035405.6,40127256.55,17908149.05,16355929.92,81976998.29,5,2,22087591.82,6238972.44,4417518.36,3119486.22,2,0,90,1,0,1,0,0,66,24,2.0,132.0,0
CQH IND SRL,33855423907,2023-Q3,312,53771121.19,39072179.0,14698942.19,11494828.48,80687691.77,0,0,0.0,0.0,8371604.09,5480705.35,0,0,0,1,0,1,0,0,47,43,9.0,423.0,0
CQH IND SRL,33855423907,2023-Q4,312,51530411.09,39714534.02,11815877.07,12346028.34,72923770.13,5,3,22504458.64,12410776.94,4500891.73,4136925.65,2,1,60,3,0,1,1,1,10,80,3.0,30.0,0
CQH IND SRL,33855423907,2024-Q1,312,57401838.96,36768657.4,20633181.56,13974316.15,80821141.39,1,0,3577798.82,0.0,3577798.82,3443641.28,0,0,30,0,0,0,0,0,25,65,7.0,175.0,0
CQH IND SRL,33855423907,2024-Q2,312,52781746.12,35718095.67,17063650.45,11545127.93,78406763.75,5,4,18476298.24,8897556.34,3695259.65,2224389.09,1,3,30,1,0,1,0,0,51,39,1.0,51.0,0
CQH IND SRL,33855423907,2024-Q3,312,59190443.66,37947057.82,21243385.84,12139583.23,84611141.48,3,2,16643849.91,11979960.54,5547949.97,5989980.27,2,0,30,0,0,0,0,0,9,81,5.0,45.0,0
CQH IND SRL,33855423907,2024-Q4,312,51102157.63,37988547.1,13113610.53,15903775.56,80852485.15,0,0,0.0,0.0,6111330.81,4607761.27,0,0,0,3,1,1,0,1,9,81,10.0,90.0,0
CQH IND SRL,33855423907,2025-Q1,312,56664072.85,40269369.74,16394703.11,14742177.5,83347930.14,5,4,24376954.24,14608059.54,4875390.85,3652014.88,3,1,60,2,0,0,1,1,11,79,9.0,99.0,0
CQH IND SRL,33855423907,2025-Q2,312,57428151.31,36126880.21,21301271.1,16228539.59,73656690.89,1,0,6825652.61,0.0,6825652.61,5036032.97,0,0,60,2,0,1,1,0,22,68,9.0,198.0,0
CQH IND SRL,33855423907,2025-Q3,312,51777539.56,35267533.38,16510006.18,14371776.37,71403813.56,3,1,24076318.91,7040293.78,8025439.64,7040293.78,0,1,60,2,1,0,1,0,20,70,4.0,80.0,0
CQH IND SRL,33855423907,2025-Q4,312,52263632.53,35847241.7,16416390.83,13110988.57,72036012.82,1,0,5216369.23,0.0,5216369.23,5462744.83,0,0,60,0,0,0,0,0,22,68,8.0,176.0,0
YBH RES S.A.,33885419709,2022-Q1,454,102105642.33,60657463.47,41448178.86,35027931.69,137133574.02,5,3,23583675.61,13602088.83,4716735.12,4534029.61,1,2,90,2,1,0,1,0,8,82,1.0,8.0,0
YBH RES S.A.,33885419709,2022-Q2,454,92427756.01,67855438.59,24572317.42,34872982.8,127300738.81,2,1,10090325.51,4809275.46,5045162.76,4809275.46,0,1,60,3,1,1,1,0,80,10,5.0,400.0,0
YBH RES S.A.,33885419709,2022-Q3,454,106489412.02,58512895.78,47976516.24,30685712.98,137175124.99,5,3,32442782.82,14110904.11,6488556.56,4703634.7,3,0,60,2,1,0,1,0,40,50,1.0,40.0,0
YBH RES S.A.,33885419709,2022-Q4,454,96839436.8,62543154.29,34296282.51,27606864.14,126985917.19,2,1,12916731.34,6719293.13,6458365.67,6719293.13,1,0,90,2,0,0,1,1,31,59,5.0,155.0,0
YBH RES S.A.,33885419709,2023-Q1,454,103746619.69,63398966.16,40347653.53,31763471.65,143958205.68,3,2,23090438.69,11342073.66,7696812.9,5671036.83,2,0,90,1,0,0,1,0,45,45,4.0,180.0,0
YBH RES S.A.,33885419709,2023-Q2,454,96227108.38,65233827.58,30993280.8,29769905.57,126388769.13,3,2,13353888.59,6257040.43,4451296.2,3128520.21,2,0,60,2,0,1,0,1,35,55,6.0,210.0,1
YBH RES S.A.,33885419709,2023-Q3,454,108634815.74,66051384.92,42583430.82,26984909.67,135619725.41,2,1,9353502.43,3888300.38,4676751.22,3888300.38,0,1,60,2,1,0,1,0,64,26,2.0,128.0,0
YBH RES S.A.,33885419709,2023-Q4,454,106730912.39,60617585.34,46113327.05,25142987.16,149520082.17,4,2,24082293.82,9144427.16,6020573.45,4572213.58,1,1,30,2,0,1,0,1,18,72,2.0,36.0,0
YBH RES S.A.,33885419709,2024-Q1,454,92402719.58,64186159.03,28216560.55,33238585.3,127263517.84,1,0,5030711.62,0.0,5030711.62,3508120.71,0,0,30,2,1,1,0,0,11,79,8.0,88.0,0
YBH RES S.A.,33885419709,2024-Q2,454,93520597.14,57346476.16,36174120.98,32587391.6,134715097.71,2,1,12877759.83,5311349.76,6438879.92,5311349.76,1,0,30,3,1,1,1,0,19,71,2.0,38.0,0
YBH RES S.A.,33885419709,2024-Q3,454,102603959.89,67054629.08,35549330.81,24573224.57,127177184.46,2,0,13715212.87,0.0,6857606.44,5714808.99,0,0,90,1,0,1,0,0,13,77,10.0,130.0,0
YBH RES S.A.,33885419709,2024-Q4,454,101207963.89,62049548.62,39158415.27,29614631.55,131443954.21,0,0,0.0,0.0,7949935.69,6737156.36,0,0,0,4,1,1,1,1,63,27,10.0,630.0,0
YBH RES S.A.,33885419709,2025-Q1,454,92355292.93,65877223.22,26478069.71,29162599.77,141532975.83,2,1,9814207.77,4148543.07,4907103.88,4148543.07,1,0,60,4,1,1,1,1,25,65,3.0,75.0,0
YBH RES S.A.,33885419709,2025-Q2,454,99447278.38,66166305.91,33280972.47,26284026.51,143038221.3,2,1,7681693.12,3947068.37,3840846.56,3947068.37,1,0,30,4,1,1,1,1,33,57,3.0,99.0,0
YBH RES S.A.,33885419709,2025-Q3,454,97285481.65,64825126.58,32460355.07,35342421.45,138385568.29,3,1,19778156.63,5352062.55,6592718.88,5352062.55,0,1,60,2,0,1,1,0,23,67,5.0,115.0,0
YBH RES S.A.,33885419709,2025-Q4,454,103902921.69,69480952.95,34421968.74,34122513.73,138025435.42,2,1,22258053.27,8129787.95,11129026.64,8129787.95,0,1,30,2,0,1,1,0,59,31,7.0,413.0,0
Martinez Construcciones,33913974005,2022-Q1,413,36055293.95,23993483.93,12061810.02,26256224.29,65958085.57,5,2,22318269.05,7783132.33,4463653.81,3891566.17,1,1,30,3,1,1,0,1,19,71,1.0,19.0,0
Martinez Construcciones,33913974005,2022-Q2,413,31368009.31,25277096.62,6090912.69,21697394.27,72023685.92,3,2,6525892.36,4525232.6,2175297.45,2262616.3,1,1,30,2,1,0,0,1,17,73,3.0,51.0,1
Martinez Construcciones,33913974005,2022-Q3,413,37642181.18,24070657.92,13571523.26,29761573.74,67403754.92,2,1,4078512.61,1762914.42,2039256.3,1762914.42,0,1,60,1,1,0,0,0,6,84,5.0,30.0,1
Martinez Construcciones,33913974005,2022-Q4,413,36803873.89,24762549.34,12041324.55,22761220.21,74938122.73,0,0,0.0,0.0,5505111.54,4917316.32,0,0,0,2,1,0,1,0,82,8,3.0,246.0,0
Martinez Construcciones,33913974005,2023-Q1,413,36337281.61,25802903.71,10534377.9,22394887.38,66839157.87,1,0,7539176.51,0.0,7539176.51,8197242.63,0,0,90,2,0,1,0,1,35,55,9.0,315.0,0
Martinez Construcciones,33913974005,2023-Q2,413,35296581.2,25001046.06,10295535.14,21782901.64,66090121.53,1,0,10543954.97,0.0,10543954.97,6342971.28,0,0,60,1,0,1,0,0,66,24,10.0,660.0,0
Martinez Construcciones,33913974005,2023-Q3,413,31951853.83,28772690.28,3179163.55,23296313.57,74890382.83,3,2,17715364.52,9939935.11,5905121.51,4969967.55,0,2,60,2,0,1,1,0,34,56,4.0,136.0,0
Martinez Construcciones,33913974005,2023-Q4,413,36293287.54,24637750.24,11655537.3,30563664.37,67811593.2,4,2,19566483.62,10421882.03,4891620.91,5210941.01,0,2,30,3,1,0,1,1,79,11,4.0,316.0,0
Martinez Construcciones,33913974005,2024-Q1,413,31744629.91,27505288.12,4239341.79,20968958.94,73400646.96,5,2,19159863.54,5603934.18,3831972.71,2801967.09,1,1,30,3,1,1,1,0,48,42,6.0,288.0,0
Martinez Construcciones,33913974005,2024-Q2,413,31572529.89,28851432.97,2721096.92,22829387.71,73457864.48,2,1,16592829.12,8787274.48,8296414.56,8787274.48,1,0,30,1,0,1,0,0,87,3,9.0,783.0,0
Martinez Construcciones,33913974005,2024-Q3,413,32697985.31,27395917.2,5302068.11,23617331.17,73353656.44,3,1,15096938.05,3837481.0,5032312.68,3837481.0,1,0,30,1,0,1,0,0,15,75,6.0,90.0,0
Martinez Construcciones,33913974005,2024-Q4,413,36204977.64,26381022.42,9823955.22,31209898.31,74207274.78,1,0,2430335.72,0.0,2430335.72,2562153.13,0,0,60,2,0,0,1,1,20,70,6.0,120.0,0
Martinez Construcciones,33913974005,2025-Q1,413,37171121.67,24859174.84,12311946.83,28196077.38,72992937.93,4,2,34749324.56,16865609.62,8687331.14,8432804.81,2,0,30,2,0,1,1,0,14,76,7.0,98.0,0
Martinez Construcciones,33913974005,2025-Q2,413,31279207.34,28924562.14,2354645.2,26683719.67,72243903.73,3,1,22043188.6,7401589.83,7347729.53,7401589.83,0,1,30,2,1,0,0,1,14,76,8.0,112.0,0
Martinez Construcciones,33913974005,2025-Q3,413,31440139.25,26834120.94,4606018.31,24726467.13,67931675.53,3,2,13545108.52,8387913.14,4515036.17,4193956.57,0,2,30,1,1,0,0,0,71,19,1.0,71.0,1
Martinez Construcciones,33913974005,2025-Q4,413,31448060.21,27099870.92,4348189.29,21772236.65,73897301.07,2,0,18171620.06,0.0,9085810.03,5498059.48,0,0,90,2,1,1,0,0,20,70,2.0,40.0,1
GUP RES SRL,33943898060,2022-Q1,313,28930794.39,19860643.94,9070150.45,8636780.01,40589581.55,0,0,0.0,0.0,5133089.34,4697632.4,0,0,0,3,1,0,1,1,14,76,1.0,14.0,0
GUP RES SRL,33943898060,2022-Q2,313,31772654.45,19536487.99,12236166.46,7932804.26,42521607.52,4,2,29025194.22,11533486.78,7256298.56,5766743.39,0,2,30,1,0,0,0,1,29,61,1.0,29.0,0
GUP RES SRL,33943898060,2022-Q3,313,32894431.41,19904488.76,12989942.65,9459059.37,46156161.66,2,1,10514453.44,4723192.47,5257226.72,4723192.47,0,1,30,1,0,0,1,0,72,18,4.0,288.0,1
GUP RES SRL,33943898060,2022-Q4,313,27949226.68,18136830.76,9812395.92,6954589.48,44542308.53,2,1,10212810.38,3106803.65,5106405.19,3106803.65,1,0,60,3,0,1,1,1,40,50,3.0,120.0,0
GUP RES SRL,33943898060,2023-Q1,313,28401913.55,20915132.11,7486781.44,9562087.41,42823418.49,5,2,42145568.56,17784329.85,8429113.71,8892164.93,0,2,90,2,0,1,1,0,62,28,7.0,434.0,0
GUP RES SRL,33943898060,2023-Q2,313,32978623.82,19309336.67,13669287.15,7783462.74,44299145.06,4,2,22834711.41,9049236.46,5708677.85,4524618.23,2,0,90,1,0,1,0,0,75,15,4.0,300.0,0
GUP RES SRL,33943898060,2023-Q3,313,30256608.37,19278685.53,10977922.84,8673223.14,39748587.32,3,2,24625100.29,15753932.46,8208366.76,7876966.23,1,1,90,2,1,0,0,1,69,21,3.0,207.0,0
GUP RES SRL,33943898060,2023-Q4,313,31503544.03,20256237.41,11247306.62,8469563.23,45952452.44,1,0,4691452.63,0.0,4691452.63,3185735.1,0,0,60,2,1,0,0,1,37,53,4.0,148.0,0
GUP RES SRL,33943898060,2024-Q1,313,32687736.28,19839765.53,12847970.75,9777122.97,42916714.63,2,1,9732006.66,3742164.78,4866003.33,3742164.78,1,0,30,2,1,1,0,0,10,80,2.0,20.0,0
GUP RES SRL,33943898060,2024-Q2,313,29075207.58,18249895.2,10825312.38,9840204.41,44954976.77,5,3,34230359.75,18221209.05,6846071.95,6073736.35,3,0,60,3,0,1,1,1,51,39,8.0,408.0,0
GUP RES SRL,33943898060,2024-Q3,313,30958727.82,20203348.47,10755379.35,7481750.19,47704767.26,3,1,22870554.59,6999045.07,7623518.2,6999045.07,1,0,30,4,1,1,1,1,32,58,10.0,320.0,0
GUP RES SRL,33943898060,2024-Q4,313,32377787.95,19101482.93,13276305.02,8621007.23,40998795.17,3,1,21288526.22,7640810.47,7096175.41,7640810.47,0,1,60,2,0,1,1,0,90,0,9.0,810.0,0
GUP RES SRL,33943898060,2025-Q1,313,29985476.05,18683555.86,11301920.19,7715761.67,41092248.11,2,0,11006985.87,0.0,5503492.93,5794509.47,0,0,60,1,0,0,1,0,8,82,1.0,8.0,0
GUP RES SRL,33943898060,2025-Q2,313,28165944.56,20322424.37,7843520.19,8495930.81,45153037.53,2,1,18461721.09,6583612.16,9230860.55,6583612.16,0,1,60,2,1,0,1,0,38,52,6.0,228.0,0
GUP RES SRL,33943898060,2025-Q3,313,28570738.98,18010635.73,10560103.25,8789901.4,42684973.12,0,0,0.0,0.0,3707398.19,3013360.0,0,0,0,2,0,1,1,0,73,17,8.0,584.0,0
GUP RES SRL,33943898060,2025-Q4,313,29891567.87,18014032.27,11877535.6,7324440.59,40564088.69,3,1,16718475.25,5020719.0,5572825.08,5020719.0,1,0,90,2,0,0,1,1,47,43,10.0,470.0,0
GastroPlus SRL,33946988397,2022-Q1,30,52011496.29,40190728.67,11820767.62,28656261.34,83192392.83,4,2,36730095.76,19415768.79,9182523.94,9707884.4,0,2,90,0,0,0,0,0,68,22,5.0,340.0,0
GastroPlus SRL,33946988397,2022-Q2,30,51558623.63,46751366.39,4807257.24,32725340.64,87106339.59,2,1,5315062.46,1760092.45,2657531.23,1760092.45,0,1,90,0,0,0,0,0,15,75,8.0,120.0,1
GastroPlus SRL,33946988397,2022-Q3,30,49793569.91,47071812.7,2721757.21,36621350.93,86414920.84,4,2,21639242.75,8801878.2,5409810.69,4400939.1,1,1,90,3,1,0,1,1,57,33,1.0,57.0,0
GastroPlus SRL,33946988397,2022-Q4,30,58607213.09,45707742.13,12899470.96,31863599.45,90470812.54,2,1,9611992.97,4133584.85,4805996.48,4133584.85,1,0,60,0,0,0,0,0,24,66,8.0,192.0,0
GastroPlus SRL,33946988397,2023-Q1,30,51219263.79,43555503.49,7663760.3,26419847.49,93694174.27,3,1,15309861.24,5213656.8,5103287.08,5213656.8,0,1,60,1,1,0,0,0,88,2,7.0,616.0,0
GastroPlus SRL,33946988397,2023-Q2,30,58184397.37,42525490.58,15658906.79,26082041.8,84266439.17,0,0,0.0,0.0,8373740.9,9181043.85,0,0,0,2,1,1,0,0,1,89,1.0,1.0,0
GastroPlus SRL,33946988397,2023-Q3,30,51646783.06,45196199.41,6450583.65,25033484.3,91350951.02,5,4,25953331.3,16509575.03,5190666.26,4127393.76,0,4,90,4,1,1,1,1,84,6,1.0,84.0,0
GastroPlus SRL,33946988397,2023-Q4,30,49321141.05,41866048.44,7455092.61,28840424.69,88906872.58,0,0,0.0,0.0,6790906.53,5750663.27,0,0,0,2,0,1,0,1,71,19,6.0,426.0,0
GastroPlus SRL,33946988397,2024-Q1,30,53113029.07,42383170.18,10729858.89,32058681.17,91399766.49,2,1,9742643.52,4817592.54,4871321.76,4817592.54,0,1,60,1,0,0,0,1,29,61,9.0,261.0,0
GastroPlus SRL,33946988397,2024-Q2,30,52270042.81,42953056.89,9316985.92,36465946.64,88735989.45,4,3,21397968.69,15362028.9,5349492.17,5120676.3,2,1,30,2,1,0,1,0,43,47,8.0,344.0,1
GastroPlus SRL,33946988397,2024-Q3,30,56169017.43,47236654.11,8932363.32,32025334.22,88194351.65,5,2,23348918.28,7067762.42,4669783.66,3533881.21,2,0,90,3,1,1,0,1,89,1,10.0,890.0,0
GastroPlus SRL,33946988397,2024-Q4,30,49977906.54,43458933.89,6518972.65,25684213.9,92153117.36,0,0,0.0,0.0,3851725.31,3091473.07,0,0,0,3,1,1,1,0,51,39,2.0,102.0,0
GastroPlus SRL,33946988397,2025-Q1,30,52273868.39,40090834.22,12183034.17,35845539.77,88375352.69,0,0,0.0,0.0,4820808.45,3780492.28,0,0,0,2,1,1,0,0,10,80,3.0,30.0,0
GastroPlus SRL,33946988397,2025-Q2,30,57098067.19,47293548.84,9804518.35,28619277.08,88206305.7,4,2,23619864.22,10459800.06,5904966.06,5229900.03,0,2,90,3,1,0,1,1,16,74,3.0,48.0,0
GastroPlus SRL,33946988397,2025-Q3,30,49102540.97,45658186.23,3444354.74,27885082.09,79513442.31,2,1,13909798.42,5983055.62,6954899.21,5983055.62,1,0,60,3,1,0,1,1,87,3,1.0,87.0,0
GastroPlus SRL,33946988397,2025-Q4,30,48586143.89,42504838.01,6081305.88,31921523.36,88450628.9,0,0,0.0,0.0,6940539.81,6172084.55,0,0,0,1,0,0,0,1,75,15,7.0,525.0,0
Ramos Industrial,33950639658,2022-Q1,89,68834879.03,41432153.46,27402725.57,27511910.66,112340223.81,2,1,10654951.03,3896982.22,5327475.52,3896982.22,0,1,90,0,0,0,0,0,7,83,9.0,63.0,0
Ramos Industrial,33950639658,2022-Q2,89,61837775.42,44804762.86,17033012.56,32158072.62,98826341.6,4,1,34862866.5,8915546.18,8715716.62,8915546.18,0,1,30,2,1,0,0,1,31,59,5.0,155.0,0
Ramos Industrial,33950639658,2022-Q3,89,60920436.66,39542730.4,21377706.26,25335635.62,106833447.91,5,2,34349055.3,11380686.4,6869811.06,5690343.2,2,0,90,3,1,1,1,0,60,30,10.0,600.0,0
Ramos Industrial,33950639658,2022-Q4,89,66854205.74,43601604.7,23252601.04,25413462.48,104625548.85,0,0,0.0,0.0,10217408.72,10362460.29,0,0,0,1,1,0,0,0,11,79,5.0,55.0,0
Ramos Industrial,33950639658,2023-Q1,89,59011120.74,40429030.46,18582090.28,25682871.57,93863877.58,3,1,17423028.35,5344186.91,5807676.12,5344186.91,0,1,60,2,0,1,1,0,18,72,3.0,54.0,0
Ramos Industrial,33950639658,2023-Q2,89,69287153.17,43981886.18,25305266.99,29024103.77,103241319.17,0,0,0.0,0.0,6628337.03,4200287.0,0,0,0,2,0,0,1,1,32,58,9.0,288.0,1
Ramos Industrial,33950639658,2023-Q3,89,61122252.9,44447204.29,16675048.61,27794898.66,104143113.87,2,1,7267880.16,2222694.3,3633940.08,2222694.3,0,1,60,1,1,0,0,0,54,36,9.0,486.0,0
Ramos Industrial,33950639658,2023-Q4,89,61547770.12,39519791.49,22027978.63,32319999.16,95303200.87,2,1,16382494.62,7024734.02,8191247.31,7024734.02,0,1,30,2,0,1,1,0,22,68,1.0,22.0,0
Ramos Industrial,33950639658,2024-Q1,89,66720846.75,43931423.7,22789423.05,26794180.36,99537847.15,0,0,0.0,0.0,6834499.77,6258814.66,0,0,0,2,0,1,0,1,5,85,2.0,10.0,0
Ramos Industrial,33950639658,2024-Q2,89,62096829.56,40916357.98,21180471.58,22307726.01,103858086.14,0,0,0.0,0.0,6773757.2,6720344.15,0,0,0,3,1,0,1,1,6,84,6.0,36.0,0
Ramos Industrial,33950639658,2024-Q3,89,63247421.47,46506837.84,16740583.63,23014540.76,104956965.97,4,1,31835103.75,5903871.85,7958775.94,5903871.85,0,1,90,1,0,1,0,0,1,89,9.0,9.0,1
Ramos Industrial,33950639658,2024-Q4,89,61797203.2,42889818.5,18907384.7,26907744.83,107375834.79,2,1,12969711.02,6668757.69,6484855.51,6668757.69,0,1,30,4,1,1,1,1,57,33,7.0,399.0,0
Ramos Industrial,33950639658,2025-Q1,89,57691106.06,41205863.24,16485242.82,28192983.03,103371906.44,4,3,16349517.74,9983827.62,4087379.43,3327942.54,3,0,60,4,1,1,1,1,79,11,3.0,237.0,0
Ramos Industrial,33950639658,2025-Q2,89,61244022.31,39834191.88,21409830.43,23269215.64,101587413.96,3,2,8461855.34,4394584.5,2820618.45,2197292.25,2,0,60,2,1,0,0,1,10,80,8.0,80.0,0
Ramos Industrial,33950639658,2025-Q3,89,62639484.47,42545429.11,20094055.36,28419421.11,103107477.8,0,0,0.0,0.0,4431921.46,2927675.92,0,0,0,1,0,1,0,0,88,2,7.0,616.0,0
Ramos Industrial,33950639658,2025-Q4,89,68391453.09,40819416.37,27572036.72,30101620.42,109821777.82,1,0,3867518.29,0.0,3867518.29,4232326.35,0,0,30,2,1,1,0,0,88,2,3.0,264.0,0
Peralta Construcciones,33962432439,2022-Q1,61,39127551.95,28947623.6,10179928.35,9356544.62,52470688.72,0,0,0.0,0.0,7205304.89,6181271.38,0,0,0,2,1,1,0,0,60,30,10.0,600.0,1
Peralta Construcciones,33962432439,2022-Q2,61,35617405.26,29127318.48,6490086.78,9519608.67,56515411.86,2,1,11964821.24,4193272.77,5982410.62,4193272.77,1,0,60,4,1,1,1,1,73,17,9.0,657.0,0
Peralta Construcciones,33962432439,2022-Q3,61,35135046.05,30165182.83,4969863.22,10572202.37,60720407.72,5,3,27905911.73,11576561.85,5581182.35,3858853.95,1,2,90,2,0,1,0,1,56,34,4.0,224.0,0
Peralta Construcciones,33962432439,2022-Q4,61,36191769.91,33330965.0,2860804.91,9405764.93,60619789.03,4,1,10916294.01,2346388.62,2729073.5,2346388.62,0,1,30,1,0,0,1,0,46,44,10.0,460.0,0
Peralta Construcciones,33962432439,2023-Q1,61,37669861.49,29149641.28,8520220.21,11244890.82,52717642.44,2,1,21303119.17,8888753.52,10651559.58,8888753.52,1,0,30,1,0,0,1,0,45,45,9.0,405.0,0
Peralta Construcciones,33962432439,2023-Q2,61,39402800.85,33712983.93,5689816.92,10530259.04,57288866.01,1,0,9570636.79,0.0,9570636.79,8912797.13,0,0,90,3,1,1,1,0,71,19,7.0,497.0,0
Peralta Construcciones,33962432439,2023-Q3,61,40657547.23,31951334.17,8706213.06,11867713.2,55301601.61,3,2,18656912.16,8697750.85,6218970.72,4348875.43,0,2,60,3,1,0,1,1,57,33,2.0,114.0,0
Peralta Construcciones,33962432439,2023-Q4,61,41759100.15,29708767.24,12050332.91,9530635.79,53424135.94,1,0,6229168.87,0.0,6229168.87,6106286.13,0,0,30,2,0,1,0,1,64,26,9.0,576.0,0
Peralta Construcciones,33962432439,2024-Q1,61,36534535.25,30691161.78,5843373.47,9225371.65,56311029.0,2,1,7584045.46,3758294.95,3792022.73,3758294.95,0,1,30,1,0,1,0,0,53,37,8.0,424.0,0
Peralta Construcciones,33962432439,2024-Q2,61,36284437.18,31026120.07,5258317.11,9438214.48,55388295.02,2,1,11827465.64,4476242.67,5913732.82,4476242.67,0,1,30,1,0,0,0,1,25,65,4.0,100.0,0
Peralta Construcciones,33962432439,2024-Q3,61,36248037.52,33594251.84,2653785.68,12706563.36,55727787.72,1,0,2130938.53,0.0,2130938.53,2342785.4,0,0,60,4,1,1,1,1,56,34,5.0,280.0,0
Peralta Construcciones,33962432439,2024-Q4,61,35062909.22,28823983.9,6238925.32,10742891.07,55687454.0,4,2,31851837.99,16217467.16,7962959.5,8108733.58,1,1,60,2,1,0,0,1,90,0,2.0,180.0,0
Peralta Construcciones,33962432439,2025-Q1,61,42055893.02,34294817.96,7761075.06,12532642.63,54588535.65,0,0,0.0,0.0,8727700.65,9333426.44,0,0,0,3,0,1,1,1,37,53,5.0,185.0,0
Peralta Construcciones,33962432439,2025-Q2,61,35935675.59,29092958.41,6842717.18,12790219.18,54667939.08,1,0,4743257.78,0.0,4743257.78,3301120.44,0,0,90,3,1,1,0,1,16,74,3.0,48.0,0
Peralta Construcciones,33962432439,2025-Q3,61,39628776.31,33921812.52,5706963.79,9693649.99,53255522.07,5,4,37297156.74,24355275.98,7459431.35,6088819.0,2,2,30,4,1,1,1,1,63,27,3.0,189.0,0
Peralta Construcciones,33962432439,2025-Q4,61,40833604.65,30083136.74,10750467.91,8692085.07,56544376.07,2,0,16758488.02,0.0,8379244.01,7201602.61,0,0,90,1,1,0,0,0,66,24,9.0,594.0,0
HEX RES S.A.,33980133201,2022-Q1,72,69833520.68,68977263.37,856257.31,22246395.72,115765953.23,3,2,17294747.0,7215702.33,5764915.67,3607851.17,2,0,30,3,1,1,1,0,74,16,7.0,518.0,0
HEX RES S.A.,33980133201,2022-Q2,72,68543194.38,69293549.38,-750355.0,29630047.53,112801970.62,5,4,29308620.65,15532674.2,5861724.13,3883168.55,3,1,90,3,1,1,1,0,46,44,6.0,276.0,0
HEX RES S.A.,33980133201,2022-Q3,72,78731487.83,61346862.81,17384625.02,22980666.29,111471060.94,5,4,33928274.68,24649691.86,6785654.94,6162422.96,3,1,60,2,0,1,0,1,1,89,1.0,1.0,0
HEX RES S.A.,33980133201,2022-Q4,72,69061928.29,61222571.98,7839356.31,30158646.35,106093306.43,3,2,19971972.01,8954967.93,6657324.0,4477483.97,2,0,30,2,0,0,1,1,86,4,6.0,516.0,0
HEX RES S.A.,33980133201,2023-Q1,72,81829436.18,60763824.39,21065611.79,25385178.93,107214615.11,4,2,24555049.08,9073554.39,6138762.27,4536777.2,0,2,30,3,1,0,1,1,9,81,4.0,36.0,0
HEX RES S.A.,33980133201,2023-Q2,72,73876250.65,64167010.79,9709239.86,22442974.66,108869341.92,3,1,16240850.48,4531556.41,5413616.83,4531556.41,0,1,30,3,1,0,1,1,21,69,1.0,21.0,0
HEX RES S.A.,33980133201,2023-Q3,72,77495336.02,62956960.73,14538375.29,28209535.54,108031435.12,4,2,44781389.81,19174710.94,11195347.45,9587355.47,1,1,60,3,1,1,0,1,73,17,8.0,584.0,0
HEX RES S.A.,33980133201,2023-Q4,72,75507610.23,69279256.03,6228354.2,23422840.03,114198571.59,2,0,14662340.95,0.0,7331170.47,7485100.17,0,0,60,1,0,0,1,0,74,16,1.0,74.0,0
HEX RES S.A.,33980133201,2024-Q1,72,72403518.92,68531834.26,3871684.66,20389111.82,113980141.27,4,2,31161479.86,14029213.02,7790369.96,7014606.51,2,0,90,2,0,1,1,0,11,79,6.0,66.0,0
HEX RES S.A.,33980133201,2024-Q2,72,72359422.18,67812521.3,4546900.88,27379412.64,104580204.65,5,3,37908061.22,19618425.9,7581612.24,6539475.3,1,2,30,2,1,0,0,1,43,47,2.0,86.0,0
HEX RES S.A.,33980133201,2024-Q3,72,76044471.7,69791664.73,6252806.97,30262829.21,106307300.91,3,1,26730273.46,8711085.04,8910091.15,8711085.04,0,1,30,1,0,1,0,0,40,50,5.0,200.0,0
HEX RES S.A.,33980133201,2024-Q4,72,68353941.6,61867264.63,6486676.97,23196233.66,106770209.18,1,0,1211479.39,0.0,1211479.39,1000000.0,0,0,30,4,1,1,1,1,22,68,9.0,198.0,0
HEX RES S.A.,33980133201,2025-Q1,72,79156863.07,59583035.06,19573828.01,23950689.39,107825671.0,3,1,21339200.66,7001489.86,7113066.89,7001489.86,1,0,90,2,0,1,0,1,63,27,9.0,567.0,0
HEX RES S.A.,33980133201,2025-Q2,72,80470973.63,63275609.23,17195364.4,25288674.37,107652012.72,3,1,20005770.77,6104535.02,6668590.26,6104535.02,0,1,60,0,0,0,0,0,16,74,1.0,16.0,0
HEX RES S.A.,33980133201,2025-Q3,72,74423672.35,62843508.87,11580163.48,26297261.72,100720934.08,0,0,0.0,0.0,4200610.43,3851476.21,0,0,0,3,1,1,1,0,65,25,10.0,650.0,0
HEX RES S.A.,33980133201,2025-Q4,72,81268927.61,68244297.14,13024630.47,29988464.53,113013721.84,2,0,19989186.12,0.0,9994593.06,8196009.57,0,0,90,3,1,1,0,1,59,31,6.0,354.0,0
Gonzalez Gastronomía,30556297491,2025-Q2,209,49508303.98,35262683.5,14245620.48,10176441.66,67849870.85,1,0,5572579.53,0.0,5572579.53,4117346.41,0,0,90,2,0,1,1,0,1,89,2.0,2.0,0
Gonzalez Gastronomía,30556297491,2025-Q3,209,45100695.58,37347708.56,7752987.02,10737943.82,67896986.47,2,1,8701781.43,4556916.92,4350890.72,4556916.92,1,0,60,0,0,0,0,0,27,63,4.0,108.0,0
Gonzalez Gastronomía,30556297491,2025-Q4,209,45857022.02,38530894.61,7326127.41,14542343.01,62849942.57,4,1,31379645.87,4955504.98,7844911.47,4955504.98,0,1,90,3,1,1,0,1,85,5,5.0,425.0,0
WVU TEC S.A.,30585996315,2022-Q1,464,46618573.94,33968101.44,12650472.5,21952636.06,68571210.0,4,3,18410940.68,12485727.18,4602735.17,4161909.06,2,1,60,3,1,0,1,1,67,23,4.0,268.0,0
WVU TEC S.A.,30585996315,2022-Q2,464,44717181.07,35396333.55,9320847.52,29853330.55,74570511.61,1,0,8787039.02,0.0,8787039.02,7967029.18,0,0,30,1,1,0,0,0,68,22,8.0,544.0,0
WVU TEC S.A.,30585996315,2022-Q3,464,46725082.85,33384416.92,13340665.93,21795065.73,71072485.96,2,1,15011027.07,6898342.78,7505513.53,6898342.78,0,1,90,1,0,1,0,0,32,58,2.0,64.0,0
WVU TEC S.A.,30585996315,2022-Q4,464,41027077.44,31935660.54,9091416.9,26288424.66,79723745.81,5,2,32523458.31,11723242.23,6504691.66,5861621.11,1,1,30,1,1,0,0,0,23,67,10.0,230.0,0
WVU TEC S.A.,30585996315,2023-Q1,464,44548652.33,33051633.07,11497019.26,21564453.34,72202731.41,1,0,4901145.96,0.0,4901145.96,4973262.79,0,0,90,2,1,0,1,0,22,68,3.0,66.0,0
WVU TEC S.A.,30585996315,2023-Q2,464,43187870.79,33409295.27,9778575.52,20652208.35,77636719.2,4,3,32086251.07,25426942.88,8021562.77,8475647.63,2,1,60,4,1,1,1,1,68,22,6.0,408.0,0
WVU TEC S.A.,30585996315,2023-Q3,464,43300102.88,34234738.11,9065364.77,23589415.6,79058674.25,5,3,33358456.73,21017688.09,6671691.35,7005896.03,0,3,30,1,0,1,0,0,44,46,9.0,396.0,0
WVU TEC S.A.,30585996315,2023-Q4,464,45276512.62,33531667.2,11744845.42,21409880.86,81703548.57,4,2,26599021.0,12513438.55,6649755.25,6256719.28,0,2,30,2,1,0,0,1,24,66,8.0,192.0,0
WVU TEC S.A.,30585996315,2024-Q1,464,44158931.9,36788374.79,7370557.11,21845077.11,70421766.91,4,3,31227016.79,19386484.28,7806754.2,6462161.43,2,1,30,1,0,1,0,0,27,63,10.0,270.0,0
WVU TEC S.A.,30585996315,2024-Q2,464,42179062.72,34353565.52,7825497.2,24067547.61,71524522.97,1,0,7180622.19,0.0,7180622.19,6756307.47,0,0,30,2,1,0,1,0,24,66,3.0,72.0,0
WVU TEC S.A.,30585996315,2024-Q3,464,44436327.33,33802936.17,10633391.16,21590302.98,70251123.6,3,1,20276066.1,5174450.06,6758688.7,5174450.06,1,0,60,1,1,0,0,0,17,73,8.0,136.0,0
WVU TEC S.A.,30585996315,2024-Q4,464,39494215.51,33794242.18,5699973.33,23799595.16,74159027.32,0,0,0.0,0.0,5915827.9,6307668.83,0,0,0,3,1,1,0,1,12,78,7.0,84.0,0
WVU TEC S.A.,30585996315,2025-Q1,464,43345676.02,33821411.83,9524264.19,24379611.08,76665003.16,1,0,7426138.56,0.0,7426138.56,7537481.07,0,0,60,2,0,1,1,0,43,47,3.0,129.0,0
WVU TEC S.A.,30585996315,2025-Q2,464,45137587.94,37034087.3,8103500.64,27332066.45,81161101.77,2,1,5893656.57,2559907.71,2946828.29,2559907.71,0,1,60,2,0,0,1,1,41,49,1.0,41.0,0
WVU TEC S.A.,30585996315,2025-Q3,464,46155414.59,35026640.28,11128774.31,21738296.57,76485384.94,4,2,32819732.11,10754163.74,8204933.03,5377081.87,0,2,30,2,1,1,0,0,4,86,2.0,8.0,0
WVU TEC S.A.,30585996315,2025-Q4,464,45003945.01,32317993.18,12685951.83,25132746.85,70136691.86,2,0,7254208.09,0.0,3627104.04,2552992.92,0,0,60,1,0,0,1,0,83,7,7.0,581.0,0
QTN RES S.A.,30617032143,2022-Q1,93,76577368.2,68891514.25,7685853.95,21240770.62,112366613.99,0,0,0.0,0.0,5138960.34,4023491.91,0,0,0,4,1,1,1,1,58,32,9.0,522.0,0
QTN RES S.A.,30617032143,2022-Q2,93,86463793.86,67815920.78,18647873.08,23221772.58,115379917.48,5,4,21771655.42,17024820.15,4354331.08,4256205.04,3,1,30,1,0,1,0,0,52,38,7.0,364.0,0
QTN RES S.A.,30617032143,2022-Q3,93,87059902.27,65082479.38,21977422.89,18036547.73,110918436.31,4,3,26937623.37,16939055.02,6734405.84,5646351.67,0,3,60,4,1,1,1,1,25,65,6.0,150.0,0
QTN RES S.A.,30617032143,2022-Q4,93,85384459.41,75398228.49,9986230.92,21915515.3,107299974.71,4,2,34367715.03,13186612.35,8591928.76,6593306.17,2,0,30,3,1,1,1,0,59,31,8.0,472.0,1
QTN RES S.A.,30617032143,2023-Q1,93,86770540.26,62505307.33,24265232.93,23638869.1,110409409.36,0,0,0.0,0.0,5455622.2,4156576.56,0,0,0,1,0,0,0,1,45,45,7.0,315.0,0
QTN RES S.A.,30617032143,2023-Q2,93,81030419.88,65038736.53,15991683.35,20586544.96,101616964.83,5,4,36465257.46,21408173.95,7293051.49,5352043.49,1,3,30,1,0,0,0,1,1,89,5.0,5.0,0
QTN RES S.A.,30617032143,2023-Q3,93,79300242.64,75584715.89,3715526.75,19722559.58,107829771.82,0,0,0.0,0.0,7813438.86,4953046.25,0,0,0,1,1,0,0,0,64,26,6.0,384.0,0
QTN RES S.A.,30617032143,2023-Q4,93,91087696.35,64328227.13,26759469.22,22111826.76,113199523.11,5,2,33982602.54,9740555.25,6796520.51,4870277.63,1,1,30,3,1,1,1,0,48,42,6.0,288.0,1
QTN RES S.A.,30617032143,2024-Q1,93,77974760.91,64027201.95,13947558.96,20893133.58,111812290.0,0,0,0.0,0.0,6179920.82,4638587.42,0,0,0,2,1,0,1,0,27,63,10.0,270.0,0
QTN RES S.A.,30617032143,2024-Q2,93,89126254.55,71961033.11,17165221.44,23337549.42,112463803.97,1,0,5635298.28,0.0,5635298.28,5406757.58,0,0,30,1,1,0,0,0,63,27,5.0,315.0,0
QTN RES S.A.,30617032143,2024-Q3,93,78191569.46,67157513.43,11034056.03,19116596.47,110075447.87,4,2,24746926.89,8367245.74,6186731.72,4183622.87,2,0,60,3,0,1,1,1,73,17,3.0,219.0,0
QTN RES S.A.,30617032143,2024-Q4,93,79486451.31,66463312.2,13023139.11,17770412.06,97256863.37,4,1,28628466.07,5854780.87,7157116.52,5854780.87,1,0,90,2,1,1,0,0,59,31,4.0,236.0,0
QTN RES S.A.,30617032143,2025-Q1,93,88686694.41,76154440.84,12532253.57,19626163.79,116081178.1,1,0,4496749.25,0.0,4496749.25,4682786.39,0,0,90,3,0,1,1,1,16,74,2.0,32.0,1
QTN RES S.A.,30617032143,2025-Q2,93,89866377.94,67129214.11,22737163.83,20409186.97,110275564.91,5,4,21037734.52,11344455.96,4207546.9,2836113.99,0,4,30,1,0,1,0,0,45,45,10.0,450.0,0
QTN RES S.A.,30617032143,2025-Q3,93,81983530.75,67992698.39,13990832.36,23896201.97,107972316.69,4,3,33706671.86,16788956.4,8426667.97,5596318.8,1,2,30,1,0,0,1,0,10,80,7.0,70.0,0
QTN RES S.A.,30617032143,2025-Q4,93,80104109.63,72012252.73,8091856.9,17203364.16,105936111.77,0,0,0.0,0.0,7560116.67,4594944.96,0,0,0,3,1,1,1,0,25,65,5.0,125.0,0
AgroSur S.A.,30670236639,2022-Q1,95,48109489.23,31706103.73,16403385.5,26073652.22,77731699.58,1,0,6077826.41,0.0,6077826.41,5502773.27,0,0,30,3,0,1,1,1,50,40,6.0,300.0,0
AgroSur S.A.,30670236639,2022-Q2,95,47407868.19,38479772.67,8928095.52,24301318.38,82386165.87,4,1,26023078.52,5230513.32,6505769.63,5230513.32,0,1,90,3,1,1,1,0,85,5,1.0,85.0,0
AgroSur S.A.,30670236639,2022-Q3,95,41916930.07,38326318.29,3590611.78,21882201.9,77210256.99,5,4,18379204.87,12275845.05,3675840.97,3068961.26,4,0,90,2,1,1,0,0,67,23,7.0,469.0,0
AgroSur S.A.,30670236639,2022-Q4,95,47161865.99,37073069.95,10088796.04,25814695.47,75650673.09,3,2,12633923.72,5474121.13,4211307.91,2737060.56,2,0,90,1,0,1,0,0,1,89,3.0,3.0,0
AgroSur S.A.,30670236639,2023-Q1,95,43970419.59,36626424.18,7343995.41,29005326.03,80415417.53,3,2,23107713.45,12394515.17,7702571.15,6197257.58,0,2,30,2,1,1,0,0,55,35,6.0,330.0,0
AgroSur S.A.,30670236639,2023-Q2,95,44123345.04,32498715.17,11624629.87,21725800.38,85178804.8,1,0,7333145.34,0.0,7333145.34,5293052.37,0,0,30,3,1,1,1,0,9,81,5.0,45.0,0
AgroSur S.A.,30670236639,2023-Q3,95,42245025.84,35241873.64,7003152.2,24794966.87,78194337.6,1,0,3984214.1,0.0,3984214.1,4301621.19,0,0,30,1,0,1,0,0,59,31,7.0,413.0,0
AgroSur S.A.,30670236639,2023-Q4,95,47465399.62,37730963.43,9734436.19,29146665.28,90107706.74,1,0,3656056.81,0.0,3656056.81,2324927.0,0,0,60,1,0,0,1,0,13,77,10.0,130.0,0
AgroSur S.A.,30670236639,2024-Q1,95,46130662.69,35384694.11,10745968.58,21750308.12,78092732.71,0,0,0.0,0.0,8098679.22,7224944.55,0,0,0,2,1,0,1,0,48,42,8.0,384.0,0
AgroSur S.A.,30670236639,2024-Q2,95,47422227.66,36998634.53,10423593.13,22167193.08,89400757.39,2,1,6891934.22,2523378.01,3445967.11,2523378.01,0,1,30,1,0,1,0,0,77,13,7.0,539.0,0
AgroSur S.A.,30670236639,2024-Q3,95,46973522.97,37552886.81,9420636.16,28874783.2,79506749.19,2,1,4476806.29,1523517.69,2238403.14,1523517.69,1,0,30,2,0,1,0,1,4,86,10.0,40.0,0
AgroSur S.A.,30670236639,2024-Q4,95,44993359.52,35296142.38,9697217.14,25479539.72,81071492.6,2,0,13793296.26,0.0,6896648.13,5800187.15,0,0,30,1,0,0,0,1,76,14,10.0,760.0,0
AgroSur S.A.,30670236639,2025-Q1,95,42852844.28,31789569.89,11063274.39,21284647.11,88995110.22,0,0,0.0,0.0,8400612.52,6722385.38,0,0,0,3,1,1,0,1,29,61,6.0,174.0,0
AgroSur S.A.,30670236639,2025-Q2,95,47256337.43,34868171.72,12388165.71,21625407.97,89057828.32,5,2,43705409.89,17433712.4,8741081.98,8716856.2,1,1,30,3,0,1,1,1,60,30,7.0,420.0,0
AgroSur S.A.,30670236639,2025-Q3,95,48898698.69,34652245.99,14246452.7,26508594.58,75407293.27,3,1,13546847.44,3744037.15,4515615.81,3744037.15,1,0,90,2,0,1,1,0,12,78,5.0,60.0,0
AgroSur S.A.,30670236639,2025-Q4,95,43447620.9,36674617.39,6773003.51,24721466.31,84774466.66,2,1,13853479.22,5342987.85,6926739.61,5342987.85,0,1,60,3,0,1,1,1,51,39,2.0,102.0,1
Lopez Industrial,30685287060,2022-Q1,98,70438906.16,56541409.73,13897496.43,33116816.04,103555722.21,4,3,23308410.76,12143473.86,5827102.69,4047824.62,2,1,60,3,0,1,1,1,45,45,3.0,135.0,0
Lopez Industrial,30685287060,2022-Q2,98,79102018.95,58785115.56,20316903.39,38493185.46,117595204.41,3,2,21830793.71,10346807.15,7276931.24,5173403.57,1,1,30,1,0,0,1,0,37,53,2.0,74.0,0
Lopez Industrial,30685287060,2022-Q3,98,71246905.94,60722196.89,10524709.05,30658057.18,101904963.13,5,4,37267091.71,23964970.84,7453418.34,5991242.71,1,3,90,3,0,1,1,1,87,3,6.0,522.0,0
Lopez Industrial,30685287060,2022-Q4,98,79930674.76,56887024.69,23043650.07,27790879.52,107721554.28,4,3,18597276.51,13359462.59,4649319.13,4453154.2,0,3,90,1,1,0,0,0,1,89,6.0,6.0,0
Lopez Industrial,30685287060,2023-Q1,98,78751420.11,57021721.94,21729698.17,34467706.68,115723530.38,5,3,35105511.15,19561691.4,7021102.23,6520563.8,3,0,90,2,0,1,1,0,75,15,10.0,750.0,0
Lopez Industrial,30685287060,2023-Q2,98,79074735.79,53748459.24,25326276.55,40164916.97,119239652.76,1,0,6775971.17,0.0,6775971.17,5270951.3,0,0,30,3,0,1,1,1,67,23,4.0,268.0,0
Lopez Industrial,30685287060,2023-Q3,98,72122006.97,54626144.28,17495862.69,30245278.44,104723489.22,5,2,41095580.67,15994596.63,8219116.13,7997298.32,0,2,30,2,1,0,0,1,40,50,6.0,240.0,0
Lopez Industrial,30685287060,2023-Q4,98,78974567.11,59340527.93,19634039.18,30254402.36,109228969.47,3,2,14971263.39,8448782.86,4990421.13,4224391.43,0,2,90,2,1,1,0,0,70,20,8.0,560.0,0
Lopez Industrial,30685287060,2024-Q1,98,79429024.36,57921697.38,21507326.98,29333352.1,108762376.46,0,0,0.0,0.0,5675968.73,3847544.43,0,0,0,3,0,1,1,1,50,40,5.0,250.0,0
Lopez Industrial,30685287060,2024-Q2,98,75135954.62,53796689.98,21339264.64,38239168.91,113375123.53,0,0,0.0,0.0,6605503.41,5638515.76,0,0,0,1,0,0,0,1,54,36,9.0,486.0,0
Lopez Industrial,30685287060,2024-Q3,98,81753973.49,50388484.4,31365489.09,34914307.07,116668280.56,0,0,0.0,0.0,7623932.19,4806814.95,0,0,0,2,0,1,1,0,37,53,3.0,111.0,1
Lopez Industrial,30685287060,2024-Q4,98,80987480.16,57423510.69,23563969.47,30963344.94,111950825.09,2,1,16725555.47,7484269.12,8362777.74,7484269.12,1,0,60,3,1,1,0,1,80,10,10.0,800.0,0
Lopez Industrial,30685287060,2025-Q1,98,77108269.56,58227105.06,18881164.5,37670447.72,114778717.28,3,1,16280271.91,5712661.1,5426757.3,5712661.1,0,1,90,1,0,1,0,0,66,24,4.0,264.0,0
Lopez Industrial,30685287060,2025-Q2,98,80672211.93,51850586.28,28821625.65,33045975.6,115821083.75,1,0,8850011.12,0.0,8850011.12,6892803.42,0,0,90,2,1,1,0,0,19,71,6.0,114.0,0
Lopez Industrial,30685287060,2025-Q3,98,71546137.18,55568181.94,15977955.24,38278247.01,115440312.09,5,2,36961491.94,15549996.38,7392298.39,7774998.19,0,2,90,3,1,0,1,1,62,28,7.0,434.0,0
Lopez Industrial,30685287060,2025-Q4,98,78058984.59,53858084.97,24200899.62,37466054.33,115525038.93,5,2,32077720.66,11680743.12,6415544.13,5840371.56,1,1,60,2,1,0,0,1,42,48,9.0,378.0,0
Alvarez Restaurantes S.A.,30692658376,2022-Q1,287,66461662.61,65302541.21,1159121.4,10683049.33,82318653.45,3,1,15694662.9,3365506.89,5231554.3,3365506.89,0,1,90,1,1,0,0,0,84,6,3.0,252.0,0
Alvarez Restaurantes S.A.,30692658376,2022-Q2,287,74358430.05,65021501.19,9336928.86,7253431.67,89168657.37,3,2,21478712.72,11622423.92,7159570.91,5811211.96,0,2,60,2,0,1,0,1,88,2,8.0,704.0,0
Alvarez Restaurantes S.A.,30692658376,2022-Q3,287,78088221.89,58606784.85,19481437.04,10070758.25,88158980.14,4,2,34170408.93,15252431.54,8542602.23,7626215.77,1,1,60,1,1,0,0,0,33,57,7.0,231.0,1
Alvarez Restaurantes S.A.,30692658376,2022-Q4,287,76628718.88,58835167.68,17793551.2,8389113.82,92470120.46,4,2,23726119.67,9784667.03,5931529.92,4892333.51,1,1,30,3,0,1,1,1,67,23,1.0,67.0,0
Alvarez Restaurantes S.A.,30692658376,2023-Q1,287,78507070.33,55923864.53,22583205.8,8853735.97,88920920.88,0,0,0.0,0.0,4114348.56,3726294.46,0,0,0,2,1,0,0,1,45,45,3.0,135.0,0
Alvarez Restaurantes S.A.,30692658376,2023-Q2,287,76811467.04,66384877.29,10426589.75,9477710.61,91174596.75,4,3,22846846.73,18813015.17,5711711.68,6271005.06,3,0,30,4,1,1,1,1,37,53,10.0,370.0,0
Alvarez Restaurantes S.A.,30692658376,2023-Q3,287,70988452.86,61490514.71,9497938.15,7853454.93,94909229.13,1,0,6706585.01,0.0,6706585.01,4549476.29,0,0,60,0,0,0,0,0,51,39,4.0,204.0,0
Alvarez Restaurantes S.A.,30692658376,2023-Q4,287,70808000.25,63326724.57,7481275.68,10355742.31,89136942.82,2,1,16728960.68,5414860.31,8364480.34,5414860.31,0,1,30,3,0,1,1,1,11,79,6.0,66.0,0
Alvarez Restaurantes S.A.,30692658376,2024-Q1,287,68828722.42,67458318.02,1370404.4,8903146.1,86264056.28,1,0,9651152.29,0.0,9651152.29,5959399.63,0,0,90,1,0,1,0,0,63,27,2.0,126.0,0
Alvarez Restaurantes S.A.,30692658376,2024-Q2,287,66030248.85,63543759.13,2486489.72,9798128.85,92673345.75,3,2,20390878.93,14023919.04,6796959.64,7011959.52,1,1,60,2,0,1,1,0,31,59,10.0,310.0,0
Alvarez Restaurantes S.A.,30692658376,2024-Q3,287,78739414.28,58311966.32,20427447.96,8042916.93,92628159.36,1,0,5514150.84,0.0,5514150.84,3484980.84,0,0,60,3,0,1,1,1,12,78,5.0,60.0,0
Alvarez Restaurantes S.A.,30692658376,2024-Q4,287,73468420.32,59646145.85,13822274.47,8762668.55,88423093.1,2,1,12392603.42,6463550.27,6196301.71,6463550.27,1,0,60,1,0,1,0,0,81,9,10.0,810.0,0
Alvarez Restaurantes S.A.,30692658376,2025-Q1,287,73077315.02,57063012.38,16014302.64,10564962.93,95478853.65,3,2,18113938.61,9990923.25,6037979.54,4995461.62,0,2,60,1,0,0,1,0,15,75,10.0,150.0,0
Alvarez Restaurantes S.A.,30692658376,2025-Q2,287,76005812.2,66764466.66,9241345.54,10510009.52,98315737.25,3,2,23980902.12,16991010.14,7993634.04,8495505.07,2,0,60,1,0,0,1,0,58,32,2.0,116.0,0
Alvarez Restaurantes S.A.,30692658376,2025-Q3,287,73691432.4,67137803.09,6553629.31,8973377.99,91455252.68,4,3,12405243.43,5808398.05,3101310.86,1936132.68,1,2,60,2,1,0,0,1,58,32,8.0,464.0,1
Alvarez Restaurantes S.A.,30692658376,2025-Q4,287,74625203.88,61128226.14,13496977.74,8808526.08,97600216.03,2,1,13469703.38,4486270.99,6734851.69,4486270.99,1,0,30,1,0,1,0,0,69,21,2.0,138.0,0
Castillo Restaurantes S.A.S.,30742397447,2022-Q1,427,16339355.93,11808035.8,4531320.13,25559008.33,50185038.11,0,0,0.0,0.0,6248554.54,6863452.29,0,0,0,1,0,0,0,1,53,37,2.0,106.0,0
Castillo Restaurantes S.A.S.,30742397447,2022-Q2,427,18412748.48,12204028.07,6208720.41,28665928.8,52828945.59,5,2,36230021.21,14264111.56,7246004.24,7132055.78,2,0,90,3,1,1,1,0,51,39,9.0,459.0,0
Castillo Restaurantes S.A.S.,30742397447,2022-Q3,427,17751845.43,10649331.23,7102514.2,32794559.58,51212536.9,2,0,18345149.06,0.0,9172574.53,8669193.69,0,0,90,0,0,0,0,0,31,59,2.0,62.0,0
Castillo Restaurantes S.A.S.,30742397447,2022-Q4,427,15421894.18,12111086.45,3310807.73,29279852.92,55403168.7,0,0,0.0,0.0,4727587.92,4692977.9,0,0,0,4,1,1,1,1,34,56,3.0,102.0,0
Castillo Restaurantes S.A.S.,30742397447,2023-Q1,427,16835836.32,12758393.89,4077442.43,23165682.23,50943619.54,4,2,30404655.1,13204678.25,7601163.78,6602339.13,0,2,60,2,0,1,1,0,27,63,6.0,162.0,0
Castillo Restaurantes S.A.S.,30742397447,2023-Q2,427,17679560.13,12148614.18,5530945.95,32086615.94,53170319.83,4,3,26390138.28,18605175.58,6597534.57,6201725.19,0,3,60,3,0,1,1,1,29,61,7.0,203.0,0
Castillo Restaurantes S.A.S.,30742397447,2023-Q3,427,17858126.08,10666126.39,7191999.69,25792378.23,55699832.32,2,1,11764019.22,4677917.28,5882009.61,4677917.28,0,1,60,2,1,1,0,0,60,30,4.0,240.0,0
Castillo Restaurantes S.A.S.,30742397447,2023-Q4,427,16511524.8,11479430.58,5032094.22,30907917.42,54043711.08,1,0,3542141.74,0.0,3542141.74,3038035.96,0,0,60,2,0,0,1,1,90,0,8.0,720.0,0
Castillo Restaurantes S.A.S.,30742397447,2024-Q1,427,15449132.81,11894375.21,3554757.6,25118927.61,57807642.51,0,0,0.0,0.0,6959769.1,5918585.68,0,0,0,2,1,0,0,1,10,80,7.0,70.0,1
Castillo Restaurantes S.A.S.,30742397447,2024-Q2,427,16803898.25,10856327.01,5947571.24,31472021.45,50546868.06,0,0,0.0,0.0,5596757.4,5306766.87,0,0,0,0,0,0,0,0,83,7,2.0,166.0,0
Castillo Restaurantes S.A.S.,30742397447,2024-Q3,427,17249990.21,11396620.25,5853369.96,25768899.39,60601267.79,0,0,0.0,0.0,5107819.09,3840751.31,0,0,0,3,0,1,1,1,25,65,9.0,225.0,0
Castillo Restaurantes S.A.S.,30742397447,2024-Q4,427,15826567.04,10726846.95,5099720.09,31643987.36,52151800.73,3,1,14386405.66,3269513.13,4795468.55,3269513.13,1,0,60,2,0,0,1,1,85,5,10.0,850.0,0
Castillo Restaurantes S.A.S.,30742397447,2025-Q1,427,17760305.13,11507242.28,6253062.85,32163046.89,54863274.42,1,0,4294709.67,0.0,4294709.67,3113642.88,0,0,90,3,1,1,0,1,59,31,3.0,177.0,0
Castillo Restaurantes S.A.S.,30742397447,2025-Q2,427,15987594.45,10870479.03,5117115.42,24960176.61,52959811.71,1,0,6121442.53,0.0,6121442.53,6647672.74,0,0,90,3,1,0,1,1,73,17,3.0,219.0,0
Castillo Restaurantes S.A.S.,30742397447,2025-Q3,427,17780436.73,11987029.6,5793407.13,23949218.44,59656792.1,3,1,10332982.04,2243822.54,3444327.35,2243822.54,0,1,30,1,0,1,0,0,6,84,5.0,30.0,0
Castillo Restaurantes S.A.S.,30742397447,2025-Q4,427,16536986.7,11938266.94,4598719.76,22743173.47,54006375.08,2,1,9603592.58,3612189.62,4801796.29,3612189.62,0,1,90,2,0,1,0,1,43,47,5.0,215.0,0
QYF COM SAS,30830983479,2022-Q1,224,104694355.26,69224540.76,35469814.5,26317789.13,136368155.4,2,1,14579059.88,7676655.43,7289529.94,7676655.43,0,1,30,2,1,1,0,0,42,48,9.0,378.0,0
QYF COM SAS,30830983479,2022-Q2,224,96178760.28,80263012.82,15915747.46,22501894.0,132028434.83,4,1,15822053.33,2903598.53,3955513.33,2903598.53,1,0,60,3,1,0,1,1,60,30,6.0,360.0,1
QYF COM SAS,30830983479,2022-Q3,224,90723034.27,68365599.0,22357435.27,26514017.57,135616530.87,1,0,9467046.08,0.0,9467046.08,10170360.18,0,0,90,1,0,0,0,1,11,79,7.0,77.0,0
QYF COM SAS,30830983479,2022-Q4,224,91810697.6,77210118.0,14600579.6,27018102.76,148507522.53,0,0,0.0,0.0,5487342.67,4448173.33,0,0,0,3,1,1,0,1,46,44,5.0,230.0,0
QYF COM SAS,30830983479,2023-Q1,224,93935929.26,70887831.04,23048098.22,24239399.61,126135731.41,2,0,7842897.48,0.0,3921448.74,3733275.61,0,0,60,2,0,1,1,0,26,64,6.0,156.0,1
QYF COM SAS,30830983479,2023-Q2,224,103775653.8,79004316.23,24771337.57,27931113.61,144422101.12,4,3,9302381.23,6760535.13,2325595.31,2253511.71,2,1,60,0,0,0,0,0,7,83,5.0,35.0,0
QYF COM SAS,30830983479,2023-Q3,224,96514107.88,71141233.86,25372874.02,28586269.2,132850586.99,3,2,9166376.3,4892020.51,3055458.77,2446010.25,0,2,30,0,0,0,0,0,90,0,3.0,270.0,0
QYF COM SAS,30830983479,2023-Q4,224,96093234.54,78745910.02,17347324.52,21041773.75,136755872.41,4,3,17489094.35,14311511.29,4372273.59,4770503.76,0,3,90,1,0,0,1,0,82,8,9.0,738.0,0
QYF COM SAS,30830983479,2024-Q1,224,98032176.92,72642544.74,25389632.18,29949272.59,149281700.16,1,0,5415807.27,0.0,5415807.27,3908422.6,0,0,90,0,0,0,0,0,28,62,8.0,224.0,0
QYF COM SAS,30830983479,2024-Q2,224,94288985.39,77419390.46,16869594.93,29308981.41,142762943.14,1,0,4051346.13,0.0,4051346.13,2702949.14,0,0,30,1,0,0,0,1,67,23,2.0,134.0,0
QYF COM SAS,30830983479,2024-Q3,224,106684629.28,73570727.06,33113902.22,30374450.52,137059079.8,5,2,28090472.37,9545251.98,5618094.47,4772625.99,0,2,90,1,0,0,0,1,48,42,2.0,96.0,0
QYF COM SAS,30830983479,2024-Q4,224,96772564.31,67954730.08,28817834.23,27396942.92,146561568.33,5,3,7892405.78,3421354.59,1578481.16,1140451.53,1,2,30,3,1,1,1,0,52,38,5.0,260.0,0
QYF COM SAS,30830983479,2025-Q1,224,99971302.5,68875168.47,31096134.03,27782168.61,129571390.95,5,2,18776596.29,8258150.07,3755319.26,4129075.03,1,1,60,1,0,1,0,0,23,67,8.0,184.0,0
QYF COM SAS,30830983479,2025-Q2,224,109281513.53,73260840.17,36020673.36,28851860.94,140589228.63,5,3,43803057.28,15808878.04,8760611.46,5269626.01,0,3,90,0,0,0,0,0,22,68,4.0,88.0,0
QYF COM SAS,30830983479,2025-Q3,224,106704693.37,75320152.87,31384540.5,20633212.64,131155452.65,5,4,24355112.77,14711657.35,4871022.55,3677914.34,2,2,60,2,0,1,0,1,25,65,8.0,200.0,1
QYF COM SAS,30830983479,2025-Q4,224,108841698.5,72876488.27,35965210.23,29167399.82,141112979.21,0,0,0.0,0.0,3843998.96,2813833.32,0,0,0,2,0,0,1,1,51,39,4.0,204.0,0
Gonzalez Construcciones,30836487172,2022-Q1,109,73645492.38,40983712.31,32661780.07,18948103.51,92593595.89,5,3,14452899.27,8041173.87,2890579.85,2680391.29,0,3,30,3,1,0,1,1,34,56,6.0,204.0,0
Gonzalez Construcciones,30836487172,2022-Q2,109,66502075.71,44449401.6,22052674.11,18196834.69,85698037.57,2,1,13899265.29,4559303.83,6949632.65,4559303.83,1,0,90,4,1,1,1,1,26,64,8.0,208.0,0
Gonzalez Construcciones,30836487172,2022-Q3,109,61782006.31,41294525.16,20487481.15,15374362.42,89989353.84,5,3,32502976.73,11884891.35,6500595.35,3961630.45,0,3,90,3,1,1,1,0,61,29,5.0,305.0,0
Gonzalez Construcciones,30836487172,2022-Q4,109,65674392.79,42508486.84,23165905.95,14266526.55,95002898.63,0,0,0.0,0.0,6489552.57,6740786.12,0,0,0,1,0,1,0,0,29,61,10.0,290.0,0
Gonzalez Construcciones,30836487172,2023-Q1,109,64347731.72,45550855.5,18796876.22,14641820.92,82865570.95,1,0,6734107.05,0.0,6734107.05,6904351.82,0,0,60,3,1,0,1,1,67,23,1.0,67.0,0
Gonzalez Construcciones,30836487172,2023-Q2,109,67729919.07,45615092.22,22114826.85,15110400.35,93153306.64,4,2,10757019.97,5018733.83,2689254.99,2509366.91,1,1,60,1,1,0,0,0,38,52,9.0,342.0,1
Gonzalez Construcciones,30836487172,2023-Q3,109,60741684.1,47510878.3,13230805.8,16260418.97,87759023.8,3,2,17777035.29,11411128.7,5925678.43,5705564.35,0,2,60,1,0,0,1,0,26,64,3.0,78.0,0
Gonzalez Construcciones,30836487172,2023-Q4,109,63701837.58,45403010.02,18298827.56,18062086.54,94420915.61,0,0,0.0,0.0,7179700.49,7862294.77,0,0,0,2,0,0,1,1,90,0,3.0,270.0,0
Gonzalez Construcciones,30836487172,2024-Q1,109,69202652.94,45480227.75,23722425.19,13284726.04,91342084.38,5,2,29879700.8,8143710.78,5975940.16,4071855.39,1,1,90,2,1,1,0,0,33,57,5.0,165.0,1
Gonzalez Construcciones,30836487172,2024-Q2,109,66904813.35,39597723.32,27307090.03,17463136.88,95622737.79,4,3,27114443.13,20021256.48,6778610.78,6673752.16,2,1,90,2,0,1,0,1,7,83,6.0,42.0,0
Gonzalez Construcciones,30836487172,2024-Q3,109,63501701.18,43244839.5,20256861.68,17801687.01,84997354.31,2,1,8386069.85,2897000.23,4193034.93,2897000.23,0,1,90,1,0,0,1,0,30,60,1.0,30.0,0
Gonzalez Construcciones,30836487172,2024-Q4,109,69083507.54,45003323.72,24080183.82,15141105.46,96825696.05,5,2,22989591.76,9490741.1,4597918.35,4745370.55,2,0,30,2,0,1,1,0,39,51,4.0,156.0,0
Gonzalez Construcciones,30836487172,2025-Q1,109,64189924.1,40123030.58,24066893.52,16624605.48,89405168.63,3,1,22854704.93,7003409.88,7618234.98,7003409.88,1,0,90,2,0,1,1,0,81,9,6.0,486.0,0
Gonzalez Construcciones,30836487172,2025-Q2,109,62961165.57,41239422.72,21721742.85,14822248.64,89416054.19,5,2,31887109.63,7991116.12,6377421.93,3995558.06,1,1,30,1,0,1,0,0,77,13,4.0,308.0,0
Gonzalez Construcciones,30836487172,2025-Q3,109,63035234.29,38953780.57,24081453.72,16131926.89,82037489.89,2,1,14762229.27,5222418.38,7381114.64,5222418.38,0,1,90,2,0,0,1,1,28,62,9.0,252.0,0
Gonzalez Construcciones,30836487172,2025-Q4,109,62013165.34,42552422.5,19460742.84,18716457.5,97276217.78,4,1,18579679.9,4380459.85,4644919.97,4380459.85,1,0,60,0,0,0,0,0,74,16,10.0,740.0,0
Flores Restaurantes S.A.S.,30930675543,2022-Q1,440,49549371.87,30103361.42,19446010.45,22645959.42,77414153.93,2,1,13236009.42,5161820.9,6618004.71,5161820.9,0,1,90,1,0,0,0,1,55,35,8.0,440.0,0
Flores Restaurantes S.A.S.,30930675543,2022-Q2,440,46130133.78,32205574.27,13924559.51,21320334.52,74819786.48,4,3,19430912.69,12292812.63,4857728.17,4097604.21,0,3,30,2,1,0,1,0,9,81,2.0,18.0,0
Flores Restaurantes S.A.S.,30930675543,2022-Q3,440,48934098.16,30998349.57,17935748.59,19081283.66,83807009.13,3,2,17766539.79,9615164.57,5922179.93,4807582.28,0,2,30,0,0,0,0,0,27,63,6.0,162.0,0
Flores Restaurantes S.A.S.,30930675543,2022-Q4,440,45384218.97,32221702.12,13162516.85,25121256.04,74942947.03,2,0,10937838.1,0.0,5468919.05,5113694.09,0,0,90,3,1,1,1,0,40,50,9.0,360.0,0
Flores Restaurantes S.A.S.,30930675543,2023-Q1,440,50266002.88,33987867.0,16278135.88,26506890.52,85943028.21,4,3,18777629.65,12944502.35,4694407.41,4314834.12,3,0,90,2,1,1,0,0,51,39,6.0,306.0,0
Flores Restaurantes S.A.S.,30930675543,2023-Q2,440,50696434.61,34684537.2,16011897.41,21046675.19,85603771.75,0,0,0.0,0.0,5452016.47,4834646.1,0,0,0,3,1,1,0,1,69,21,7.0,483.0,0
Flores Restaurantes S.A.S.,30930675543,2023-Q3,440,49982595.86,33629811.29,16352784.57,22846279.02,77413705.76,5,2,27671492.84,7140003.25,5534298.57,3570001.63,0,2,90,2,0,0,1,1,11,79,8.0,88.0,0
Flores Restaurantes S.A.S.,30930675543,2023-Q4,440,44965281.98,29115161.01,15850120.97,23504332.58,81349858.59,0,0,0.0,0.0,2531228.48,1849891.27,0,0,0,1,0,0,1,0,68,22,3.0,204.0,0
Flores Restaurantes S.A.S.,30930675543,2024-Q1,440,46176869.85,29137588.9,17039280.95,21044519.74,74903256.05,0,0,0.0,0.0,6159345.48,4733415.79,0,0,0,3,0,1,1,1,21,69,7.0,147.0,0
Flores Restaurantes S.A.S.,30930675543,2024-Q2,440,49561166.85,33769650.44,15791516.41,26133097.58,82016432.78,2,0,11657570.81,0.0,5828785.4,6300430.34,0,0,90,2,0,1,0,1,60,30,1.0,60.0,0
Flores Restaurantes S.A.S.,30930675543,2024-Q3,440,48070007.05,34468450.47,13601556.58,27703473.6,76044745.02,5,3,22188089.74,10149524.26,4437617.95,3383174.75,1,2,30,1,0,0,1,0,3,87,9.0,27.0,0
Flores Restaurantes S.A.S.,30930675543,2024-Q4,440,50495593.88,31213441.27,19282152.61,21276615.34,74199418.75,3,1,22614885.01,4598904.49,7538295.0,4598904.49,0,1,30,3,0,1,1,1,5,85,2.0,10.0,0
Flores Restaurantes S.A.S.,30930675543,2025-Q1,440,50685085.99,32181699.2,18503386.79,20004464.44,83212151.54,1,0,6564175.78,0.0,6564175.78,5342627.99,0,0,30,3,0,1,1,1,8,82,3.0,24.0,0
Flores Restaurantes S.A.S.,30930675543,2025-Q2,440,49054794.34,31994928.93,17059865.41,19008037.52,85822553.65,2,1,5650028.71,3016559.91,2825014.35,3016559.91,1,0,60,2,0,0,1,1,57,33,7.0,399.0,0
Flores Restaurantes S.A.S.,30930675543,2025-Q3,440,45826637.29,31369479.77,14457157.52,25133295.02,74599719.15,2,1,15031107.04,6924550.36,7515553.52,6924550.36,0,1,30,2,0,1,0,1,47,43,7.0,329.0,0
Flores Restaurantes S.A.S.,30930675543,2025-Q4,440,50055137.87,33056090.45,16999047.42,20928260.1,78598642.47,3,1,21541923.44,5712058.62,7180641.15,5712058.62,0,1,60,1,0,0,1,0,55,35,3.0,165.0,0
Martinez Gastronomía,30935425715,2022-Q1,273,28860986.46,26866776.61,1994209.85,9326375.5,51807826.28,3,1,16376892.41,5990424.46,5458964.14,5990424.46,0,1,90,2,1,0,0,1,9,81,9.0,81.0,0
Martinez Gastronomía,30935425715,2022-Q2,273,29691236.94,26654639.61,3036597.33,8693377.12,48740393.55,0,0,0.0,0.0,6770891.83,7195533.26,0,0,0,3,1,0,1,1,61,29,5.0,305.0,0
Martinez Gastronomía,30935425715,2022-Q3,273,32982692.72,26007317.62,6975375.1,10946313.27,46888581.71,2,1,12999557.58,4452000.4,6499778.79,4452000.4,0,1,60,1,0,1,0,0,90,0,8.0,720.0,0
Martinez Gastronomía,30935425715,2022-Q4,273,31362130.26,23447723.48,7914406.78,10603167.34,52104105.27,1,0,4714213.7,0.0,4714213.7,3680450.06,0,0,60,3,1,0,1,1,39,51,7.0,273.0,0
Martinez Gastronomía,30935425715,2023-Q1,273,29738888.4,25741231.52,3997656.88,10190805.46,44934144.06,2,1,14844987.67,7678529.02,7422493.84,7678529.02,0,1,90,2,1,0,0,1,10,80,8.0,80.0,0
Martinez Gastronomía,30935425715,2023-Q2,273,33973711.37,24538417.58,9435293.79,10071681.72,52444052.85,4,1,24551888.56,6364051.34,6137972.14,6364051.34,1,0,60,2,0,0,1,1,1,89,9.0,9.0,0
Martinez Gastronomía,30935425715,2023-Q3,273,28365794.85,27126890.43,1238904.42,8675669.57,52091661.32,3,1,19600983.62,6470119.03,6533661.21,6470119.03,0,1,30,2,1,0,0,1,61,29,4.0,244.0,0
Martinez Gastronomía,30935425715,2023-Q4,273,29761522.75,27962724.86,1798797.89,8855084.76,50916307.05,2,0,9059848.66,0.0,4529924.33,3089245.3,0,0,60,2,1,0,1,0,78,12,10.0,780.0,0
Martinez Gastronomía,30935425715,2024-Q1,273,32050247.28,24068320.43,7981926.85,9849524.9,45792421.02,5,2,33953860.85,8579957.46,6790772.17,4289978.73,2,0,90,2,1,0,1,0,63,27,9.0,567.0,0
Martinez Gastronomía,30935425715,2024-Q2,273,28710652.44,27579605.68,1131046.76,7907869.71,50179887.8,2,1,12251811.74,5356464.37,6125905.87,5356464.37,0,1,90,2,0,1,0,1,1,89,10.0,10.0,0
Martinez Gastronomía,30935425715,2024-Q3,273,31902537.64,25289406.58,6613131.06,7817457.33,51049819.04,5,2,53459115.83,20657972.91,10691823.17,10328986.45,2,0,60,3,1,0,1,1,14,76,6.0,84.0,0
Martinez Gastronomía,30935425715,2024-Q4,273,30276413.87,24939356.95,5337056.92,9906243.11,51305221.81,2,1,4214673.76,1595450.02,2107336.88,1595450.02,1,0,30,3,1,0,1,1,5,85,9.0,45.0,0
Martinez Gastronomía,30935425715,2025-Q1,273,29987333.62,28075819.83,1911513.79,8005958.72,45361988.92,2,1,13051868.57,4908389.45,6525934.29,4908389.45,1,0,60,4,1,1,1,1,15,75,3.0,45.0,0
Martinez Gastronomía,30935425715,2025-Q2,273,33591978.34,27647441.55,5944536.79,7862262.44,50427135.9,1,0,4222438.74,0.0,4222438.74,4357995.05,0,0,30,2,0,0,1,1,81,9,5.0,405.0,0
Martinez Gastronomía,30935425715,2025-Q3,273,32878287.55,25699140.75,7179146.8,11197760.55,45987789.56,4,2,13800542.76,4425491.51,3450135.69,2212745.75,2,0,30,2,1,1,0,0,29,61,5.0,145.0,0
Martinez Gastronomía,30935425715,2025-Q4,273,29589932.92,26758247.26,2831685.66,8689395.1,47967304.24,0,0,0.0,0.0,5460397.76,3782094.45,0,0,0,3,1,0,1,1,50,40,4.0,200.0,0
Perez Restaurantes S.R.L.,30952789356,2022-Q1,76,62912094.53,36463608.42,26448486.11,27637606.07,101941604.17,0,0,0.0,0.0,10111430.73,7708781.57,0,0,0,2,1,1,0,0,57,33,2.0,114.0,0
Perez Restaurantes S.R.L.,30952789356,2022-Q2,76,55194615.75,33641096.31,21553519.44,36759935.28,110763608.84,0,0,0.0,0.0,5230744.77,4598805.84,0,0,0,2,1,1,0,0,62,28,8.0,496.0,0
Perez Restaurantes S.R.L.,30952789356,2022-Q3,76,63859271.4,38658737.71,25200533.69,33645028.73,97504300.13,2,0,15170820.53,0.0,7585410.26,7763722.66,0,0,90,0,0,0,0,0,27,63,10.0,270.0,0
Perez Restaurantes S.R.L.,30952789356,2022-Q4,76,58511610.33,40025277.03,18486333.3,36299575.39,109273985.75,0,0,0.0,0.0,4688635.74,4422028.97,0,0,0,3,1,1,1,0,80,10,1.0,80.0,0
Perez Restaurantes S.R.L.,30952789356,2023-Q1,76,59624515.64,38199858.8,21424656.84,32149518.22,105126667.75,2,1,13779768.57,7081386.05,6889884.28,7081386.05,0,1,60,3,1,0,1,1,31,59,5.0,155.0,0
Perez Restaurantes S.R.L.,30952789356,2023-Q2,76,57587175.36,37330615.67,20256559.69,27612736.41,99236601.31,4,2,34790182.75,12667142.09,8697545.69,6333571.05,2,0,90,0,0,0,0,0,68,22,8.0,544.0,1
Perez Restaurantes S.R.L.,30952789356,2023-Q3,76,61799322.15,36813870.69,24985451.46,30720762.79,97204509.84,4,3,18474660.4,13415890.49,4618665.1,4471963.5,2,1,60,2,0,1,0,1,58,32,8.0,464.0,0
Perez Restaurantes S.R.L.,30952789356,2023-Q4,76,59539651.67,39497865.6,20041786.07,38503066.6,112750015.02,5,4,28741479.97,17567184.39,5748295.99,4391796.1,3,1,30,0,0,0,0,0,36,54,9.0,324.0,0
Perez Restaurantes S.R.L.,30952789356,2024-Q1,76,63879955.29,36841751.12,27038204.17,37394291.07,101274246.36,2,1,11288493.62,5306087.97,5644246.81,5306087.97,0,1,90,2,1,0,0,1,87,3,1.0,87.0,0
Perez Restaurantes S.R.L.,30952789356,2024-Q2,76,62861772.45,39068401.02,23793371.43,31141479.68,113117997.07,3,1,17100537.14,5985850.55,5700179.05,5985850.55,1,0,90,2,0,1,1,0,24,66,2.0,48.0,0
Perez Restaurantes S.R.L.,30952789356,2024-Q3,76,62977608.03,36718848.22,26258759.81,31660944.81,111813035.28,4,2,29265663.82,13943185.81,7316415.96,6971592.9,1,1,60,2,0,0,1,1,37,53,1.0,37.0,0
Perez Restaurantes S.R.L.,30952789356,2024-Q4,76,56394055.38,39868909.23,16525146.15,38748941.41,110402664.09,4,3,14144421.16,7660167.74,3536105.29,2553389.25,0,3,90,3,1,1,0,1,57,33,7.0,399.0,1
Perez Restaurantes S.R.L.,30952789356,2025-Q1,76,65828583.98,38703704.41,27124879.57,32498793.58,118363096.56,4,3,18121159.44,8423474.62,4530289.86,2807824.87,2,1,60,2,0,0,1,1,70,20,8.0,560.0,0
Perez Restaurantes S.R.L.,30952789356,2025-Q2,76,64152444.57,39002859.51,25149585.06,31074286.76,105831932.61,5,2,26548034.51,9624813.18,5309606.9,4812406.59,2,0,90,3,1,1,1,0,21,69,3.0,63.0,0
Perez Restaurantes S.R.L.,30952789356,2025-Q3,76,65171598.34,37026299.94,28145298.4,38000765.77,103172364.1,3,2,26213289.19,10948910.27,8737763.06,5474455.13,0,2,30,3,1,1,0,1,19,71,1.0,19.0,0
Perez Restaurantes S.R.L.,30952789356,2025-Q4,76,65885420.09,35476977.65,30408442.44,29343908.32,97225225.3,2,0,12061615.98,0.0,6030807.99,4960104.02,0,0,60,2,1,0,1,0,18,72,4.0,72.0,0
IGV TEC SAS,30958147038,2022-Q1,81,69313261.48,60332398.79,8980862.69,33465211.99,113411544.75,0,0,0.0,0.0,5642397.04,5868438.55,0,0,0,2,0,1,1,0,50,40,1.0,50.0,1
IGV TEC SAS,30958147038,2022-Q2,81,78045564.23,61622752.98,16422811.25,43361098.14,126601719.6,3,2,30646893.47,16439148.94,10215631.16,8219574.47,2,0,60,1,0,0,1,0,63,27,7.0,441.0,0
IGV TEC SAS,30958147038,2022-Q3,81,71316608.28,59015277.86,12301330.42,44713234.21,128810775.43,1,0,6070563.53,0.0,6070563.53,5873956.71,0,0,90,3,1,0,1,1,20,70,10.0,200.0,0
IGV TEC SAS,30958147038,2022-Q4,81,67184994.22,62444250.45,4740743.77,39133854.38,112224480.04,1,0,8058403.76,0.0,8058403.76,5656600.09,0,0,90,1,0,0,0,1,48,42,5.0,240.0,0
IGV TEC SAS,30958147038,2023-Q1,81,69448754.64,60239615.85,9209138.79,32753720.08,124262638.43,3,2,23283881.11,13791876.0,7761293.7,6895938.0,1,1,60,2,1,1,0,0,74,16,3.0,222.0,0
IGV TEC SAS,30958147038,2023-Q2,81,80234478.75,66723980.5,13510498.25,44128482.23,124362960.98,1,0,3817337.11,0.0,3817337.11,4006278.83,0,0,90,3,1,1,0,1,41,49,5.0,205.0,0
IGV TEC SAS,30958147038,2023-Q3,81,66408730.87,60350191.92,6058538.95,43972691.38,122025726.16,4,1,26505313.03,7134616.46,6626328.26,7134616.46,0,1,60,3,1,1,0,1,43,47,2.0,86.0,0
IGV TEC SAS,30958147038,2023-Q4,81,79179950.44,62039150.41,17140800.03,35086289.22,121741595.84,1,0,5883944.51,0.0,5883944.51,5166935.53,0,0,90,3,1,1,0,1,1,89,10.0,10.0,0
IGV TEC SAS,30958147038,2024-Q1,81,78631598.37,67024589.17,11607009.2,38593270.24,117224868.6,4,2,17381868.93,5321825.79,4345467.23,2660912.9,2,0,30,3,1,1,0,1,4,86,5.0,20.0,0
IGV TEC SAS,30958147038,2024-Q2,81,72799072.7,65910246.85,6888825.85,44041290.31,124666497.46,0,0,0.0,0.0,7752465.15,5706973.58,0,0,0,1,0,1,0,0,23,67,4.0,92.0,0
IGV TEC SAS,30958147038,2024-Q3,81,78226089.45,65652586.92,12573502.53,33637924.58,121399160.17,3,2,14698084.21,8471472.83,4899361.4,4235736.42,2,0,60,2,1,0,0,1,54,36,6.0,324.0,0
IGV TEC SAS,30958147038,2024-Q4,81,66761104.52,67906921.96,-1145817.44,42823017.75,123961789.09,2,1,21034783.01,8444928.22,10517391.51,8444928.22,0,1,90,2,0,0,1,1,54,36,6.0,324.0,0
IGV TEC SAS,30958147038,2025-Q1,81,68465627.46,63787790.88,4677836.58,37725875.31,125660181.89,5,4,8223024.37,4757311.33,1644604.87,1189327.83,2,2,90,1,0,0,0,1,31,59,3.0,93.0,0
Distribuidora Mendoza,93695536680,2024-Q2,76,41807218.47,25631887.98,16175330.489999998,89290.54,52037372.51,3,2,596068.2,314474.11,198689.4,157237.055,2,0,52,0,1,0,1,1,49,54,1.51,73.99,1
Distribuidora Mendoza,93695536680,2025-Q3,145,15893335.13,9877295.0,6016040.130000001,5336872.21,19468306.46,4,0,200096.74,0.0,50024.185,0.0,0,0,0,0,0,0,0,1,27,23,0.82,22.14,0
Distribuidora Mendoza,93695536680,2024-Q1,185,32807309.21,16619199.56,16188109.65,3051171.03,41773623.64,4,4,206492.43,679892.72,51623.1075,169973.18,3,1,69,0,0,0,1,0,34,62,2.43,82.62,1
Distribuidora Mendoza,93695536680,2024-Q3,148,31727466.46,20198088.48,11529377.98,12654309.26,41218382.67,2,0,123838.46,0.0,61919.23,0.0,0,0,0,0,0,0,0,0,66,47,2.33,153.78,1
Industrias Río Negro,85612740809,2024-Q4,189,2382328.28,1578302.96,804025.3199999998,1164057.26,1936222.58,5,5,636433.28,303251.45,127286.656,60650.29,3,2,62,0,1,1,1,1,69,1,1.15,79.35,1
Industrias Río Negro,85612740809,2025-Q2,21,25424742.55,14869246.77,10555495.780000001,1388799.75,24354737.04,4,1,666999.31,173126.52,166749.8275,173126.52,0,1,0,1,1,1,1,1,58,66,0.8,46.4,1
Industrias Río Negro,85612740809,2025-Q3,178,45884334.37,40894862.66,4989471.710000001,21251260.83,38181567.38,5,2,432896.62,344315.63,86579.324,172157.815,1,1,69,1,1,1,1,0,88,48,4.67,410.96,1
Industrias Río Negro,85612740809,2024-Q3,185,34588620.96,18295866.05,16292754.91,16037280.08,51031102.45,2,0,266794.97,0.0,133397.485,0.0,0,0,0,1,1,0,0,1,55,66,1.71,94.05,1
Comercial La Pampa,92296483374,2024-Q4,172,2627187.94,1982700.06,644487.8799999999,514413.0,2751594.75,4,0,707195.2,0.0,176798.8,0.0,0,0,0,2,1,0,0,1,30,12,3.65,109.5,0
Comercial La Pampa,92296483374,2025-Q4,198,25155514.69,19389631.57,5765883.120000001,1406806.66,29618576.6,2,2,160340.86,362628.38,80170.43,181314.19,0,2,0,1,1,0,1,0,55,58,2.91,160.05,1
Comercial La Pampa,92296483374,2025-Q3,66,18536708.15,10641634.27,7895073.879999999,4462930.2,27445277.26,4,0,453484.81,0.0,113371.2025,0.0,0,0,0,1,1,0,0,1,52,13,4.31,224.12,1
Comercial La Pampa,92296483374,2024-Q1,20,26430001.03,16167645.49,10262355.540000001,8729853.98,37732639.01,2,0,171473.96,0.0,85736.98,0.0,0,0,0,1,0,1,0,1,54,12,1.86,100.44,1
Distribuidora Neuquén,29760942544,2024-Q1,138,33431792.49,25478954.62,7952837.869999997,15695821.78,38660177.77,4,0,367707.53,0.0,91926.8825,0.0,0,0,0,0,1,0,0,0,80,60,3.74,299.2,1
Distribuidora Neuquén,29760942544,2025-Q4,96,27787900.96,24860967.35,2926933.6099999994,7722465.25,28359056.2,1,0,176279.78,0.0,176279.78,0.0,0,0,0,2,1,0,0,1,44,2,1.57,69.08,0
Distribuidora Neuquén,29760942544,2024-Q4,59,45688476.47,36366760.82,9321715.649999999,18414324.59,45184769.1,2,0,383423.35,0.0,191711.675,0.0,0,0,0,0,0,1,0,0,89,48,3.42,304.38,1
Tecnología Mendoza,61974881295,2025-Q3,200,13178962.91,10061558.29,3117404.620000001,4860427.19,18570220.05,4,3,593850.84,260238.07,148462.71,86746.02333333333,3,0,54,1,1,0,1,1,61,19,4.94,301.34,0
Tecnología Mendoza,61974881295,2025-Q2,175,39719739.03,20553774.35,19165964.68,17103057.21,51664924.8,3,0,379780.72,0.0,126593.57333333332,0.0,0,0,0,1,1,0,0,1,37,61,2.97,109.89,1
Tecnología Mendoza,61974881295,2024-Q1,73,5192231.92,4469561.37,722670.5499999998,1884242.52,6113363.69,1,1,177677.3,187568.97,177677.3,187568.97,0,1,0,0,1,0,1,0,44,24,3.51,154.44,1
Productora Checo,23526548666,2025-Q2,35,26507136.59,21664518.45,4842618.140000001,11532052.32,22156982.83,3,2,186756.18,228293.17,62252.06,114146.585,2,0,77,1,0,1,1,1,22,10,2.02,44.44,1
Productora Checo,23526548666,2025-Q4,137,12997752.08,7945864.14,5051887.94,4768546.99,18564539.51,3,1,518860.76,199290.12,172953.58666666667,199290.12,1,0,51,1,1,1,1,0,47,66,2.12,99.64,1
Comercial Santa Fe,60444251944,2024-Q4,168,18101218.91,13429693.63,4671525.279999999,6569361.75,21133235.03,0,0,0.0,0.0,0.0,0.0,0,0,0,1,0,1,0,0,66,43,4.55,300.3,1
Comercial Santa Fe,60444251944,2024-Q1,110,42408676.98,27497845.03,14910831.949999996,7661458.83,40903200.62,1,0,190365.43,0.0,190365.43,0.0,0,0,0,0,0,0,0,1,50,70,4.63,231.5,1
Comercial Santa Fe,60444251944,2024-Q3,51,13709135.7,10228438.67,3480697.0299999993,2525498.33,19514581.99,4,0,370279.94,0.0,92569.985,0.0,0,0,0,1,0,1,0,0,38,38,2.38,90.44,1
Cooperativa Martínez,48174798003,2024-Q3,164,30785593.97,23693261.37,7092332.599999998,14155709.69,43842427.69,3,1,189106.98,107943.65,63035.66,107943.65,1,0,30,0,0,0,1,0,50,36,2.59,129.5,1
Cooperativa Martínez,48174798003,2025-Q4,195,21582366.21,14231739.0,7350627.210000001,6861997.54,24102733.53,4,0,706657.5,0.0,176664.375,0.0,0,0,0,1,0,0,0,1,27,12,3.48,93.96,0
Industrias Salta,25486661006,2025-Q2,82,43431335.53,29280679.18,14150656.350000001,9593541.59,61665641.11,4,2,463933.6,368579.57,115983.4,184289.785,0,2,0,1,1,1,1,0,49,52,2.21,108.29,1
Industrias Salta,25486661006,2025-Q4,15,48949729.83,29790960.12,19158769.709999997,22637204.52,45306183.78,2,1,205762.45,197758.17,102881.225,197758.17,1,0,36,1,1,0,1,1,42,20,0.79,33.18,1
Distribuidora Pérez,23798846349,2024-Q2,186,9377353.93,7930246.09,1447107.8399999999,4457000.11,11319006.69,5,2,405543.75,377235.27,81108.75,188617.635,2,0,36,0,1,1,1,0,64,8,1.87,119.68,1
Distribuidora Pérez,23798846349,2025-Q4,71,36976935.68,27337155.63,9639780.05,11053130.97,33956654.63,2,0,157567.59,0.0,78783.795,0.0,0,0,0,1,1,0,0,1,89,32,2.29,203.81,1
Distribuidora Pérez,23798846349,2025-Q2,188,9377757.67,5274574.73,4103182.9399999995,3150834.82,7888293.59,0,0,0.0,0.0,0.0,0.0,0,0,0,0,1,0,0,0,30,11,3.65,109.5,0
Comercial Gutierrez,58987296677,2025-Q2,118,27761911.21,16880564.52,10881346.690000001,2536102.4,25592834.01,2,0,213304.37,0.0,106652.185,0.0,0,0,0,0,0,0,0,1,75,26,1.19,89.25,0
Comercial Gutierrez,58987296677,2024-Q4,111,33742374.48,18166604.0,15575770.479999997,3729463.15,35732244.04,4,4,325348.16,432926.38,81337.04,108231.595,1,3,82,0,0,0,1,1,51,4,0.61,31.11,1
Comercial Gutierrez,58987296677,2024-Q3,163,1218413.32,905275.55,313137.77,519313.94,1476958.04,1,0,130216.06,0.0,130216.06,0.0,0,0,0,1,1,0,0,0,48,70,4.65,223.2,1
Consultora Pérez,77755461846,2024-Q3,190,3648504.52,2012827.85,1635676.67,863525.53,4431377.09,4,2,552426.75,306957.58,138106.6875,153478.79,2,0,31,0,0,1,1,0,75,41,2.56,192.0,1
Consultora Pérez,77755461846,2024-Q1,5,36795641.07,18781092.19,18014548.88,3468914.48,46959626.07,0,0,0.0,0.0,0.0,0.0,0,0,0,0,0,0,0,0,48,29,3.21,154.08,0
Grupo Buenos Aires,28054798942,2025-Q1,81,19909543.55,17917189.05,1992354.5,3619868.75,20166120.8,4,3,462804.45,514662.16,115701.1125,171554.05333333332,3,0,37,2,1,1,1,0,59,43,3.75,221.25,1
Grupo Buenos Aires,28054798942,2025-Q3,86,44098081.54,23705579.97,20392501.57,11091894.71,50802668.72,4,1,258558.47,68557.2,64639.6175,68557.2,1,0,73,1,0,0,1,1,34,1,3.66,124.44,0
Grupo Buenos Aires,28054798942,2024-Q4,60,13066735.58,7407354.47,5659381.11,5654074.8,11583582.19,5,4,367611.61,597149.27,73522.322,149287.3175,1,3,82,3,1,1,1,1,24,63,1.14,27.36,1
Grupo Buenos Aires,28054798942,2024-Q2,6,11361926.09,6962652.64,4399273.45,420200.65,10212499.53,4,0,385290.74,0.0,96322.685,0.0,0,0,0,0,0,0,0,0,28,43,2.79,78.12,1
Cooperativa Dondero,23310582792,2024-Q1,157,37633243.77,20295299.58,17337944.190000005,9736334.02,54724095.48,4,0,343862.85,0.0,85965.7125,0.0,0,0,0,1,0,1,0,1,39,30,2.94,114.66,1
Cooperativa Dondero,23310582792,2024-Q3,188,14043171.69,13112967.91,930203.7799999993,6720731.0,11271944.07,1,0,198466.29,0.0,198466.29,0.0,0,0,0,1,0,1,0,0,46,23,2.65,121.9,1
Cooperativa Dondero,23310582792,2025-Q3,167,34437678.86,21733539.88,12704138.98,16242557.85,43320570.8,2,0,370138.97,0.0,185069.485,0.0,0,0,0,0,0,0,0,0,71,16,4.88,346.48,0
Cooperativa Dondero,23310582792,2025-Q1,172,29253623.38,18956509.06,10297114.32,3414383.28,43190340.23,1,1,74488.66,136937.63,74488.66,136937.63,0,1,0,0,0,0,1,0,87,9,2.94,255.78,0
Grupo Gómez,36378174088,2024-Q3,89,46540009.65,40418410.9,6121598.75,18196290.82,69543248.72,3,0,253811.2,0.0,84603.73333333334,0.0,0,0,0,1,1,1,0,0,24,54,1.04,24.96,1
Grupo Gómez,36378174088,2024-Q4,187,28270903.09,25457840.75,2813062.34,3418643.21,35800313.0,2,0,399807.4,0.0,199903.7,0.0,0,0,0,0,1,0,0,0,49,9,3.25,159.25,1
Grupo Gómez,36378174088,2025-Q2,129,23927009.18,13667156.67,10259852.51,9745330.04,26062394.48,5,2,911240.65,333911.67,182248.13,166955.835,0,2,0,0,0,1,1,0,53,50,3.58,189.74,1
Grupo Gómez,36378174088,2024-Q2,41,30481799.84,16597383.8,13884416.04,5398401.57,29337651.28,0,0,0.0,0.0,0.0,0.0,0,0,0,1,0,1,0,0,60,55,4.67,280.2,1
Servicios La Pampa,46947429756,2024-Q3,60,35808486.17,20016200.6,15792285.57,14752033.72,34814501.56,3,1,483874.08,62301.7,161291.36000000002,62301.7,1,0,89,0,1,1,1,0,90,40,2.72,244.8,1
Servicios La Pampa,46947429756,2024-Q2,106,24588407.06,20269989.84,4318417.219999999,11395317.6,30943291.55,3,0,422518.52,0.0,140839.50666666668,0.0,0,0,0,1,0,0,0,1,49,29,3.68,180.32,1
Servicios La Pampa,46947429756,2025-Q2,158,10035436.84,5114240.48,4921196.359999999,213189.57,13290838.31,1,0,107080.57,0.0,107080.57,0.0,0,0,0,0,0,0,0,0,45,32,3.74,168.3,1
Tecnología Gutierrez,50656884165,2024-Q1,85,5807673.24,4667971.68,1139701.5600000005,1616359.42,7849834.87,4,3,687286.21,296163.63,171821.5525,98721.21,0,3,0,0,0,0,1,0,78,3,4.43,345.54,1
Tecnología Gutierrez,50656884165,2025-Q1,72,48375576.68,26562759.34,21812817.34,16734031.63,46385558.4,2,0,368146.81,0.0,184073.405,0.0,0,0,0,1,0,0,0,1,42,55,0.91,38.22,1
Consultora Santa Fe,39075013664,2025-Q2,105,37873049.79,21171754.3,16701295.489999998,5910334.57,32637166.63,0,0,0.0,0.0,0.0,0.0,0,0,0,0,0,1,0,1,71,38,1.33,94.43,1
Consultora Santa Fe,39075013664,2024-Q3,161,27091021.26,15870729.01,11220292.250000002,13541216.34,37675585.47,2,0,190995.85,0.0,95497.925,0.0,0,0,0,0,1,1,0,1,61,39,3.46,211.06,1
Consultora Santa Fe,39075013664,2024-Q1,195,46492079.51,35967589.13,10524490.379999995,9694426.19,47994486.4,3,0,535226.81,0.0,178408.93666666668,0.0,0,0,0,0,0,0,0,0,87,12,1.94,168.78,1
Comercial López,72162760138,2025-Q2,128,5494779.67,3354562.02,2140217.65,1508112.02,6309282.14,0,0,0.0,0.0,0.0,0.0,0,0,0,2,1,0,0,1,58,53,0.66,38.28,1
Comercial López,72162760138,2025-Q3,144,40939418.16,22333289.4,18606128.759999998,19499026.53,53308320.02,3,0,282231.67,0.0,94077.22333333333,0.0,0,0,0,0,1,1,0,1,23,5,1.7,39.1,1
Distribuidora Sánchez,08765599092,2024-Q4,94,49184358.76,32606009.04,16578349.719999999,2103352.49,58211868.58,2,2,254341.0,139259.57,127170.5,69629.785,1,1,50,0,0,0,1,0,31,36,2.6,80.6,1
Distribuidora Sánchez,08765599092,2025-Q2,82,12865225.0,8960374.29,3904850.710000001,1442164.17,10798521.07,5,4,544140.7,491764.27,108828.13999999998,122941.0675,4,0,52,0,1,1,1,0,68,3,4.42,300.56,0
Servicios Santa Fe,05148692300,2024-Q3,193,1663088.84,1037821.7,625267.1400000001,157854.19,2140932.71,5,5,940799.11,889962.35,188159.822,177992.47,5,0,76,0,1,0,1,0,47,24,1.32,62.04,0
Servicios Santa Fe,05148692300,2024-Q2,31,3242910.25,2596543.74,646366.5099999998,1274579.69,3149903.25,4,0,747581.17,0.0,186895.2925,0.0,0,0,0,2,0,1,0,1,51,42,4.49,228.99,1
Comercial Gómez,07699321012,2024-Q4,54,1876311.97,1495808.47,380503.5,522672.47,2501540.17,4,3,535247.51,213242.89,133811.8775,71080.96333333333,0,3,0,2,0,1,1,1,65,56,2.19,142.35,1
Comercial Gómez,07699321012,2025-Q2,175,38185018.02,24210000.89,13975017.130000003,9189723.69,36214032.77,3,2,509449.46,103385.19,169816.48666666666,51692.595,0,2,0,2,1,1,1,0,58,54,4.34,251.72,1
Comercial Gómez,07699321012,2024-Q1,36,21119602.59,14174483.92,6945118.67,2025519.64,26836626.88,2,2,159583.96,161137.76,79791.98,80568.88,1,1,36,1,0,0,1,1,54,41,4.36,235.44,1
Productora Fernández,81613952673,2025-Q3,168,28542606.24,20493321.39,8049284.849999998,3556002.69,25381373.82,1,0,149328.41,0.0,149328.41,0.0,0,0,0,2,1,1,0,1,64,59,3.96,253.44,1
Productora Fernández,81613952673,2024-Q2,118,38163059.22,22893908.86,15269150.36,15124891.38,52082332.42,4,0,684688.18,0.0,171172.045,0.0,0,0,0,0,0,0,0,0,62,47,3.86,239.32,1
Productora Fernández,81613952673,2024-Q3,183,49093295.04,28546808.63,20546486.41,19060198.56,56493136.43,3,0,237189.1,0.0,79063.03333333334,0.0,0,0,0,2,0,1,0,1,71,53,3.68,261.28,1
Productora Fernández,81613952673,2025-Q4,96,49068148.2,35418422.59,13649725.61,16918978.74,64130656.85,2,0,360756.64,0.0,180378.32,0.0,0,0,0,0,1,0,0,1,86,28,1.26,108.36,1
Comercial Gómez,74660067937,2024-Q1,124,41414800.4,22834340.69,18580459.709999997,1935604.85,40142605.57,1,0,73540.17,0.0,73540.17,0.0,0,0,0,1,1,1,0,1,83,46,2.01,166.83,1
Comercial Gómez,74660067937,2024-Q2,46,24879550.28,13953023.79,10926526.490000002,144898.13,23468710.94,3,0,583860.39,0.0,194620.13,0.0,0,0,0,2,1,1,0,1,59,34,4.04,238.36,1
Cooperativa Rosario,90765834864,2025-Q3,31,38722516.6,27968446.0,10754070.600000001,2572566.19,55034572.85,1,1,119733.85,65758.25,119733.85,65758.25,1,0,77,0,0,0,1,1,62,20,0.8,49.6,0
Cooperativa Rosario,90765834864,2024-Q1,32,39107893.69,22078513.44,17029380.249999996,19221002.13,54372573.17,4,0,751233.59,0.0,187808.3975,0.0,0,0,0,2,0,1,0,1,51,13,0.65,33.15,0
Cooperativa Rosario,90765834864,2025-Q1,23,45715189.04,38091793.84,7623395.1999999955,5557315.51,39016002.9,1,0,136575.24,0.0,136575.24,0.0,0,0,0,2,1,1,0,1,69,13,2.46,169.74,0
Distribuidora Gómez,01031840023,2024-Q2,98,33767685.33,29271687.27,4495998.059999999,8149353.23,27264484.07,2,0,395734.03,0.0,197867.015,0.0,0,0,0,0,0,0,0,1,58,45,3.88,225.04,1
Distribuidora Gómez,01031840023,2025-Q1,200,25273608.69,18159774.38,7113834.310000002,5368835.93,30481488.32,3,0,309817.9,0.0,103272.63333333335,0.0,0,0,0,1,0,1,0,0,29,8,0.93,26.97,1
Tecnología Mendoza,11632722494,2024-Q1,184,20594022.46,12643818.99,7950203.470000001,6657499.0,28504658.83,1,0,73063.64,0.0,73063.64,0.0,0,0,0,0,0,0,0,0,46,51,3.38,155.48,1
Tecnología Mendoza,11632722494,2025-Q3,100,42077704.44,33381538.4,8696166.04,7192275.36,54670837.73,4,0,467387.23,0.0,116846.8075,0.0,0,0,0,1,1,1,0,0,37,33,1.75,64.75,1
Cooperativa Córdoba,71976132013,2024-Q1,135,14871680.98,9113332.98,5758348.0,7205258.89,15394418.58,2,1,367794.04,92693.72,183897.02,92693.72,1,0,71,1,1,1,1,0,68,35,0.82,55.76,1
Cooperativa Córdoba,71976132013,2025-Q3,27,14484338.05,13560620.39,923717.6600000001,4295675.22,19954695.58,3,0,286622.87,0.0,95540.95666666667,0.0,0,0,0,0,0,1,0,0,78,41,4.24,330.72,1
Cooperativa Córdoba,71976132013,2025-Q2,145,4770934.47,3238170.14,1532764.3299999996,2161888.65,4055663.2,2,1,340593.12,162894.09,170296.56,162894.09,1,0,85,1,0,1,1,0,45,26,1.96,88.2,1
Comercial Río Negro,77261918183,2024-Q3,135,9043446.7,6942192.59,2101254.1099999994,2470515.94,9233424.38,2,1,260327.75,95352.12,130163.875,95352.12,1,0,60,0,0,0,1,0,38,44,2.08,79.04,1
Comercial Río Negro,77261918183,2025-Q2,54,11974666.3,10971491.36,1003174.9400000013,2220645.54,17211224.16,1,0,172914.1,0.0,172914.1,0.0,0,0,0,1,1,0,0,1,79,30,2.93,231.47,1
Consultora Río Negro,32946216517,2025-Q1,92,11873750.88,10747426.07,1126324.8100000005,4196252.3,16614932.07,0,0,0.0,0.0,0.0,0.0,0,0,0,0,1,0,0,1,73,35,0.51,37.23,1
Consultora Río Negro,32946216517,2025-Q2,18,14314452.9,10858259.94,3456192.960000001,6337089.51,20987171.53,4,1,587194.84,68858.78,146798.71,68858.78,1,0,89,1,0,0,1,1,20,70,3.72,74.4,1
Consultora Río Negro,32946216517,2024-Q3,25,32183485.9,18346048.67,13837437.229999997,9727858.19,45109742.82,4,0,554522.81,0.0,138630.7025,0.0,0,0,0,0,0,0,0,0,59,31,1.05,61.95,1
Consultora Río Negro,32946216517,2025-Q4,147,4301676.67,2396245.68,1905430.9899999998,549295.37,4141642.76,5,5,531304.28,914461.62,106260.856,182892.324,4,1,30,1,0,1,1,1,26,1,4.79,124.54,1
Alimentos Gómez,91982988779,2025-Q1,154,1081682.93,638291.6,443391.32999999996,379098.38,1122155.38,5,4,885536.38,764662.15,177107.276,191165.5375,3,1,45,1,0,1,1,1,67,52,3.93,263.31,1
Alimentos Gómez,91982988779,2025-Q2,113,12798523.19,9468041.85,3330481.34,4073409.82,17158383.48,2,0,292742.46,0.0,146371.23,0.0,0,0,0,0,0,1,0,1,59,15,3.82,225.38,0
Alimentos Gómez,91982988779,2025-Q4,186,47129756.87,25568087.62,21561669.249999996,4197358.46,39767784.18,2,0,265566.23,0.0,132783.115,0.0,0,0,0,0,1,0,0,1,56,47,3.35,187.6,1
Alimentos Gómez,91982988779,2025-Q3,34,18186257.25,10754904.28,7431352.970000001,612030.86,17274916.5,2,1,276032.09,95195.51,138016.045,95195.51,0,1,0,0,1,0,1,0,38,18,4.72,179.36,0
Industrias Paraná,83724278664,2025-Q4,53,33419327.11,28500493.7,4918833.41,11869714.84,40130977.87,0,0,0.0,0.0,0.0,0.0,0,0,0,1,0,1,0,0,46,10,3.21,147.66,1
Industrias Paraná,83724278664,2025-Q3,48,45490446.25,24165305.78,21325140.47,21080611.21,59525086.92,4,0,605675.19,0.0,151418.7975,0.0,0,0,0,1,1,1,0,0,50,2,2.08,104.0,0
Industrias Paraná,83724278664,2024-Q3,191,31078961.46,16440500.61,14638460.850000001,3577522.09,44855264.21,0,0,0.0,0.0,0.0,0.0,0,0,0,0,0,1,0,1,57,19,1.68,95.76,0
Comercial Checo,05637628047,2025-Q2,145,33246970.93,31012346.7,2234624.2300000004,11952185.76,35473568.06,0,0,0.0,0.0,0.0,0.0,0,0,0,0,1,0,0,1,46,37,4.21,193.66,1
Comercial Checo,05637628047,2025-Q1,176,31211921.6,16711832.4,14500089.200000001,9332304.23,40184305.79,2,1,148586.2,81761.9,74293.1,81761.9,0,1,0,0,1,0,1,1,82,68,4.52,370.64,1
Industrias Córdoba,48563964449,2025-Q1,70,30863353.29,18734535.3,12128817.989999998,2988460.65,28271147.92,5,3,309163.69,597276.12,61832.738,199092.04,2,1,47,1,1,0,1,1,62,62,3.08,190.96,1
Industrias Córdoba,48563964449,2024-Q3,39,2510143.46,1333680.71,1176462.75,319494.15,3428061.95,5,4,824380.41,735571.51,164876.082,183892.8775,4,0,78,2,1,1,1,0,67,60,3.33,223.11,1
Industrias Córdoba,48563964449,2024-Q4,24,38323201.3,23468328.31,14854872.989999998,11707174.58,56118981.18,3,1,505028.18,189204.07,168342.72666666665,189204.07,1,0,41,1,1,1,1,0,66,54,3.73,246.18,1
Industrias Córdoba,48563964449,2024-Q1,106,25084115.13,23515738.78,1568376.3499999978,7563376.97,32609805.32,1,0,162707.75,0.0,162707.75,0.0,0,0,0,2,1,0,0,1,38,39,4.49,170.62,1
Comercial Dondero,95614509030,2025-Q2,90,11557727.66,6735920.66,4821807.0,1277796.6,13499758.1,3,0,446831.39,0.0,148943.79666666666,0.0,0,0,0,0,1,0,0,1,75,12,3.47,260.25,0
Comercial Dondero,95614509030,2025-Q3,72,8204548.86,4795623.97,3408924.8900000006,1098884.1,10847280.1,5,4,968662.01,733623.86,193732.402,183405.965,4,0,53,1,1,0,1,1,30,7,2.67,80.1,1
Grupo García,62889685702,2025-Q1,101,13750482.34,7203369.45,6547112.89,1488868.16,13448184.06,0,0,0.0,0.0,0.0,0.0,0,0,0,0,1,1,0,0,40,51,4.2,168.0,1
Grupo García,62889685702,2024-Q4,101,15028180.59,9604256.19,5423924.4,4598701.8,18290171.17,2,0,366674.04,0.0,183337.02,0.0,0,0,0,0,0,0,0,1,45,49,4.49,202.05,1
Grupo García,62889685702,2025-Q2,6,30955400.95,25271121.12,5684279.829999998,12473201.83,44836625.61,1,0,95778.68,0.0,95778.68,0.0,0,0,0,2,1,1,0,0,57,0,2.82,160.74,0
Grupo Pérez,42829478023,2024-Q2,185,7902766.84,4634462.46,3268304.38,3542334.83,11278358.22,4,3,647054.05,255154.15,161763.5125,85051.38333333333,3,0,32,2,1,1,1,0,25,52,2.34,58.5,1
Grupo Pérez,42829478023,2025-Q4,169,19863268.92,17176055.35,2687213.5700000003,2842041.38,22413815.73,3,1,179832.15,170616.29,59944.049999999996,170616.29,1,0,53,0,1,0,1,0,74,60,4.37,323.38,1
Grupo Pérez,42829478023,2025-Q2,53,34417057.76,22831851.01,11585206.749999996,4920200.35,28680086.17,4,3,636975.52,274713.81,159243.88,91571.27,0,3,0,0,0,0,1,0,80,24,1.73,138.4,0
Grupo Pérez,42829478023,2025-Q1,197,20162939.0,17215299.05,2947639.9499999993,481468.27,29406236.54,3,0,416005.46,0.0,138668.48666666666,0.0,0,0,0,0,0,0,0,0,26,64,4.72,122.72,1
Grupo Buenos Aires,66093731163,2025-Q2,138,40440421.26,33651742.59,6788678.669999994,11666378.97,33812285.84,5,1,604807.87,135398.3,120961.574,135398.3,0,1,0,0,1,1,1,1,85,62,3.31,281.35,1
Grupo Buenos Aires,66093731163,2024-Q3,183,1515934.35,1202268.38,313665.9700000002,14151.95,1908429.78,1,0,68591.18,0.0,68591.18,0.0,0,0,0,1,1,0,0,1,36,32,1.76,63.36,1
Tecnología La Pampa,76868680900,2024-Q3,108,8522608.33,5488191.19,3034417.1399999997,1598013.06,11537937.05,3,0,317537.19,0.0,105845.73,0.0,0,0,0,0,1,0,0,1,74,0,1.23,91.02,0
Tecnología La Pampa,76868680900,2024-Q1,103,35313373.59,24960618.14,10352755.450000003,11000720.23,46679198.71,1,0,169748.31,0.0,169748.31,0.0,0,0,0,1,0,1,0,0,58,50,3.28,190.24,1
Tecnología Rodríguez,33576777029,2025-Q4,164,3546384.15,2220043.28,1326340.87,1108989.34,2983696.27,0,0,0.0,0.0,0.0,0.0,0,0,0,0,1,1,0,0,30,11,4.48,134.4,1
Tecnología Rodríguez,33576777029,2025-Q1,5,18792995.27,15534134.55,3258860.719999999,2662911.35,20328796.77,5,4,317996.08,227013.94,63599.216,56753.485,3,1,55,0,0,0,1,1,67,30,3.91,261.97,0
Tecnología Rodríguez,33576777029,2024-Q1,68,33961451.68,22221070.67,11740381.009999998,9224411.32,42953710.77,3,0,163558.11,0.0,54519.369999999995,0.0,0,0,0,2,0,1,0,1,44,16,3.27,143.88,0
Tecnología Rodríguez,33576777029,2024-Q3,144,22728330.63,20703582.84,2024747.789999999,2249396.94,29624433.47,4,4,440416.95,447716.75,110104.2375,111929.1875,0,4,0,1,0,1,1,0,26,5,5.0,130.0,1
Productora Mendoza,42315976194,2025-Q2,148,45829452.28,41471281.57,4358170.710000001,15718882.02,45555704.43,3,3,420737.42,419039.68,140245.80666666667,139679.89333333334,2,1,63,1,1,1,1,0,33,27,3.12,102.96,1
Productora Mendoza,42315976194,2024-Q2,173,6687003.69,4413109.87,2273893.8200000003,231519.02,9835255.32,0,0,0.0,0.0,0.0,0.0,0,0,0,0,0,0,0,1,32,55,4.15,132.8,1
Tecnología Gutierrez,03341854700,2024-Q2,12,31380768.47,28070019.9,3310748.5700000003,15379684.95,26485665.19,1,1,128755.94,186693.69,128755.94,186693.69,0,1,0,0,0,0,1,0,29,34,2.85,82.65,1
Tecnología Gutierrez,03341854700,2025-Q1,99,12543987.44,11482227.03,1061760.4100000001,6235890.31,10448120.79,4,0,702448.05,0.0,175612.0125,0.0,0,0,0,1,0,0,0,1,45,4,1.18,53.1,1
Distribuidora Córdoba,39479855391,2024-Q1,19,10780164.27,8144044.0,2636120.2699999996,631016.86,10837879.1,2,0,108613.42,0.0,54306.71,0.0,0,0,0,0,0,0,0,0,43,68,3.38,145.34,1
Distribuidora Córdoba,39479855391,2024-Q3,159,35605818.45,29710511.04,5895307.410000004,14033055.32,45292381.14,2,0,131656.99,0.0,65828.495,0.0,0,0,0,0,0,0,0,0,78,60,2.68,209.04,1
Distribuidora Córdoba,39479855391,2024-Q4,183,20654485.12,15850063.69,4804421.430000002,2485601.19,23686483.18,5,0,641311.86,0.0,128262.372,0.0,0,0,0,0,1,1,0,0,73,25,2.88,210.24,1
Productora Salta,85557586535,2024-Q4,55,2333130.7,1559287.17,773843.5300000003,1053846.52,2181772.66,3,1,254024.62,99868.58,84674.87333333334,99868.58,1,0,86,1,1,0,1,1,59,18,2.38,140.42,1
Productora Salta,85557586535,2024-Q1,169,4463246.92,3989487.68,473759.23999999976,1879214.12,4431179.33,0,0,0.0,0.0,0.0,0.0,0,0,0,0,0,1,0,0,59,15,2.52,148.68,1
Productora Salta,85557586535,2025-Q3,184,12056395.5,6202889.23,5853506.27,4609220.45,15127099.0,3,0,488720.62,0.0,162906.87333333332,0.0,0,0,0,0,0,0,0,1,25,69,0.7,17.5,1
Servicios Mendoza,34511111596,2025-Q2,197,23615771.75,13579395.68,10036376.07,4646985.67,26727166.09,2,2,339212.6,391263.48,169606.3,195631.74,0,2,0,1,0,1,1,0,48,53,0.53,25.44,1
Servicios Mendoza,34511111596,2024-Q2,51,21193559.52,12828625.12,8364934.4,5704749.97,21485196.2,0,0,0.0,0.0,0.0,0.0,0,0,0,0,1,0,0,1,80,28,4.92,393.6,1
Servicios García,61907853506,2024-Q1,193,17161051.19,13869335.4,3291715.790000001,4667858.78,17670101.38,5,3,388871.17,434716.46,77774.234,144905.48666666666,0,3,0,0,1,0,1,1,33,13,1.14,37.62,0
Servicios García,61907853506,2024-Q2,130,21625847.09,12382368.53,9243478.56,5294892.35,29869830.39,5,2,904989.38,385850.7,180997.876,192925.35,2,0,81,0,0,1,1,0,31,42,3.91,121.21,1
Productora Checo,57021321590,2025-Q2,170,28847534.28,19672531.19,9175003.09,5286757.28,34765352.48,2,0,270553.63,0.0,135276.815,0.0,0,0,0,1,1,0,0,0,31,10,0.87,26.97,1
Productora Checo,57021321590,2024-Q3,93,13603215.07,7383366.29,6219848.78,4208781.47,17674030.21,0,0,0.0,0.0,0.0,0.0,0,0,0,2,0,1,0,1,30,39,4.65,139.5,1
Productora Checo,57021321590,2024-Q2,127,25231481.89,17317758.53,7913723.359999999,3948024.8,34565505.37,1,0,145908.7,0.0,145908.7,0.0,0,0,0,0,0,0,0,0,53,56,4.33,229.49,1
Distribuidora Buenos Aires,65879573571,2024-Q2,66,28600950.42,16811978.03,11788972.39,14274891.16,30583634.49,0,0,0.0,0.0,0.0,0.0,0,0,0,1,0,0,0,1,74,23,4.67,345.58,0
Distribuidora Buenos Aires,65879573571,2024-Q3,124,7120423.92,4624948.01,2495475.91,374840.36,8974465.33,1,0,58239.35,0.0,58239.35,0.0,0,0,0,0,0,1,0,0,54,30,1.48,79.92,1
Productora Checo,26010309896,2024-Q1,196,15096968.57,9553614.32,5543354.25,1136117.63,19088138.28,4,0,557648.11,0.0,139412.0275,0.0,0,0,0,2,1,1,0,1,51,68,4.68,238.68,1
Productora Checo,26010309896,2024-Q4,45,25818061.83,15475355.68,10342706.149999999,1731291.52,35484500.12,3,1,272930.79,167251.39,90976.93,167251.39,0,1,0,0,1,1,1,1,53,28,2.14,113.42,0
Productora Checo,26010309896,2024-Q2,122,22056779.68,19595281.84,2461497.84,2488685.78,30445482.19,2,0,109534.77,0.0,54767.385,0.0,0,0,0,1,1,1,0,0,69,50,2.63,181.47,1
Alimentos Mendoza,70604304649,2024-Q4,159,38043990.1,29516304.73,8527685.370000001,88324.57,42276988.32,3,0,243889.76,0.0,81296.58666666667,0.0,0,0,0,0,0,1,0,0,72,22,2.76,198.72,1
Alimentos Mendoza,70604304649,2025-Q4,190,41022766.09,37375099.98,3647666.110000007,4921077.69,53638942.19,4,1,670150.4,76160.89,167537.6,76160.89,0,1,0,0,1,0,1,0,20,57,4.63,92.6,1
Alimentos Mendoza,70604304649,2024-Q2,191,11760742.33,7610474.01,4150268.3200000003,1483229.58,15932131.5,5,0,276086.27,0.0,55217.254,0.0,0,0,0,1,1,0,0,1,80,4,0.62,49.6,1
Productora Gómez,63057122551,2024-Q3,67,26454193.81,13548966.66,12905227.149999999,2830077.63,28360539.57,2,0,389922.05,0.0,194961.025,0.0,0,0,0,0,0,0,0,0,36,44,2.36,84.96,1
Productora Gómez,63057122551,2024-Q2,107,14111458.35,10730217.07,3381241.2799999993,5537481.35,20519412.94,5,2,622773.47,112194.76,124554.69399999999,56097.38,0,2,0,0,0,1,1,1,26,19,2.53,65.78,0
Productora Gómez,63057122551,2025-Q4,182,1778735.66,1024466.26,754269.3999999999,390166.92,1951762.66,4,0,510755.55,0.0,127688.8875,0.0,0,0,0,0,0,1,0,0,77,40,0.94,72.38,1
Grupo Salta,56802772375,2025-Q4,63,24517141.39,13547415.11,10969726.280000001,7246759.4,36654175.97,5,4,409133.97,454180.88,81826.794,113545.22,3,1,66,1,0,0,1,1,81,34,3.55,287.55,1
Grupo Salta,56802772375,2024-Q3,195,29261068.5,25240609.96,4020458.539999999,910503.61,32407889.79,2,0,341042.62,0.0,170521.31,0.0,0,0,0,0,1,1,0,0,49,21,3.21,157.29,0
Grupo Salta,56802772375,2024-Q1,80,13040155.39,11943307.07,1096848.3200000003,3464739.99,13606481.06,2,0,146476.74,0.0,73238.37,0.0,0,0,0,1,0,1,0,1,78,62,1.48,115.44,1
Comercial Checo,73973117938,2025-Q4,50,8632599.61,7805327.33,827272.2799999993,15671.07,11544148.8,2,0,161958.52,0.0,80979.26,0.0,0,0,0,3,1,1,0,1,26,58,3.63,94.38,1
Comercial Checo,73973117938,2025-Q3,113,5066920.71,2993648.71,2073272.0,1511110.06,6681120.89,0,0,0.0,0.0,0.0,0.0,0,0,0,0,0,0,0,0,59,9,2.03,119.77,0
Distribuidora Dondero,00236186024,2024-Q3,77,20549278.61,12447600.64,8101677.969999999,2293903.33,21688858.91,3,0,371004.26,0.0,123668.08666666667,0.0,0,0,0,3,1,1,0,1,66,70,1.03,67.98,1
Distribuidora Dondero,00236186024,2025-Q4,55,30428394.83,21046233.55,9382161.279999997,28428.22,31372516.48,1,0,70084.19,0.0,70084.19,0.0,0,0,0,1,1,0,0,0,77,62,4.46,343.42,1
Distribuidora Dondero,00236186024,2024-Q2,33,16638103.9,10700780.27,5937323.630000001,7361004.45,21598820.47,3,0,269451.97,0.0,89817.32333333332,0.0,0,0,0,0,0,1,0,0,66,52,2.16,142.56,1
Alimentos Salta,58858675714,2025-Q4,197,9696932.57,6447932.19,3249000.38,1822794.74,10187119.84,5,3,622060.24,210962.74,124412.048,70320.91333333333,2,1,64,0,1,1,1,0,39,42,0.81,31.59,1
Alimentos Salta,58858675714,2025-Q1,157,20428617.08,18229304.43,2199312.6499999985,8280616.4,21179891.88,0,0,0.0,0.0,0.0,0.0,0,0,0,0,0,0,0,0,79,44,3.14,248.06,1
Alimentos Salta,58858675714,2024-Q3,164,31262863.64,20729650.18,10533213.46,1218964.16,36837025.54,4,0,696683.46,0.0,174170.865,0.0,0,0,0,1,1,1,0,0,69,55,0.5,34.5,1
Productora Checo,77133228138,2024-Q1,44,17627534.31,10194897.7,7432636.609999999,3422837.32,20926973.55,3,1,327948.72,68204.95,109316.23999999999,68204.95,0,1,0,0,1,0,1,0,22,58,4.99,109.78,1
Productora Checo,77133228138,2024-Q3,97,13819665.78,9183365.54,4636300.24,1572763.8,16509971.7,5,4,745864.91,396397.42,149172.98200000002,99099.355,3,1,50,1,0,0,1,1,88,14,2.13,187.44,0
Productora Checo,77133228138,2024-Q2,155,36519429.62,26712461.8,9806967.819999997,236217.56,32182315.76,0,0,0.0,0.0,0.0,0.0,0,0,0,0,0,1,0,0,65,4,1.28,83.2,1
Productora Checo,77133228138,2025-Q1,77,18175748.91,14842707.84,3333041.0700000003,1150755.52,26742198.02,2,2,151664.0,360501.23,75832.0,180250.615,2,0,67,2,1,1,1,1,30,1,1.44,43.2,0
Cooperativa Gutierrez,18627252288,2025-Q3,117,31540179.78,19195610.26,12344569.52,7400660.01,46904902.82,3,0,286365.84,0.0,95455.28000000001,0.0,0,0,0,0,0,1,0,0,84,0,4.55,382.2,0
Cooperativa Gutierrez,18627252288,2024-Q1,67,16712861.83,9741935.53,6970926.300000001,8214382.87,22969576.5,4,0,522909.65,0.0,130727.4125,0.0,0,0,0,2,1,1,0,0,57,30,4.35,247.95,1
Cooperativa Gutierrez,18627252288,2024-Q4,63,45770625.4,38286134.43,7484490.969999999,16005491.62,64679593.19,2,1,296145.38,135342.45,148072.69,135342.45,0,1,0,2,1,1,1,0,57,34,4.69,267.33,1
Comercial Mendoza,30899364562,2024-Q4,91,47461825.21,43865503.39,3596321.8200000003,18583241.75,61072418.37,4,4,354724.89,244969.79,88681.2225,61242.4475,4,0,50,0,1,1,1,0,41,16,1.43,58.63,0
Comercial Mendoza,30899364562,2024-Q1,39,39229025.83,20904566.85,18324458.979999997,13746028.31,58351724.59,3,3,492462.5,385761.39,164154.16666666666,128587.13,2,1,48,0,0,0,1,0,81,47,0.71,57.51,1
Comercial Mendoza,30899364562,2025-Q1,107,8457729.03,5597168.99,2860560.039999999,1011291.03,11599194.98,0,0,0.0,0.0,0.0,0.0,0,0,0,2,1,1,0,1,45,44,1.36,61.2,1
Comercial Mendoza,30899364562,2025-Q3,38,34397933.28,22816193.33,11581739.950000003,2267664.87,41532970.89,3,1,206834.86,76788.67,68944.95333333332,76788.67,0,1,0,1,0,1,1,0,81,9,1.59,128.79,0
Servicios Fernández,02846951736,2024-Q3,74,6599282.88,5026439.42,1572843.46,3253851.73,7847001.86,4,2,545407.01,260839.28,136351.7525,130419.64,2,0,73,3,1,1,1,1,69,1,4.26,293.94,1
Servicios Fernández,02846951736,2024-Q4,55,6128001.47,3254414.48,2873586.9899999998,1382069.68,5063782.88,3,0,371399.87,0.0,123799.95666666667,0.0,0,0,0,0,1,1,0,1,76,46,1.21,91.96,1
Servicios Fernández,02846951736,2024-Q1,82,8394263.4,6282138.63,2112124.7700000005,1737206.97,11777900.21,1,0,82598.01,0.0,82598.01,0.0,0,0,0,1,0,1,0,1,55,12,3.68,202.4,0
Alimentos Martínez,89457964485,2025-Q4,66,1694779.64,1462381.94,232397.69999999995,289444.0,1759726.19,2,2,161523.6,162211.14,80761.8,81105.57,1,1,54,0,0,1,1,0,64,19,0.84,53.76,1
Alimentos Martínez,89457964485,2025-Q3,29,20383836.1,11272651.04,9111185.060000002,389157.92,25027208.03,2,0,380099.82,0.0,190049.91,0.0,0,0,0,1,0,0,0,1,29,17,3.19,92.51,0
Alimentos Martínez,89457964485,2024-Q3,91,45253002.98,36446724.01,8806278.969999999,3347280.8,49413285.63,0,0,0.0,0.0,0.0,0.0,0,0,0,2,1,0,0,1,68,2,3.47,235.96,1
Alimentos Martínez,89457964485,2024-Q2,110,8961369.62,4519856.8,4441512.819999999,1827753.5,12620650.34,4,3,703709.59,230866.32,175927.3975,76955.44,3,0,31,0,0,0,1,0,69,59,3.91,269.79,1
Comercial Buenos Aires,86790086179,2025-Q3,169,1826847.62,1189511.04,637336.5800000001,903823.05,1983617.58,0,0,0.0,0.0,0.0,0.0,0,0,0,1,0,1,0,1,58,59,2.57,149.06,1
Comercial Buenos Aires,86790086179,2024-Q4,53,29195022.45,25908930.75,3286091.6999999993,6208957.21,33244250.31,0,0,0.0,0.0,0.0,0.0,0,0,0,0,0,0,0,0,42,55,3.01,126.42,1
Distribuidora Buenos Aires,38343666774,2025-Q1,125,7544106.84,3830770.84,3713336.0,3683907.72,11039799.86,5,1,426253.0,181139.0,85250.6,181139.0,1,0,53,0,1,1,1,0,45,39,3.43,154.35,1
Distribuidora Buenos Aires,38343666774,2025-Q3,28,41513051.07,23494776.5,18018274.57,12848012.42,60381403.82,3,0,576788.04,0.0,192262.68000000002,0.0,0,0,0,2,1,0,0,1,30,0,4.77,143.1,0
Distribuidora Buenos Aires,38343666774,2024-Q2,174,46724339.55,24397239.88,22327099.669999998,4419886.17,61401448.98,2,1,247876.64,68290.5,123938.32,68290.5,0,1,0,0,1,0,1,1,21,70,0.5,10.5,1
Distribuidora Buenos Aires,38343666774,2024-Q1,54,6746080.9,5120639.92,1625440.9800000004,3252205.84,10107880.14,4,3,663880.65,347733.26,165970.1625,115911.08666666667,2,1,74,0,1,1,1,0,52,4,2.71,140.92,1
Grupo López,20034447327,2025-Q4,23,42823575.5,26812899.35,16010676.149999999,15506805.77,50243133.96,4,0,478637.32,0.0,119659.33,0.0,0,0,0,0,1,0,0,1,64,69,3.04,194.56,1
Grupo López,20034447327,2024-Q4,27,48889872.89,34916729.26,13973143.630000003,3974488.34,65663149.78,3,0,588406.75,0.0,196135.58333333334,0.0,0,0,0,1,1,0,0,0,43,32,1.13,48.59,1
Grupo López,20034447327,2025-Q3,100,2677611.57,1559995.98,1117615.5899999999,100789.64,3228449.76,1,0,127922.91,0.0,127922.91,0.0,0,0,0,1,0,0,0,1,38,14,4.99,189.62,1
Grupo López,20034447327,2024-Q1,118,37217304.08,23335152.51,13882151.569999997,3306454.78,40155433.81,5,4,673606.65,229616.07,134721.33000000002,57404.0175,4,0,50,1,1,1,1,0,73,64,4.54,331.42,1
Comercial Córdoba,02005674184,2024-Q3,135,35894867.11,20491709.46,15403157.649999999,8366520.7,49195762.93,4,2,641488.42,316531.47,160372.105,158265.735,2,0,38,0,0,0,1,0,51,46,2.76,140.76,1
Comercial Córdoba,02005674184,2025-Q4,90,12928206.62,8057923.63,4870282.989999999,6202472.89,10352353.45,2,0,219615.8,0.0,109807.9,0.0,0,0,0,1,1,0,0,0,83,12,2.96,245.68,1
Comercial Córdoba,02005674184,2024-Q1,26,25382303.32,15911534.14,9470769.18,5715758.16,27167726.68,0,0,0.0,0.0,0.0,0.0,0,0,0,0,0,1,0,1,35,30,2.41,84.35,1
Grupo Paraná,01601827094,2024-Q2,62,16747717.2,11839696.02,4908021.18,6155022.03,20012319.82,5,1,821840.7,74266.17,164368.13999999998,74266.17,0,1,0,0,1,0,1,1,23,14,4.25,97.75,1
Grupo Paraná,01601827094,2024-Q3,109,45799477.43,23543772.85,22255704.58,11146213.05,54312854.86,3,2,254012.22,311201.78,84670.74,155600.89,0,2,0,0,1,0,1,1,87,33,4.68,407.16,1
Grupo Paraná,01601827094,2024-Q4,112,39316754.13,34520479.19,4796274.940000005,6245876.65,35209957.81,3,0,233507.18,0.0,77835.72666666667,0.0,0,0,0,1,0,0,0,1,30,39,4.22,126.6,1
Grupo Paraná,01601827094,2025-Q3,77,27961017.4,22137336.96,5823680.439999998,7473543.3,41888541.47,4,3,548504.33,570441.16,137126.0825,190147.05333333334,1,2,81,0,0,0,1,0,79,31,1.44,113.76,1
Tecnología García,82588049360,2024-Q3,175,40356328.45,30223575.82,10132752.630000003,3085000.32,57944629.28,1,0,79395.35,0.0,79395.35,0.0,0,0,0,3,1,1,0,1,78,67,2.7,210.6,1
Tecnología García,82588049360,2024-Q4,127,8701969.04,6567154.08,2134814.959999999,1360948.3,10518317.67,1,0,145277.78,0.0,145277.78,0.0,0,0,0,0,0,0,0,0,61,14,1.47,89.67,0
Tecnología García,82588049360,2024-Q2,145,13086873.18,7018452.11,6068421.069999999,292165.91,11052094.99,0,0,0.0,0.0,0.0,0.0,0,0,0,1,1,0,0,0,21,6,1.76,36.96,0
Tecnología García,82588049360,2025-Q3,76,13152472.48,7091498.49,6060973.99,5231788.81,17616323.18,5,5,591583.65,898685.39,118316.73000000001,179737.078,2,3,80,0,1,0,1,0,60,45,1.78,106.8,1
Comercial Buenos Aires,05247649231,2025-Q1,136,28086889.65,19524113.73,8562775.919999998,1255697.05,35012585.2,4,0,740573.27,0.0,185143.3175,0.0,0,0,0,3,1,1,0,1,37,7,1.33,49.21,0
Comercial Buenos Aires,05247649231,2024-Q1,161,45503986.92,31467784.69,14036202.23,12377568.72,61716924.13,5,5,955619.16,954410.9,191123.832,190882.18,3,2,66,0,1,0,1,1,89,30,2.36,210.04,1
Grupo Salta,49651838047,2025-Q3,128,14290883.25,11158089.79,3132793.460000001,2707863.95,20089761.37,0,0,0.0,0.0,0.0,0.0,0,0,0,0,1,1,0,1,68,24,3.66,248.88,0
Grupo Salta,49651838047,2024-Q3,180,38596281.41,28090549.89,10505731.519999996,2644555.18,45772867.81,2,0,317574.3,0.0,158787.15,0.0,0,0,0,0,1,0,0,1,34,36,1.28,43.52,1
Grupo Salta,49651838047,2024-Q2,115,34135586.16,20758105.22,13377480.939999998,168081.49,35575959.27,2,1,300314.74,151754.36,150157.37,151754.36,1,0,38,1,1,0,1,0,89,29,4.19,372.91,0
Grupo Salta,49651838047,2025-Q4,158,46167262.99,32513201.29,13654061.700000003,17854255.86,54544993.74,3,0,318247.37,0.0,106082.45666666667,0.0,0,0,0,0,1,1,0,1,54,24,2.64,142.56,1
Consultora Río Negro,20428097114,2024-Q2,111,36359157.61,19451920.9,16907236.71,10562560.78,46287900.68,2,0,320425.53,0.0,160212.765,0.0,0,0,0,0,0,0,0,1,70,57,3.39,237.3,1
Consultora Río Negro,20428097114,2024-Q3,161,47828735.83,33019537.79,14809198.04,11365315.91,68874683.65,0,0,0.0,0.0,0.0,0.0,0,0,0,1,1,1,0,0,88,53,1.07,94.16,1
Consultora Mendoza,91077793460,2024-Q2,39,12315471.54,8542292.05,3773179.4899999984,453126.86,18009284.21,5,3,578617.08,473042.22,115723.416,157680.74,0,3,0,1,1,0,1,0,77,67,3.82,294.14,1
Consultora Mendoza,91077793460,2025-Q4,8,31464261.02,18417660.18,13046600.84,10509155.75,39340335.03,3,0,243082.63,0.0,81027.54333333333,0.0,0,0,0,2,1,1,0,0,51,53,1.05,53.55,1
Grupo La Pampa,06853688746,2024-Q3,30,4119421.61,3276378.26,843043.3500000001,437947.07,5312905.1,4,1,607568.21,94296.86,151892.0525,94296.86,0,1,0,2,0,1,1,1,79,41,4.85,383.15,1
Grupo La Pampa,06853688746,2024-Q2,96,5720538.88,4276040.03,1444498.8499999996,2599651.08,8043503.41,2,0,342080.62,0.0,171040.31,0.0,0,0,0,0,1,0,0,1,34,10,4.03,137.02,1
Grupo La Pampa,06853688746,2025-Q1,66,14794498.0,7900352.79,6894145.21,2473662.48,19175177.6,2,0,383435.2,0.0,191717.6,0.0,0,0,0,0,1,0,0,1,82,12,4.43,363.26,1
Grupo La Pampa,06853688746,2025-Q2,11,5945775.27,4542408.84,1403366.4299999997,2731448.3,5647912.27,3,0,319481.74,0.0,106493.91333333333,0.0,0,0,0,0,0,0,0,0,89,23,1.0,89.0,0
Productora Dondero,30864472118,2025-Q1,84,27362908.45,19021402.74,8341505.710000001,7266407.05,24398866.75,3,3,503464.27,562981.88,167821.42333333334,187660.62666666668,1,2,32,2,1,1,1,1,60,1,4.61,276.6,0
Productora Dondero,30864472118,2024-Q4,127,35599466.24,33772220.14,1827246.1000000015,10148438.63,48167290.33,4,1,306343.07,92623.1,76585.7675,92623.1,1,0,61,0,0,1,1,1,80,62,0.96,76.8,1
Consultora Gutierrez,65598168564,2025-Q4,119,11602898.1,10138457.93,1464440.17,1241210.12,15788046.78,3,0,499524.74,0.0,166508.24666666667,0.0,0,0,0,0,1,1,0,1,30,44,2.73,81.9,1
Consultora Gutierrez,65598168564,2025-Q1,105,33556742.61,23347100.36,10209642.25,11603669.89,46471196.1,2,0,324988.57,0.0,162494.285,0.0,0,0,0,0,1,0,0,1,75,3,3.32,249.0,1
Consultora Gutierrez,65598168564,2024-Q1,90,18821626.65,15738795.87,3082830.7799999993,2177031.98,20374006.91,1,0,157729.22,0.0,157729.22,0.0,0,0,0,0,0,0,0,0,34,12,4.5,153.0,0
Consultora Gutierrez,65598168564,2025-Q3,195,17416075.86,10347643.61,7068432.25,4048443.93,15119368.69,5,5,515083.26,420348.25,103016.652,84069.65,1,4,48,0,0,0,1,0,43,11,4.47,192.21,1
Industrias Sánchez,43656024057,2024-Q4,135,8870316.1,7657155.32,1213160.7799999993,1836995.32,10001994.86,5,2,781427.54,326300.5,156285.508,163150.25,0,2,0,0,0,1,1,0,56,34,4.79,268.24,1
Industrias Sánchez,43656024057,2025-Q3,138,30379240.82,21392316.97,8986923.850000001,3789729.97,36439196.39,5,1,779827.38,85318.52,155965.476,85318.52,0,1,0,0,0,0,1,0,50,46,2.2,110.0,1
Industrias Sánchez,43656024057,2025-Q1,192,16885255.21,10922866.11,5962389.1000000015,7003499.61,14701239.19,1,0,54245.51,0.0,54245.51,0.0,0,0,0,0,0,1,0,0,37,33,0.61,22.57,1
Cooperativa Santa Fe,73251247717,2024-Q4,42,1564726.52,1477692.92,87033.6000000001,248992.86,1318751.09,5,0,736256.81,0.0,147251.36200000002,0.0,0,0,0,1,1,1,0,0,66,25,3.63,239.58,0
Cooperativa Santa Fe,73251247717,2024-Q2,64,25853382.93,16813922.78,9039460.149999999,11020652.9,36863837.54,2,0,391518.13,0.0,195759.065,0.0,0,0,0,1,1,1,0,0,86,51,4.88,419.68,1
Cooperativa Santa Fe,73251247717,2025-Q1,188,2022670.13,1065837.14,956832.99,24240.19,2745604.73,0,0,0.0,0.0,0.0,0.0,0,0,0,2,0,1,0,1,20,65,4.08,81.6,1
Cooperativa Santa Fe,73251247717,2024-Q3,173,29974801.69,22906803.9,7067997.790000003,2357396.22,41056336.06,3,2,381824.52,206462.24,127274.84000000001,103231.12,1,1,65,1,0,1,1,0,84,28,4.62,388.08,0
Alimentos Salta,74124201406,2025-Q3,86,33835811.91,27311287.31,6524524.599999998,2760991.54,27749680.37,5,3,996759.15,587251.31,199351.83000000002,195750.43666666668,3,0,86,0,0,0,1,0,41,51,2.15,88.15,1
Alimentos Salta,74124201406,2024-Q2,96,5056144.03,2556614.8,2499529.2300000004,2099012.66,6893455.64,3,0,197147.44,0.0,65715.81333333334,0.0,0,0,0,2,0,1,0,1,43,26,3.28,141.04,1
Alimentos Salta,74124201406,2024-Q4,9,10692130.92,9384913.69,1307217.2300000004,4445177.66,13251990.2,0,0,0.0,0.0,0.0,0.0,0,0,0,0,0,0,0,0,28,29,2.36,66.08,0
Cooperativa Río Negro,47744396967,2024-Q3,131,22903162.46,18545487.07,4357675.390000001,7251864.57,21986863.18,4,2,551984.52,153714.84,137996.13,76857.42,2,0,83,2,1,1,1,0,72,13,2.36,169.92,1
Cooperativa Río Negro,47744396967,2025-Q1,12,13402330.48,7315449.38,6086881.100000001,3818738.34,17880845.16,1,0,163384.68,0.0,163384.68,0.0,0,0,0,1,1,0,0,0,68,15,0.82,55.76,1
Comercial Río Negro,72125349761,2024-Q3,9,42351269.58,22933650.1,19417619.479999997,15866080.42,49203973.87,4,3,429083.31,561332.97,107270.8275,187110.99,2,1,72,0,0,1,1,0,20,25,3.37,67.4,0
Comercial Río Negro,72125349761,2025-Q4,131,18163016.85,9492184.63,8670832.22,6016488.41,18044512.21,0,0,0.0,0.0,0.0,0.0,0,0,0,0,1,0,0,0,69,18,1.22,84.18,1
Comercial Río Negro,72125349761,2024-Q1,159,17900908.35,13442392.35,4458516.000000002,3034098.57,15652189.27,4,4,331241.43,424292.11,82810.3575,106073.0275,2,2,58,1,0,1,1,0,33,18,3.12,102.96,1
Consultora Fernández,69300783666,2024-Q3,121,20407341.81,11269758.66,9137583.149999999,9224271.49,18409959.28,0,0,0.0,0.0,0.0,0.0,0,0,0,1,0,0,0,1,56,61,1.83,102.48,1
Consultora Fernández,69300783666,2025-Q2,86,7275705.56,5263463.38,2012242.1799999997,567384.84,6544945.02,0,0,0.0,0.0,0.0,0.0,0,0,0,1,0,1,0,1,41,17,4.71,193.11,0
Consultora Fernández,69300783666,2025-Q1,153,8400302.63,5288454.58,3111848.0500000007,1512902.28,7335898.36,4,2,513717.86,129965.87,128429.465,64982.935,2,0,58,1,0,1,1,0,21,55,3.2,67.2,1
Distribuidora Mendoza,50962750528,2025-Q1,75,24806411.97,19613946.92,5192465.049999997,687938.36,20029299.07,3,3,490533.4,306491.2,163511.13333333333,102163.73333333334,3,0,30,0,0,0,1,1,81,7,4.31,349.11,0
Distribuidora Mendoza,50962750528,2025-Q2,105,40299474.24,24442535.67,15856938.57,9076154.6,38673477.94,5,5,851772.37,760974.17,170354.474,152194.834,1,4,78,0,0,0,1,1,75,49,4.22,316.5,1
Distribuidora Mendoza,50962750528,2024-Q4,41,9706001.88,8703804.63,1002197.25,2527861.42,9804172.02,1,0,98444.87,0.0,98444.87,0.0,0,0,0,1,0,0,0,1,35,36,2.16,75.6,1
Servicios Martínez,97409582003,2024-Q3,25,47565136.42,38078173.91,9486962.510000005,23055529.61,54378204.5,2,0,268736.87,0.0,134368.435,0.0,0,0,0,0,0,0,0,1,41,56,1.81,74.21,1
Servicios Martínez,97409582003,2025-Q2,188,6394758.67,5925584.9,469173.76999999955,357741.21,8060256.56,1,0,176164.36,0.0,176164.36,0.0,0,0,0,1,1,0,0,1,49,61,1.07,52.43,1
Alimentos Mendoza,60018838219,2024-Q3,198,38549338.35,36157531.56,2391806.789999999,2371435.75,39593614.83,0,0,0.0,0.0,0.0,0.0,0,0,0,1,0,1,0,0,81,39,2.16,174.96,1
Alimentos Mendoza,60018838219,2024-Q1,63,21231098.01,13899648.64,7331449.370000001,2297108.0,25613360.98,3,2,333579.27,391730.96,111193.09000000001,195865.48,1,1,69,2,1,0,1,1,28,51,2.72,76.16,1
Alimentos Mendoza,60018838219,2025-Q2,101,8011951.27,7299856.23,712095.0399999991,1151622.26,8634294.69,4,0,613215.22,0.0,153303.805,0.0,0,0,0,1,1,1,0,1,81,26,4.5,364.5,1
Distribuidora López,62893819226,2024-Q2,27,49678776.27,30100259.14,19578517.130000003,4283793.8,42236643.27,2,0,371958.21,0.0,185979.105,0.0,0,0,0,0,0,1,0,1,76,61,3.55,269.8,1
Distribuidora López,62893819226,2025-Q2,50,15342005.92,14081666.87,1260339.0500000007,3261366.08,21676843.81,4,2,599889.42,240625.04,149972.355,120312.52,1,1,88,1,0,0,1,1,26,54,0.55,14.3,1
Productora Gutierrez,93397258602,2025-Q4,181,20501054.45,17110551.83,3390502.620000001,6263801.28,27372088.77,1,0,166323.29,0.0,166323.29,0.0,0,0,0,0,0,0,0,1,29,43,2.67,77.43,1
Productora Gutierrez,93397258602,2025-Q3,125,31151778.09,28360383.18,2791394.91,11657571.97,46367533.0,5,4,356201.25,552140.07,71240.25,138035.0175,3,1,42,3,1,1,1,1,33,44,4.48,147.84,1
Productora Gutierrez,93397258602,2024-Q4,14,38960439.06,32803402.74,6157036.320000004,8180852.77,53205566.18,5,2,879203.92,246259.32,175840.784,123129.66,2,0,88,0,0,0,1,0,74,4,3.15,233.1,0
Tecnología Gutierrez,72654845722,2025-Q4,179,6930655.92,4849757.0,2080898.92,2243728.69,9541714.65,3,0,281207.52,0.0,93735.84000000001,0.0,0,0,0,2,0,1,0,1,51,32,4.42,225.42,1
Tecnología Gutierrez,72654845722,2024-Q3,170,13345972.3,8815400.9,4530571.4,1970140.7,18601437.57,2,0,329409.74,0.0,164704.87,0.0,0,0,0,1,0,0,0,1,45,5,1.75,78.75,1
Comercial García,33524858543,2024-Q4,59,4045891.6,2111187.79,1934703.81,825882.98,6055637.94,1,0,94233.11,0.0,94233.11,0.0,0,0,0,1,0,1,0,0,82,23,3.89,318.98,1
Comercial García,33524858543,2024-Q2,114,8586632.27,5700919.01,2885713.26,2123862.35,8712780.09,2,0,337503.44,0.0,168751.72,0.0,0,0,0,0,0,0,0,0,26,3,3.04,79.04,0
Comercial García,33524858543,2025-Q2,123,20795330.15,16898371.28,3896958.8699999973,3286257.5,22440204.4,4,0,409322.33,0.0,102330.5825,0.0,0,0,0,0,0,0,0,1,41,58,1.43,58.63,1
Productora García,19591108951,2024-Q4,153,40212800.18,22707324.23,17505475.95,13803786.72,39431617.76,3,2,581894.21,275306.93,193964.73666666666,137653.465,0,2,0,1,1,0,1,0,72,44,2.09,150.48,1
Productora García,19591108951,2024-Q3,198,43675919.21,34490934.0,9184985.21,3376115.39,58759820.36,5,5,810932.72,966682.68,162186.544,193336.53600000002,3,2,45,0,1,0,1,1,76,57,4.28,325.28,1
Productora García,19591108951,2025-Q1,93,29714378.3,26812816.29,2901562.0100000016,11861402.6,25750623.36,2,2,396015.73,285597.33,198007.865,142798.665,2,0,58,2,1,0,1,1,33,63,4.8,158.4,1
Productora García,19591108951,2024-Q2,131,6091170.87,3536412.46,2554758.41,1578713.01,6510516.58,4,4,346658.11,345525.5,86664.5275,86381.375,4,0,42,0,0,0,1,0,69,20,3.94,271.86,1
Grupo La Pampa,39697253083,2025-Q3,163,34598604.27,26766314.08,7832290.190000005,4325295.8,40986926.65,0,0,0.0,0.0,0.0,0.0,0,0,0,2,1,0,0,1,30,7,0.7,21.0,1
Grupo La Pampa,39697253083,2024-Q2,80,27299309.86,15388295.97,11911013.889999999,10162439.45,24909639.54,4,0,571161.28,0.0,142790.32,0.0,0,0,0,0,0,1,0,0,77,4,4.48,344.96,0
Grupo La Pampa,39697253083,2025-Q1,87,37476041.19,21950940.07,15525101.119999997,11214588.68,46310680.45,3,0,255898.85,0.0,85299.61666666667,0.0,0,0,0,3,1,1,0,1,60,22,3.17,190.2,0
Grupo Checo,73200034639,2025-Q1,48,49622257.17,27525818.76,22096438.41,8264878.72,43842537.32,5,0,542991.23,0.0,108598.246,0.0,0,0,0,0,0,0,0,1,86,35,3.26,280.36,1
Grupo Checo,73200034639,2025-Q4,12,46529746.17,33738838.93,12790907.240000002,22411487.42,62964890.62,2,0,244848.69,0.0,122424.345,0.0,0,0,0,1,0,0,0,1,64,49,1.02,65.28,1
Cooperativa Río Negro,73123345814,2025-Q1,99,17880817.71,14470609.37,3410208.3400000017,5259554.69,20392674.23,2,2,361409.46,257825.58,180704.73,128912.79,1,1,87,1,0,0,1,1,61,21,3.4,207.4,0
Cooperativa Río Negro,73123345814,2025-Q3,38,20502345.73,16605031.66,3897314.0700000003,9997512.56,21137365.69,3,3,394146.22,282838.58,131382.07333333333,94279.52666666667,0,3,0,2,1,1,1,1,52,23,0.74,38.48,1
Consultora Fernández,22321643190,2025-Q3,182,26189071.08,15819511.28,10369559.799999999,11048776.2,26378323.32,2,0,250372.14,0.0,125186.07,0.0,0,0,0,0,0,0,0,0,79,9,3.82,301.78,1
Consultora Fernández,22321643190,2024-Q3,131,18664219.85,11708123.91,6956095.940000001,5672943.62,25587691.26,4,4,479997.3,638977.84,119999.325,159744.46,3,1,70,3,1,1,1,1,63,22,1.39,87.57,0
Consultora Fernández,22321643190,2025-Q1,165,21959031.12,11492680.15,10466350.97,9144551.78,30016540.17,1,0,167715.12,0.0,167715.12,0.0,0,0,0,3,1,1,0,1,63,19,1.57,98.91,0
Consultora Fernández,22321643190,2024-Q2,103,42844282.56,38865454.46,3978828.1000000015,15842556.08,49922502.9,3,1,449915.84,151039.05,149971.94666666668,151039.05,1,0,77,2,1,1,1,0,24,28,4.44,106.56,1
Grupo Gómez,29604462395,2024-Q2,65,49229433.55,32810728.28,16418705.269999996,20339433.0,49220693.02,4,4,597475.12,565449.95,149368.78,141362.4875,2,2,81,1,1,0,1,1,45,9,0.55,24.75,1
Grupo Gómez,29604462395,2025-Q1,151,3867235.72,3040211.82,827023.9000000004,309113.11,3220502.25,5,4,441756.31,396951.17,88351.262,99237.7925,0,4,0,0,1,1,1,0,24,16,0.85,20.4,1
Grupo Gómez,29604462395,2024-Q4,127,21581678.25,17726451.55,3855226.6999999993,4157216.98,27004144.82,1,0,81386.02,0.0,81386.02,0.0,0,0,0,0,0,0,0,1,23,34,4.29,98.67,1
Consultora Salta,52428717835,2025-Q1,171,6530047.75,4460323.38,2069724.37,2826358.31,9130862.77,5,5,515517.58,911007.99,103103.516,182201.598,1,4,53,1,1,1,1,1,45,67,1.44,64.8,1
Consultora Salta,52428717835,2025-Q2,191,46287857.32,30234971.06,16052886.260000002,21389786.56,60850599.29,4,3,581006.98,468529.7,145251.745,156176.56666666668,2,1,44,0,0,0,1,1,45,53,2.17,97.65,1
Consultora Dondero,63647831219,2025-Q4,22,41455530.98,20738843.73,20716687.249999996,15655441.56,44117921.91,1,0,186719.63,0.0,186719.63,0.0,0,0,0,0,0,0,0,0,26,51,2.28,59.28,1
Consultora Dondero,63647831219,2024-Q1,28,47788781.35,25085555.82,22703225.53,11788501.49,49289249.79,4,0,399722.08,0.0,99930.52,0.0,0,0,0,0,1,0,0,0,26,44,0.55,14.3,1
Consultora Dondero,63647831219,2024-Q2,84,28119290.76,18116832.46,10002458.3,4299445.53,37155191.34,2,0,298733.12,0.0,149366.56,0.0,0,0,0,0,1,1,0,1,20,37,2.73,54.6,1
Grupo Mendoza,11632543267,2025-Q2,172,24634431.01,21744878.47,2889552.540000003,9517526.9,22149796.92,4,2,428374.84,165660.44,107093.71,82830.22,1,1,46,0,0,0,1,0,65,39,0.72,46.8,1
Grupo Mendoza,11632543267,2025-Q4,129,7057666.99,5290665.92,1767001.0700000003,1303811.81,7149202.52,3,1,243971.55,87059.94,81323.84999999999,87059.94,1,0,54,1,1,0,1,1,63,6,3.26,205.38,0
Distribuidora Gómez,95586114446,2025-Q2,101,25590470.37,20046652.29,5543818.080000002,5579424.04,23447294.05,3,0,579890.37,0.0,193296.79,0.0,0,0,0,1,0,0,0,1,52,32,3.68,191.36,1
Distribuidora Gómez,95586114446,2024-Q4,102,39233407.62,23032156.24,16201251.379999999,11372260.05,37673131.79,1,0,135516.28,0.0,135516.28,0.0,0,0,0,0,0,0,0,0,84,37,1.94,162.96,1
Distribuidora Gómez,95586114446,2025-Q3,69,24587287.75,18483349.59,6103938.16,7075156.7,31668263.69,1,0,112939.76,0.0,112939.76,0.0,0,0,0,2,1,0,0,1,40,53,1.63,65.2,1
Distribuidora Gómez,95586114446,2024-Q2,81,12894115.6,10046995.7,2847119.9000000004,1406483.36,18010734.61,0,0,0.0,0.0,0.0,0.0,0,0,0,2,0,1,0,1,76,59,2.36,179.36,1
Productora Santa Fe,90055389211,2024-Q2,157,1961999.08,1835091.31,126907.77000000002,227718.66,2737212.94,0,0,0.0,0.0,0.0,0.0,0,0,0,0,0,0,0,1,89,19,3.13,278.57,1
Productora Santa Fe,90055389211,2024-Q3,163,8877396.9,4867195.65,4010201.25,2990321.6,9766704.93,2,0,337456.03,0.0,168728.015,0.0,0,0,0,0,0,0,0,0,64,48,4.97,318.08,1
Productora Santa Fe,90055389211,2025-Q1,52,10568087.7,8205841.54,2362246.159999999,414026.25,8922491.58,2,0,220458.41,0.0,110229.205,0.0,0,0,0,1,1,1,0,1,54,35,2.45,132.3,1
Servicios Salta,61018291099,2025-Q4,7,12917836.36,8310322.91,4607513.449999999,3118307.56,15230620.46,1,1,92925.01,188166.23,92925.01,188166.23,0,1,0,2,1,0,1,1,68,46,3.09,210.12,1
Servicios Salta,61018291099,2025-Q3,198,48972594.47,30128896.27,18843698.2,6688361.83,66763071.44,0,0,0.0,0.0,0.0,0.0,0,0,0,1,1,0,0,0,60,42,3.59,215.4,1
Servicios Salta,61018291099,2024-Q2,24,6818116.28,4784749.94,2033366.3399999999,2304786.17,5789728.49,3,1,212962.71,109056.25,70987.56999999999,109056.25,1,0,74,0,0,1,1,0,54,37,4.89,264.06,1
Consultora Neuquén,79208444766,2025-Q2,74,47476949.84,40424879.48,7052070.360000007,5854127.12,46275774.88,3,2,536892.42,155440.9,178964.14,77720.45,0,2,0,0,0,1,1,1,39,37,2.79,108.81,1
Consultora Neuquén,79208444766,2024-Q2,106,34940184.54,33146595.0,1793589.539999999,5361997.54,47782979.1,1,1,119398.06,74385.4,119398.06,74385.4,1,0,64,1,1,0,1,1,53,59,3.51,186.03,1
Consultora Neuquén,79208444766,2025-Q3,174,38555425.59,24534697.89,14020727.700000003,14470287.35,36539476.79,1,0,77253.55,0.0,77253.55,0.0,0,0,0,2,0,1,0,1,77,39,4.37,336.49,1
Comercial Martínez,33744020008,2024-Q3,187,43710314.69,21969081.46,21741233.229999997,12179876.17,48857799.89,2,0,129508.41,0.0,64754.205,0.0,0,0,0,2,0,1,0,1,52,14,1.61,83.72,1
Comercial Martínez,33744020008,2025-Q1,87,35883504.86,28453384.59,7430120.27,9941210.19,35813865.73,1,0,178578.91,0.0,178578.91,0.0,0,0,0,1,1,1,0,0,37,1,3.91,144.67,1
Comercial Martínez,33744020008,2024-Q1,117,31363638.69,20721862.51,10641776.18,7939133.13,27089797.72,4,4,501979.13,690802.92,125494.7825,172700.73,1,3,81,1,1,0,1,0,49,25,1.51,73.99,1
Cooperativa La Pampa,82356720637,2025-Q4,164,36812836.62,19068513.83,17744322.79,2262230.14,36658167.15,5,1,600662.35,94977.65,120132.47,94977.65,1,0,81,0,1,0,1,1,75,19,2.75,206.25,0
Cooperativa La Pampa,82356720637,2024-Q4,196,15774707.77,11844948.82,3929758.9499999993,4518819.39,21966885.01,4,0,697956.87,0.0,174489.2175,0.0,0,0,0,2,0,1,0,1,76,55,2.73,207.48,1
Cooperativa La Pampa,82356720637,2024-Q1,34,9808150.25,7011065.6,2797084.6500000004,128955.8,11753586.23,5,4,777501.52,774120.83,155500.304,193530.2075,3,1,44,0,0,0,1,0,90,51,4.0,360.0,1
Cooperativa La Pampa,82356720637,2024-Q2,132,42017444.85,29553946.87,12463497.98,8910223.32,58055997.24,4,4,665422.34,722872.99,166355.585,180718.2475,4,0,90,1,0,1,1,0,72,33,1.99,143.28,1
Alimentos Santa Fe,55963302183,2024-Q1,140,20662711.95,19146861.09,1515850.8599999994,2021950.33,26007998.53,0,0,0.0,0.0,0.0,0.0,0,0,0,1,1,1,0,0,40,55,2.94,117.6,1
Alimentos Santa Fe,55963302183,2025-Q2,179,9564463.18,7666523.9,1897939.2799999993,1146545.53,13311975.13,4,2,321556.48,106234.48,80389.12,53117.24,1,1,80,2,1,0,1,1,29,25,4.63,134.27,1
Industrias Dondero,46817323323,2024-Q2,26,24688956.94,17841207.91,6847749.030000001,1055540.6,27275530.32,0,0,0.0,0.0,0.0,0.0,0,0,0,1,1,0,0,1,25,63,1.46,36.5,1
Industrias Dondero,46817323323,2024-Q4,138,25515697.71,22577145.15,2938552.5600000024,8844861.06,32901714.94,0,0,0.0,0.0,0.0,0.0,0,0,0,0,1,0,0,1,42,27,4.04,169.68,1
Industrias Dondero,46817323323,2024-Q3,159,6936613.21,5747266.44,1189346.7699999996,267902.99,8477356.76,2,2,103621.64,132551.29,51810.82,66275.645,1,1,62,0,0,0,1,0,47,58,1.78,83.66,1
Industrias Dondero,46817323323,2025-Q3,36,35485888.13,18068087.84,17417800.290000003,11065597.9,46527874.73,0,0,0.0,0.0,0.0,0.0,0,0,0,0,1,0,0,0,72,53,0.52,37.44,1
Distribuidora Fernández,61984980784,2024-Q3,87,5213895.76,4716775.7,497120.0599999996,1874837.52,7716559.81,1,0,95189.39,0.0,95189.39,0.0,0,0,0,0,0,0,0,1,56,20,1.18,66.08,0
Distribuidora Fernández,61984980784,2025-Q4,26,43758296.7,28917109.0,14841187.700000003,18358396.02,41687069.88,2,0,139566.86,0.0,69783.43,0.0,0,0,0,0,0,0,0,0,58,51,1.81,104.98,1
Distribuidora Fernández,61984980784,2025-Q2,130,14766010.69,8258797.18,6507213.51,3250419.9,12140753.86,2,0,398472.54,0.0,199236.27,0.0,0,0,0,1,0,0,0,1,69,1,1.45,100.05,1
Distribuidora Fernández,61984980784,2024-Q4,75,29590930.74,16870077.51,12720853.229999997,14749968.43,30695650.42,5,2,629676.29,382548.27,125935.258,191274.135,0,2,0,1,0,1,1,0,89,47,0.93,82.77,1
Productora Buenos Aires,60417596238,2025-Q2,188,18967093.73,16352864.92,2614228.8100000005,2291768.37,27850326.29,3,1,158118.89,92944.59,52706.29666666667,92944.59,1,0,50,0,0,0,1,0,74,20,0.52,38.48,1
Productora Buenos Aires,60417596238,2024-Q1,81,44662318.86,27003715.0,17658603.86,16904645.73,53893994.59,5,5,918057.05,668480.15,183611.41,133696.03,0,5,0,1,0,1,1,1,62,9,3.21,199.02,1
Distribuidora Paraná,39956697300,2025-Q3,184,8140068.56,4828976.85,3311091.71,496860.04,11058089.27,2,0,214703.49,0.0,107351.745,0.0,0,0,0,1,0,0,0,1,21,55,0.81,17.01,1
Distribuidora Paraná,39956697300,2024-Q1,86,18518225.39,11518832.77,6999392.620000001,191369.82,24972068.17,2,0,177342.44,0.0,88671.22,0.0,0,0,0,0,0,0,0,1,79,56,3.6,284.4,1
Distribuidora Paraná,39956697300,2025-Q1,42,21940170.88,12349507.63,9590663.249999998,4194298.43,31362965.86,5,4,813671.59,463461.19,162734.318,115865.2975,3,1,38,1,1,0,1,0,33,59,0.75,24.75,1
Comercial Pérez,30126166460,2024-Q4,63,27945246.35,14902320.73,13042925.620000001,3322144.65,29585513.78,5,0,692483.88,0.0,138496.776,0.0,0,0,0,2,0,1,0,1,78,7,0.83,64.74,1
Comercial Pérez,30126166460,2025-Q2,29,3740581.12,3529110.09,211471.03000000026,572808.88,4373887.99,3,0,329704.43,0.0,109901.47666666667,0.0,0,0,0,3,1,1,0,1,45,16,0.72,32.4,0
Comercial Pérez,30126166460,2025-Q3,148,14284146.79,12110220.69,2173926.0999999996,2235430.17,14834223.3,2,0,338309.5,0.0,169154.75,0.0,0,0,0,1,0,1,0,0,39,20,1.05,40.95,1
Comercial Pérez,30126166460,2025-Q1,96,15434899.36,10452858.47,4982040.889999999,323065.98,22460281.28,4,2,572355.89,379785.96,143088.9725,189892.98,0,2,0,2,0,1,1,1,31,45,1.08,33.48,1
Comercial García,14079632390,2025-Q4,52,44765944.17,22882547.31,21883396.860000003,13067605.47,39006082.12,4,3,751311.26,569227.01,187827.815,189742.33666666667,0,3,0,0,1,0,1,0,46,49,2.15,98.9,1
Comercial García,14079632390,2024-Q1,60,11413529.75,8608107.64,2805422.1099999994,2804412.63,16821240.24,4,2,681632.26,370540.48,170408.065,185270.24,2,0,35,1,1,1,1,0,82,36,0.7,57.4,1
Comercial García,14079632390,2025-Q3,100,34831190.65,25787908.87,9043281.779999997,17034655.23,48182708.85,0,0,0.0,0.0,0.0,0.0,0,0,0,0,1,1,0,0,34,69,4.08,138.72,1
Comercial García,14079632390,2024-Q2,133,21550823.68,12897892.0,8652931.68,4113610.86,22880623.58,3,0,426328.23,0.0,142109.41,0.0,0,0,0,0,0,0,0,0,84,59,3.35,281.4,1
Productora García,94524726862,2025-Q4,135,45487580.21,33648134.21,11839446.0,7278991.24,36749792.16,0,0,0.0,0.0,0.0,0.0,0,0,0,1,0,1,0,0,36,62,3.84,138.24,1
Productora García,94524726862,2024-Q2,149,16419097.59,12825228.48,3593869.1099999994,6182726.95,20466834.04,5,4,450041.22,463140.35,90008.24399999999,115785.0875,1,3,50,0,0,0,1,1,55,7,3.31,182.05,0
Productora García,94524726862,2024-Q3,58,12156897.34,8167322.66,3989574.6799999997,3232083.41,15825470.95,1,0,136364.35,0.0,136364.35,0.0,0,0,0,1,0,1,0,1,64,35,2.27,145.28,1
Comercial Gutierrez,50359190451,2025-Q3,60,45121664.31,34161698.76,10959965.550000004,1952470.2,51704059.66,0,0,0.0,0.0,0.0,0.0,0,0,0,1,0,0,0,1,68,41,1.6,108.8,1
Comercial Gutierrez,50359190451,2024-Q3,176,19325238.5,9921485.08,9403753.42,2604598.08,17014270.11,0,0,0.0,0.0,0.0,0.0,0,0,0,0,0,0,0,0,81,51,3.42,277.02,1
Alimentos La Pampa,11126933362,2025-Q1,82,13905852.62,11069463.99,2836388.629999999,5315139.86,15027513.22,5,0,731249.12,0.0,146249.824,0.0,0,0,0,2,1,1,0,1,53,32,3.01,159.53,1
Alimentos La Pampa,11126933362,2025-Q4,145,7628281.58,5523137.6,2105143.9800000004,1246690.78,8816957.8,3,0,388581.45,0.0,129527.15000000001,0.0,0,0,0,0,0,0,0,0,85,63,2.78,236.3,1
Alimentos La Pampa,11126933362,2024-Q3,148,9641224.58,8324618.84,1316605.7400000002,4256877.87,9548108.41,2,2,263999.47,323424.27,131999.735,161712.135,0,2,0,2,1,0,1,1,83,34,1.66,137.78,1
Alimentos La Pampa,11126933362,2024-Q1,108,47881100.59,33887441.87,13993658.720000006,20232979.03,52628127.74,3,0,305789.2,0.0,101929.73333333334,0.0,0,0,0,1,1,1,0,1,69,27,4.13,284.97,0
Consultora Dondero,45469719695,2024-Q1,70,32709041.5,28652739.13,4056302.370000001,6954886.65,44574062.33,2,0,156513.13,0.0,78256.565,0.0,0,0,0,0,0,0,0,0,30,16,1.57,47.1,0
Consultora Dondero,45469719695,2024-Q3,170,46833121.39,29634803.81,17198317.580000002,20006414.54,50048764.02,3,0,232032.91,0.0,77344.30333333333,0.0,0,0,0,1,1,0,0,1,42,22,2.61,109.62,0
Grupo Mendoza,49299555845,2025-Q2,161,4137353.79,3911903.57,225450.2200000002,1570818.57,5410689.82,5,3,254510.8,424554.35,50902.159999999996,141518.11666666667,1,2,37,1,0,1,1,1,29,38,1.28,37.12,1
Grupo Mendoza,49299555845,2024-Q4,30,26013326.97,16800614.27,9212712.7,508598.23,22203521.65,0,0,0.0,0.0,0.0,0.0,0,0,0,0,0,0,0,0,43,39,2.23,95.89,1
Grupo Mendoza,49299555845,2024-Q1,100,1698807.55,1537476.93,161330.6200000001,625334.58,1904505.34,4,1,246511.51,154749.61,61627.8775,154749.61,0,1,0,2,0,1,1,1,59,58,4.5,265.5,1
Grupo Mendoza,49299555845,2025-Q1,17,31447510.57,16510842.89,14936667.68,1639584.89,29011361.99,4,0,662657.46,0.0,165664.365,0.0,0,0,0,0,0,0,0,0,90,47,1.5,135.0,1
Tecnología Neuquén,42163552672,2024-Q4,29,41919449.55,37842331.08,4077118.469999999,1813259.48,58502815.97,1,0,167578.05,0.0,167578.05,0.0,0,0,0,1,0,1,0,0,46,49,2.32,106.72,1
Tecnología Neuquén,42163552672,2024-Q2,139,9055691.89,6095558.42,2960133.4700000007,3042682.68,7866354.74,2,0,152088.61,0.0,76044.305,0.0,0,0,0,1,1,0,0,0,51,30,1.24,63.24,1
Tecnología Neuquén,42163552672,2025-Q2,40,10149326.87,6180712.81,3968614.0599999996,2320195.29,14850876.65,0,0,0.0,0.0,0.0,0.0,0,0,0,0,0,0,0,0,81,11,1.15,93.15,1
Productora Buenos Aires,50445454221,2025-Q1,129,7338147.05,6071473.11,1266673.9399999995,2080996.84,9183383.95,5,0,864871.22,0.0,172974.244,0.0,0,0,0,1,0,1,0,1,29,30,4.01,116.29,1
Productora Buenos Aires,50445454221,2025-Q4,52,21610842.03,19095252.36,2515589.670000002,2513852.7,25858030.34,0,0,0.0,0.0,0.0,0.0,0,0,0,1,1,0,0,1,56,34,0.68,38.08,1
Industrias Fernández,54286864426,2025-Q3,178,28582738.18,25528192.17,3054546.009999998,1926095.33,34952160.86,3,3,360106.55,503840.63,120035.51666666666,167946.87666666668,2,1,33,0,1,0,1,0,55,45,2.69,147.95,1
Industrias Fernández,54286864426,2024-Q4,21,31472902.84,28166422.7,3306480.1400000006,6083609.45,29936737.2,1,1,184315.57,129338.9,184315.57,129338.9,0,1,0,0,0,0,1,1,60,47,4.6,276.0,1
Industrias Fernández,54286864426,2025-Q4,162,3063010.3,2896610.1,166400.19999999972,1310817.08,3191678.57,1,0,140714.64,0.0,140714.64,0.0,0,0,0,1,0,1,0,1,73,5,2.46,179.58,1
Industrias Fernández,54286864426,2024-Q2,50,14312746.99,8052659.74,6260087.25,3435861.87,18065787.08,2,2,165490.36,325387.48,82745.18,162693.74,1,1,69,0,1,0,1,0,82,33,1.18,96.76,1
Cooperativa Rosario,55886038106,2025-Q2,96,6801292.65,5744059.22,1057233.4300000006,2935936.16,9533608.7,3,0,373087.94,0.0,124362.64666666667,0.0,0,0,0,2,1,1,0,0,86,63,3.82,328.52,1
Cooperativa Rosario,55886038106,2024-Q3,77,5876138.05,3417108.58,2459029.4699999997,945011.93,5701423.46,3,3,487944.01,408690.01,162648.00333333333,136230.00333333333,0,3,0,0,0,1,1,0,56,35,2.72,152.32,1
Cooperativa Vargas,82225205087,2024-Q2,17,12142208.54,11283191.42,859017.1199999992,1662458.2,16220772.33,1,1,75466.76,75821.45,75466.76,75821.45,0,1,0,0,0,0,1,0,49,31,1.17,57.33,1
Cooperativa Vargas,82225205087,2025-Q1,183,38994584.55,31756026.28,7238558.269999996,3230785.27,39412260.97,4,4,328775.32,453989.24,82193.83,113497.31,4,0,80,1,0,1,1,0,56,13,4.29,240.24,1
Tecnología Mendoza,26234784719,2025-Q2,20,15164828.02,7931811.12,7233016.899999999,50006.97,13152305.33,4,2,336531.41,304269.11,84132.8525,152134.555,1,1,57,0,0,0,1,1,48,18,2.31,110.88,0
Tecnología Mendoza,26234784719,2025-Q4,24,44207092.39,41426496.29,2780596.1000000015,373851.57,63639875.87,2,0,259244.54,0.0,129622.27,0.0,0,0,0,1,0,1,0,1,72,3,2.03,146.16,0
Tecnología Mendoza,26234784719,2024-Q4,141,25341609.93,21839075.27,3502534.66,8672256.57,35904028.17,0,0,0.0,0.0,0.0,0.0,0,0,0,1,1,0,0,0,60,58,3.76,225.6,1
Tecnología Mendoza,26234784719,2025-Q3,128,17455530.98,9617839.24,7837691.74,3439463.51,19306909.78,1,0,197113.79,0.0,197113.79,0.0,0,0,0,0,0,0,0,0,43,10,1.26,54.18,1
Cooperativa Mendoza,61036187502,2025-Q4,143,17388957.2,16149319.91,1239637.289999999,4004865.6,19267107.72,1,0,95755.27,0.0,95755.27,0.0,0,0,0,0,1,0,0,0,88,2,1.93,169.84,1
Cooperativa Mendoza,61036187502,2025-Q2,137,42089929.71,32481093.05,9608836.66,2809723.81,60003689.64,1,1,63129.16,126515.89,63129.16,126515.89,1,0,76,1,1,1,1,0,35,62,2.27,79.45,1
Productora Neuquén,98239859093,2025-Q4,63,26544733.57,14781671.41,11763062.16,4662574.95,30140439.32,0,0,0.0,0.0,0.0,0.0,0,0,0,0,0,1,0,0,72,0,3.92,282.24,0
Productora Neuquén,98239859093,2025-Q3,160,7008378.81,3531305.04,3477073.7699999996,2465744.71,7155549.72,3,0,402485.31,0.0,134161.77,0.0,0,0,0,1,1,0,0,0,59,8,1.72,101.48,0
Grupo Sánchez,89043606489,2025-Q1,107,26083223.66,19298956.91,6784266.75,3664808.2,27493053.22,4,3,741856.46,466200.31,185464.115,155400.10333333333,0,3,0,0,0,0,1,1,57,68,4.48,255.36,1
Grupo Sánchez,89043606489,2024-Q3,83,27573686.08,14515547.05,13058139.029999997,4728043.56,38224319.75,2,2,243746.31,228460.62,121873.155,114230.31,0,2,0,2,1,1,1,0,74,18,4.44,328.56,0
Grupo Sánchez,89043606489,2025-Q4,177,7457612.04,5594042.5,1863569.54,2055105.98,10262972.0,1,0,64647.29,0.0,64647.29,0.0,0,0,0,0,1,0,0,1,40,56,4.82,192.8,1
Grupo Sánchez,89043606489,2024-Q1,82,37828854.08,35724008.76,2104845.3200000003,17824114.7,44896895.16,4,0,785737.79,0.0,196434.4475,0.0,0,0,0,0,0,0,0,0,30,7,3.05,91.5,1
Servicios Gutierrez,53971116378,2025-Q1,60,7012414.74,4709888.42,2302526.3200000003,2158716.08,8293783.49,3,1,312186.52,80810.91,104062.17333333334,80810.91,0,1,0,0,0,1,1,0,20,30,1.05,21.0,1
Servicios Gutierrez,53971116378,2025-Q4,169,31106638.82,24952705.39,6153933.43,11755593.22,29317003.85,5,4,992926.39,631005.03,198585.278,157751.2575,3,1,84,0,1,1,1,0,72,5,2.19,157.68,1
Comercial Paraná,73936875329,2024-Q3,40,21502234.75,15411740.46,6090494.289999999,1893420.09,32002707.21,4,3,429487.73,316304.08,107371.9325,105434.69333333334,1,2,34,0,1,1,1,1,28,48,3.27,91.56,1
Comercial Paraná,73936875329,2024-Q2,152,23610445.47,19634244.31,3976201.16,7639000.43,18889478.8,2,0,339459.27,0.0,169729.635,0.0,0,0,0,1,0,1,0,0,60,42,3.06,183.6,1
Tecnología Vargas,84567560119,2025-Q4,66,21051198.16,12223441.48,8827756.68,5042952.87,25270224.16,0,0,0.0,0.0,0.0,0.0,0,0,0,1,0,1,0,0,66,66,3.36,221.76,1
Tecnología Vargas,84567560119,2024-Q4,77,21994467.1,12972224.61,9022242.490000002,609376.71,28854779.22,2,2,273393.42,183302.6,136696.71,91651.3,1,1,33,0,1,1,1,0,59,6,3.06,180.54,1
Tecnología Vargas,84567560119,2024-Q2,68,34501046.43,27468745.82,7032300.609999999,5208661.68,46320275.69,4,1,337283.74,100189.98,84320.935,100189.98,0,1,0,0,1,0,1,1,65,25,4.79,311.35,0
Grupo Pérez,78395900737,2024-Q4,42,7513642.34,6521616.16,992026.1799999997,2889901.11,10912219.11,0,0,0.0,0.0,0.0,0.0,0,0,0,0,1,0,0,1,79,8,2.92,230.68,0
Grupo Pérez,78395900737,2025-Q3,143,33664141.44,18494104.4,15170037.04,12466432.69,28803891.26,1,1,174983.2,154730.43,174983.2,154730.43,1,0,86,1,0,1,1,0,21,46,1.58,33.18,1
Grupo Pérez,78395900737,2024-Q3,84,31769815.54,20485318.18,11284497.36,2331891.75,26885245.2,3,0,186010.53,0.0,62003.51,0.0,0,0,0,3,1,1,0,1,38,58,4.68,177.84,1
Alimentos Fernández,73927965864,2024-Q1,167,24656733.99,17046048.18,7610685.809999999,3186716.7,34017766.1,4,3,600924.25,214170.65,150231.0625,71390.21666666666,3,0,90,0,0,1,1,1,77,63,0.89,68.53,1
Alimentos Fernández,73927965864,2025-Q3,100,13162779.15,12397985.04,764794.1100000013,574504.45,16338739.64,3,0,193634.11,0.0,64544.70333333333,0.0,0,0,0,1,0,1,0,0,73,27,3.11,227.03,1
Alimentos Fernández,73927965864,2025-Q4,24,47004549.79,36946448.55,10058101.240000002,15186148.81,58262297.79,5,3,647351.61,560623.36,129470.322,186874.45333333334,2,1,70,0,0,0,1,1,80,9,4.49,359.2,1
Productora Mendoza,21453907697,2024-Q3,46,39130056.12,26622749.7,12507306.419999998,1073764.21,42569595.78,2,2,204901.08,388683.57,102450.54,194341.785,1,1,86,2,0,1,1,1,40,57,4.86,194.4,1
Productora Mendoza,21453907697,2025-Q1,83,7996845.23,6559779.88,1437065.3500000006,3621430.09,11882241.38,4,1,298068.3,180256.98,74517.075,180256.98,1,0,34,1,1,0,1,0,62,16,2.11,130.82,0
Productora Mendoza,21453907697,2024-Q2,123,48949821.28,32947049.93,16002771.350000001,2331703.96,45274653.67,0,0,0.0,0.0,0.0,0.0,0,0,0,2,1,0,0,1,48,65,3.14,150.72,1
Productora Mendoza,21453907697,2025-Q3,153,20829217.41,18827385.22,2001832.1900000013,2399594.91,17760965.43,4,0,521701.73,0.0,130425.4325,0.0,0,0,0,3,1,1,0,1,28,6,2.38,66.64,0
Servicios Checo,87841852800,2025-Q4,74,27849087.39,22796918.54,5052168.8500000015,7314194.65,41131670.97,1,0,199277.45,0.0,199277.45,0.0,0,0,0,1,0,1,0,1,65,22,2.4,156.0,1
Servicios Checo,87841852800,2024-Q4,194,6454909.74,6000754.05,454155.6900000004,2526230.28,9373157.47,2,1,318996.14,100749.12,159498.07,100749.12,0,1,0,1,0,1,1,1,54,39,2.8,151.2,1
Distribuidora Paraná,62297962312,2025-Q3,134,5129625.36,3121833.93,2007791.4300000002,1359463.57,7290811.29,2,0,342249.78,0.0,171124.89,0.0,0,0,0,0,1,0,0,0,36,55,4.17,150.12,1
Distribuidora Paraná,62297962312,2025-Q4,96,43712210.99,30636102.42,13076108.57,9616597.35,61172545.08,1,0,162174.9,0.0,162174.9,0.0,0,0,0,1,0,1,0,1,30,9,2.58,77.4,0
Distribuidora Paraná,62297962312,2025-Q1,134,5967247.2,5566718.5,400528.7000000002,625382.56,6880489.61,0,0,0.0,0.0,0.0,0.0,0,0,0,2,0,1,0,1,38,16,0.9,34.2,1
Alimentos Fernández,06086066583,2025-Q2,144,18693864.7,17441366.63,1252498.0700000003,6233555.74,17608888.45,4,0,647261.1,0.0,161815.275,0.0,0,0,0,0,1,0,0,0,32,50,1.16,37.12,1
Alimentos Fernández,06086066583,2025-Q3,191,8093720.74,6266061.2,1827659.54,231562.4,10797878.56,3,1,599802.4,143537.51,199934.13333333333,143537.51,0,1,0,0,0,1,1,1,37,44,4.54,167.98,1
Alimentos Fernández,06086066583,2024-Q4,153,12571639.94,10798700.78,1772939.1600000001,2956161.57,16891115.79,4,2,772212.65,307819.76,193053.1625,153909.88,2,0,52,0,1,1,1,0,79,33,1.98,156.42,1
Distribuidora Córdoba,77988315674,2024-Q4,70,25018845.6,18969225.99,6049619.610000003,144161.2,20630876.53,5,2,855290.79,150807.03,171058.158,75403.515,0,2,0,2,0,1,1,1,51,70,0.95,48.45,1
Distribuidora Córdoba,77988315674,2024-Q3,177,7603283.44,4366969.35,3236314.090000001,356140.18,7716691.16,3,3,294225.32,270163.13,98075.10666666667,90054.37666666666,0,3,0,0,1,0,1,1,83,41,4.98,413.34,1
Distribuidora Córdoba,77988315674,2025-Q3,174,42760105.85,40389228.28,2370877.5700000003,15672293.8,44267908.39,1,0,93251.75,0.0,93251.75,0.0,0,0,0,1,1,0,0,0,75,61,2.86,214.5,1
Distribuidora Córdoba,77988315674,2024-Q2,63,16510689.46,10291343.84,6219345.620000001,5822271.76,20411135.55,2,2,136904.31,214395.09,68452.155,107197.545,2,0,60,1,1,0,1,1,58,53,0.91,52.78,1
Comercial Vargas,26263079307,2024-Q4,5,8765838.67,5770733.17,2995105.5,1098122.05,9781849.01,2,0,204680.28,0.0,102340.14,0.0,0,0,0,2,1,1,0,0,70,37,4.07,284.9,1
Comercial Vargas,26263079307,2024-Q3,194,11880619.35,8459311.35,3421308.0,2728274.31,11568830.65,1,0,198722.89,0.0,198722.89,0.0,0,0,0,1,1,1,0,1,27,16,1.41,38.07,1
Industrias Río Negro,77671108107,2025-Q1,114,38674344.54,21570725.66,17103618.88,4083863.34,45302248.57,4,4,640100.18,770762.55,160025.045,192690.6375,3,1,81,0,0,0,1,0,69,67,3.44,237.36,1
Industrias Río Negro,77671108107,2024-Q2,165,10558076.72,7966532.36,2591544.3600000003,1946417.81,14049459.35,4,0,362895.68,0.0,90723.92,0.0,0,0,0,0,1,0,0,1,57,8,1.38,78.66,1
Productora Martínez,96152276224,2024-Q4,154,17881688.03,10566476.78,7315211.250000002,3669592.58,20440919.83,4,2,712842.3,389809.31,178210.575,194904.655,0,2,0,0,0,0,1,0,80,56,1.5,120.0,1
Productora Martínez,96152276224,2024-Q3,61,8098046.83,7668584.91,429461.9199999999,2731790.63,9646858.93,0,0,0.0,0.0,0.0,0.0,0,0,0,2,1,0,0,1,38,50,1.17,44.46,1
Productora Martínez,96152276224,2025-Q1,100,14522546.04,9947054.21,4575491.829999998,3186581.63,17724824.82,4,0,260413.1,0.0,65103.275,0.0,0,0,0,0,1,0,0,0,48,21,2.38,114.24,0
Productora Martínez,96152276224,2024-Q1,10,29033768.43,17178778.64,11854989.79,2352208.1,24204811.58,3,0,153853.11,0.0,51284.369999999995,0.0,0,0,0,1,0,1,0,0,79,21,3.22,254.38,0
Industrias Santa Fe,48159050260,2024-Q4,112,34729815.73,21600437.58,13129378.149999999,11798511.21,33727219.49,1,0,137322.21,0.0,137322.21,0.0,0,0,0,2,1,1,0,1,22,24,1.57,34.54,0
Industrias Santa Fe,48159050260,2025-Q2,61,29336497.68,17809293.79,11527203.89,10395956.07,29501147.11,0,0,0.0,0.0,0.0,0.0,0,0,0,0,1,0,0,0,76,17,1.91,145.16,1
Industrias Santa Fe,48159050260,2024-Q1,27,16775577.46,14554774.37,2220803.0900000017,3579314.1,22484801.54,4,1,242326.1,57848.52,60581.525,57848.52,1,0,60,1,1,0,1,0,67,32,3.6,241.2,1
Industrias Santa Fe,48159050260,2025-Q4,41,29150168.16,19557615.99,9592552.170000002,2048273.87,29877601.79,4,1,259814.31,149728.37,64953.5775,149728.37,0,1,0,3,1,1,1,1,41,67,4.82,197.62,1
Consultora Checo,39240910420,2025-Q4,200,17994671.2,16394437.38,1600233.8199999984,5571370.39,19269234.77,3,0,488448.25,0.0,162816.08333333334,0.0,0,0,0,0,1,0,0,1,54,60,0.96,51.84,1
Consultora Checo,39240910420,2024-Q2,109,37043830.82,19718343.46,17325487.36,17882703.94,34252196.18,1,1,198919.37,182838.78,198919.37,182838.78,0,1,0,0,1,0,1,1,49,7,4.58,224.42,0
Consultora Checo,39240910420,2024-Q4,92,13311249.98,10129638.1,3181611.880000001,6046864.06,17990938.45,0,0,0.0,0.0,0.0,0.0,0,0,0,0,0,0,0,0,22,44,0.68,14.96,1
Cooperativa Mendoza,31042326610,2025-Q3,91,20399250.34,10597701.51,9801548.83,5513750.66,22454065.41,4,0,713198.68,0.0,178299.67,0.0,0,0,0,1,0,0,0,1,64,46,1.17,74.88,1
Cooperativa Mendoza,31042326610,2024-Q3,164,14843464.96,8643213.61,6200251.3500000015,5315020.42,19458235.61,4,2,768992.64,245724.14,192248.16,122862.07,1,1,79,0,0,0,1,0,48,52,3.46,166.08,1
Industrias Santa Fe,05841321710,2025-Q3,182,39102983.52,36787797.98,2315185.5400000066,15688798.63,37149156.53,0,0,0.0,0.0,0.0,0.0,0,0,0,0,0,0,0,1,46,22,4.09,188.14,1
Industrias Santa Fe,05841321710,2024-Q1,58,38614384.76,30469263.59,8145121.169999998,8749266.68,52141897.08,3,0,517962.52,0.0,172654.17333333334,0.0,0,0,0,0,1,0,0,1,59,15,2.53,149.27,1
Distribuidora Neuquén,36543778005,2025-Q2,115,21308547.68,18877310.34,2431237.34,2476403.52,18238327.28,5,2,927793.01,135052.78,185558.602,67526.39,1,1,79,1,1,0,1,1,86,58,1.12,96.32,1
Distribuidora Neuquén,36543778005,2025-Q3,64,13746286.66,6934029.68,6812256.98,5060690.91,17771301.61,3,1,401909.1,188313.84,133969.69999999998,188313.84,0,1,0,0,1,1,1,1,44,57,3.06,134.64,1
Distribuidora Neuquén,36543778005,2025-Q4,43,40310510.07,29461392.7,10849117.370000001,4144046.53,43077178.05,0,0,0.0,0.0,0.0,0.0,0,0,0,0,1,0,0,0,28,28,3.41,95.48,1
Tecnología Salta,46301706734,2024-Q2,139,41796793.09,25509816.34,16286976.750000004,4002737.79,37819214.53,3,1,190252.04,155210.16,63417.34666666667,155210.16,0,1,0,1,0,1,1,0,41,17,4.38,179.58,1
Tecnología Salta,46301706734,2024-Q3,147,29379770.37,24051095.96,5328674.41,4392862.62,33678171.73,3,1,316822.34,57571.4,105607.44666666667,57571.4,1,0,75,0,1,1,1,0,87,0,2.52,219.24,0
Distribuidora Checo,77413559814,2024-Q3,179,14002390.96,8588687.8,5413703.16,1151287.83,19829637.1,5,1,696348.14,127722.91,139269.628,127722.91,0,1,0,0,1,0,1,0,21,49,4.09,85.89,1
Distribuidora Checo,77413559814,2024-Q1,176,38251563.02,20212929.35,18038633.67,8553857.24,43050883.07,5,2,359921.36,352505.7,71984.272,176252.85,2,0,56,0,1,1,1,0,35,44,3.92,137.2,1
Distribuidora Checo,77413559814,2025-Q2,40,31676314.44,27390841.88,4285472.560000002,4205693.77,35281908.35,4,1,732482.95,158673.28,183120.7375,158673.28,1,0,62,0,0,0,1,0,56,43,1.35,75.6,1
Cooperativa Gutierrez,94347518646,2025-Q2,150,41771064.27,36564436.82,5206627.450000003,2857130.93,61988803.53,1,0,100378.82,0.0,100378.82,0.0,0,0,0,1,0,1,0,1,20,6,2.36,47.2,0
Cooperativa Gutierrez,94347518646,2024-Q2,167,49093375.29,26729154.52,22364220.77,21320770.31,68573589.93,1,0,178534.78,0.0,178534.78,0.0,0,0,0,1,0,1,0,1,79,34,3.16,249.64,1
Cooperativa Gutierrez,94347518646,2024-Q1,190,8229837.13,6449655.43,1780181.7000000002,2109602.05,11403807.21,0,0,0.0,0.0,0.0,0.0,0,0,0,0,0,0,0,0,84,14,4.77,400.68,0
Cooperativa Gutierrez,94347518646,2025-Q1,52,11468732.33,5979880.86,5488851.47,5555792.34,9504564.28,2,0,372780.32,0.0,186390.16,0.0,0,0,0,0,0,0,0,1,74,21,4.97,367.78,0
Cooperativa Buenos Aires,92237540991,2025-Q3,65,31839850.7,24858799.94,6981050.759999998,9107529.37,28929788.89,3,0,462120.54,0.0,154040.18,0.0,0,0,0,0,0,1,0,0,26,14,2.49,64.74,0
Cooperativa Buenos Aires,92237540991,2024-Q4,142,30383428.2,28213924.19,2169504.009999998,4811667.35,28538082.79,5,1,370956.57,85033.92,74191.314,85033.92,0,1,0,1,0,0,1,1,22,27,3.99,87.78,0
Cooperativa Rodríguez,06045723421,2025-Q3,190,4915412.94,3894095.78,1021317.1600000006,1751032.83,4442166.47,4,1,794617.7,199372.75,198654.425,199372.75,0,1,0,1,0,0,1,1,85,56,4.56,387.6,1
Cooperativa Rodríguez,06045723421,2025-Q2,57,9104925.45,7248662.19,1856263.2599999988,2831629.0,13464864.49,0,0,0.0,0.0,0.0,0.0,0,0,0,3,1,1,0,1,88,60,3.84,337.92,1
Cooperativa Rodríguez,06045723421,2025-Q4,38,9943967.46,5443486.58,4500480.880000001,4609281.39,14568897.84,3,0,530082.64,0.0,176694.21333333335,0.0,0,0,0,2,1,1,0,0,90,63,4.48,403.2,1
Tecnología Santa Fe,21194216683,2024-Q4,190,47256947.5,35131266.04,12125681.46,17077796.98,52402263.67,4,3,498707.21,314238.07,124676.8025,104746.02333333333,0,3,0,1,1,1,1,0,49,4,1.39,68.11,1
Tecnología Santa Fe,21194216683,2025-Q3,107,45954575.1,33121616.73,12832958.370000001,15581034.69,41383164.79,1,0,151465.67,0.0,151465.67,0.0,0,0,0,0,1,1,0,0,83,9,2.82,234.06,1
Tecnología Santa Fe,21194216683,2024-Q2,78,3372496.74,2333296.16,1039200.5800000001,334615.16,4156162.64,1,0,131377.18,0.0,131377.18,0.0,0,0,0,2,0,1,0,1,60,34,2.9,174.0,1
Distribuidora Gómez,02244176192,2025-Q2,176,28115362.79,17271928.49,10843434.3,28187.89,31916794.87,2,2,297347.76,166244.13,148673.88,83122.065,1,1,52,1,1,1,1,0,80,43,2.72,217.6,1
Distribuidora Gómez,02244176192,2025-Q3,155,19435584.47,18034442.64,1401141.8299999982,8520093.12,25731777.82,2,2,370876.28,271492.28,185438.14,135746.14,0,2,0,1,1,0,1,0,71,64,0.84,59.64,1
Distribuidora Gómez,02244176192,2025-Q4,38,24780023.31,20254398.42,4525624.889999997,5783414.98,35893880.47,1,0,194048.73,0.0,194048.73,0.0,0,0,0,1,1,0,0,0,53,61,2.9,153.7,1
Distribuidora Gómez,02244176192,2024-Q3,21,28852072.17,25329691.54,3522380.6300000027,3007122.12,28376194.18,3,0,305928.4,0.0,101976.13333333335,0.0,0,0,0,0,1,0,0,0,80,20,2.38,190.4,1
Comercial Río Negro,85597104432,2024-Q4,26,46613395.07,41650173.03,4963222.039999999,2765535.95,55969516.46,3,0,590005.8,0.0,196668.6,0.0,0,0,0,1,1,0,0,1,50,45,2.22,111.0,1
Comercial Río Negro,85597104432,2025-Q4,162,33881755.55,31814739.26,2067016.2899999954,13410922.65,47729364.52,2,0,103040.34,0.0,51520.17,0.0,0,0,0,0,1,0,0,0,39,41,1.15,44.85,1
Grupo Pérez,84268271115,2024-Q3,185,8364948.48,5446743.88,2918204.6000000006,22041.98,12452545.86,2,2,322954.94,217518.44,161477.47,108759.22,0,2,0,1,1,0,1,0,77,28,4.3,331.1,1
Grupo Pérez,84268271115,2024-Q4,61,15245429.76,10277771.97,4967657.789999999,5127122.68,12399729.36,0,0,0.0,0.0,0.0,0.0,0,0,0,1,1,1,0,0,89,57,3.56,316.84,1
Grupo Pérez,84268271115,2025-Q1,59,49672236.23,38461762.05,11210474.18,9281051.47,69258121.64,1,0,146357.04,0.0,146357.04,0.0,0,0,0,0,1,0,0,0,26,39,1.03,26.78,1
Industrias Córdoba,48992011865,2025-Q4,27,5326115.73,3420686.36,1905429.3700000006,865852.9,4315653.43,1,0,85828.14,0.0,85828.14,0.0,0,0,0,1,0,1,0,0,88,26,2.19,192.72,1
Industrias Córdoba,48992011865,2025-Q2,19,48372710.68,25235577.04,23137133.64,22420065.4,61828645.01,2,0,262905.55,0.0,131452.775,0.0,0,0,0,1,0,1,0,1,41,42,4.71,193.11,1
Industrias Córdoba,48992011865,2024-Q3,199,16325017.33,13471738.57,2853278.76,6303703.98,14134408.93,2,0,166616.25,0.0,83308.125,0.0,0,0,0,1,0,0,0,1,21,25,2.11,44.31,1
Industrias Córdoba,48992011865,2025-Q1,192,21932052.63,17215622.9,4716429.73,1386573.23,18902067.99,4,0,270821.41,0.0,67705.3525,0.0,0,0,0,2,1,1,0,0,46,38,1.82,83.72,1
Consultora Gutierrez,80732037748,2024-Q1,191,4728935.95,4311082.91,417853.04000000004,454045.68,6004979.8,5,2,503503.71,255067.86,100700.742,127533.93,0,2,0,0,0,1,1,1,35,3,0.62,21.7,0
Consultora Gutierrez,80732037748,2024-Q2,90,7574672.97,7048229.74,526443.2299999995,2115332.69,9501339.78,2,1,351803.92,67195.0,175901.96,67195.0,0,1,0,0,1,0,1,1,71,40,4.01,284.71,1
Consultora Gutierrez,80732037748,2025-Q2,81,46619803.88,29236556.34,17383247.540000003,1907841.09,38326470.43,4,3,378990.55,344239.32,94747.6375,114746.44,0,3,0,0,0,1,1,1,34,65,0.74,25.16,1
Consultora Gutierrez,80732037748,2024-Q4,25,6170196.69,4070262.88,2099933.8100000005,1970523.81,9219396.05,0,0,0.0,0.0,0.0,0.0,0,0,0,2,0,1,0,1,53,32,2.61,138.33,1
Industrias Martínez,88802201970,2025-Q4,67,3844409.82,2787974.02,1056435.7999999998,389481.27,5571568.57,1,0,79320.04,0.0,79320.04,0.0,0,0,0,0,1,0,0,0,55,65,1.18,64.9,1
Industrias Martínez,88802201970,2025-Q3,162,8545626.31,4784249.74,3761376.5700000003,2995334.24,7415537.92,2,0,322370.0,0.0,161185.0,0.0,0,0,0,0,1,1,0,1,40,20,3.85,154.0,0
Grupo Dondero,03459206431,2025-Q1,16,1730625.12,1364424.19,366200.93000000017,170887.37,1884044.23,2,0,114302.69,0.0,57151.345,0.0,0,0,0,1,0,1,0,0,40,43,3.23,129.2,1
Grupo Dondero,03459206431,2025-Q3,78,42888371.05,26388256.42,16500114.629999995,619070.63,55133617.1,3,0,247258.6,0.0,82419.53333333334,0.0,0,0,0,0,1,0,0,0,41,52,2.29,93.89,1
Grupo Dondero,03459206431,2024-Q3,137,14293362.72,10536885.06,3756477.66,2495574.88,13027674.38,4,1,234497.74,108752.55,58624.435,108752.55,1,0,72,2,1,0,1,1,61,19,4.51,275.11,0
Grupo Dondero,03459206431,2025-Q4,15,30645253.31,29058558.61,1586694.6999999993,10805680.73,35978734.58,4,1,298813.3,191006.48,74703.325,191006.48,0,1,0,1,1,1,1,1,65,23,3.51,228.15,1
Distribuidora Río Negro,66954831478,2025-Q2,162,22092481.76,17131685.36,4960796.400000002,7548131.99,33131104.54,3,1,216040.43,142046.79,72013.47666666667,142046.79,1,0,61,1,0,0,1,1,21,18,4.37,91.77,0
Distribuidora Río Negro,66954831478,2024-Q1,99,3827589.41,2708223.26,1119366.1500000004,1095588.18,5152171.37,0,0,0.0,0.0,0.0,0.0,0,0,0,2,0,1,0,1,35,37,4.87,170.45,1
Distribuidora Río Negro,66954831478,2024-Q2,179,24485423.15,23097085.29,1388337.8599999994,1210757.98,32015782.6,2,0,288246.87,0.0,144123.435,0.0,0,0,0,0,0,1,0,1,31,60,3.07,95.17,1
Distribuidora Río Negro,66954831478,2025-Q1,177,48053636.91,44971972.96,3081663.9499999955,21463751.09,60387611.07,5,5,937218.93,847515.99,187443.78600000002,169503.198,5,0,66,0,0,0,1,0,89,0,3.51,312.39,0
Grupo Córdoba,82043953778,2024-Q1,131,2288989.48,2138491.96,150497.52000000002,1024680.42,2703746.05,4,2,795552.44,241321.23,198888.11,120660.615,1,1,64,1,1,0,1,0,46,31,2.99,137.54,1
Grupo Córdoba,82043953778,2024-Q2,59,39771559.57,24007880.96,15763678.61,15430053.02,46016138.13,2,0,360510.94,0.0,180255.47,0.0,0,0,0,0,1,1,0,1,71,59,3.65,259.15,1
Grupo Córdoba,82043953778,2025-Q3,188,39925775.91,23510479.94,16415295.969999995,17901285.11,56046468.38,3,0,598843.86,0.0,199614.62,0.0,0,0,0,2,1,1,0,0,47,1,0.52,24.44,0
Alimentos Córdoba,58318780206,2024-Q1,115,5338591.46,4152545.36,1186046.1,1064542.43,6650271.36,0,0,0.0,0.0,0.0,0.0,0,0,0,0,1,0,0,1,34,17,1.97,66.98,1
Alimentos Córdoba,58318780206,2024-Q3,67,27523863.58,19970858.49,7553005.09,482628.08,30605292.6,2,2,369551.82,290251.42,184775.91,145125.71,1,1,35,0,0,0,1,1,69,14,1.02,70.38,0
Alimentos Córdoba,58318780206,2025-Q3,53,33597043.32,22003016.47,11594026.850000001,16626277.08,41660265.39,2,2,367087.93,308792.2,183543.965,154396.1,1,1,90,1,0,1,1,0,49,54,4.75,232.75,1
Alimentos Córdoba,58318780206,2025-Q4,105,18685622.54,14954034.17,3731588.369999999,4931822.73,19868634.18,0,0,0.0,0.0,0.0,0.0,0,0,0,1,1,0,0,0,29,0,0.53,15.37,0
Servicios Dondero,03665880013,2024-Q3,67,22288638.93,19138396.72,3150242.210000001,9247549.42,17885744.96,5,1,750511.7,158341.72,150102.34,158341.72,0,1,0,0,0,0,1,0,41,14,2.68,109.88,0
Servicios Dondero,03665880013,2025-Q3,145,5569775.59,4216121.32,1353654.2699999996,161895.25,4584284.34,2,0,116661.13,0.0,58330.565,0.0,0,0,0,0,0,0,0,1,65,25,0.61,39.65,1
Cooperativa García,33699791296,2025-Q1,30,3315841.84,2072230.08,1243611.7599999998,231608.2,3416915.26,1,0,115866.97,0.0,115866.97,0.0,0,0,0,0,0,1,0,0,78,8,1.97,153.66,1
Cooperativa García,33699791296,2025-Q2,174,17176229.47,12467632.46,4708597.009999998,462565.48,20265195.28,4,3,601480.77,188885.58,150370.1925,62961.85999999999,1,2,62,0,0,1,1,1,24,35,0.99,23.76,1
Cooperativa García,33699791296,2024-Q2,73,36317443.42,26409162.23,9908281.190000001,2043487.02,51616942.92,3,2,223247.57,377330.15,74415.85666666667,188665.075,2,0,54,0,1,0,1,0,57,14,4.53,258.21,1
Cooperativa García,33699791296,2024-Q1,191,44401936.7,34194314.61,10207622.090000004,12632115.39,40481893.09,2,1,369404.59,195151.35,184702.295,195151.35,1,0,69,1,0,1,1,0,79,43,1.57,124.03,1
Industrias Martínez,21884153210,2025-Q3,95,3782488.33,2880679.92,901808.4100000001,882458.37,4400982.21,1,0,92670.02,0.0,92670.02,0.0,0,0,0,2,1,0,0,1,45,64,1.15,51.75,1
Industrias Martínez,21884153210,2025-Q1,138,22896204.47,20503820.0,2392384.469999999,7786362.72,21018083.79,4,3,229160.29,510945.86,57290.0725,170315.28666666665,1,2,77,0,0,0,1,0,71,49,1.48,105.08,1
Industrias Martínez,21884153210,2025-Q2,163,36488414.53,31056732.38,5431682.150000002,9670948.43,52941762.15,5,1,547943.85,112220.9,109588.76999999999,112220.9,1,0,36,1,1,0,1,0,77,47,0.96,73.92,1
Industrias Martínez,21884153210,2024-Q1,83,22921652.45,16112603.64,6809048.809999999,3261377.16,23834711.38,0,0,0.0,0.0,0.0,0.0,0,0,0,1,0,0,0,1,69,60,4.14,285.66,1
Consultora Sánchez,94630380413,2025-Q1,144,17294251.48,9255493.99,8038757.49,2100736.99,21983011.11,5,4,837230.16,509782.94,167446.032,127445.735,4,0,54,0,0,0,1,0,57,54,4.57,260.49,1
Consultora Sánchez,94630380413,2025-Q2,26,13290185.94,10710507.82,2579678.119999999,1669523.24,19521796.57,4,1,264721.83,101022.23,66180.4575,101022.23,0,1,0,0,1,1,1,0,90,27,1.4,126.0,1
Consultora Sánchez,94630380413,2024-Q1,130,34010731.81,20508350.29,13502381.520000003,7399353.32,36926136.42,1,0,153701.1,0.0,153701.1,0.0,0,0,0,1,0,0,0,1,43,59,4.8,206.4,1
Distribuidora Córdoba,26125928181,2025-Q3,17,8242343.65,7122046.84,1120296.8100000005,376342.68,11756760.94,2,0,310055.3,0.0,155027.65,0.0,0,0,0,0,0,0,0,0,34,20,1.78,60.52,1
Distribuidora Córdoba,26125928181,2024-Q2,137,27071284.51,22389551.89,4681732.620000001,6209818.13,30083813.14,5,1,641820.22,54616.48,128364.044,54616.48,1,0,76,2,0,1,1,1,43,58,1.71,73.53,1
Distribuidora Córdoba,26125928181,2024-Q4,163,47659879.01,44472453.27,3187425.7399999946,17890957.93,53384379.02,1,1,197045.18,153275.44,197045.18,153275.44,0,1,0,1,0,1,1,0,69,70,0.52,35.88,1
Grupo Gómez,53991328270,2025-Q4,170,40267731.01,28947241.76,11320489.249999996,8143966.51,56479248.46,2,0,206715.86,0.0,103357.93,0.0,0,0,0,2,0,1,0,1,34,37,3.54,120.36,1
Grupo Gómez,53991328270,2024-Q1,5,35183230.3,19003453.75,16179776.549999997,6964404.32,30852722.62,0,0,0.0,0.0,0.0,0.0,0,0,0,1,0,0,0,1,41,29,4.62,189.42,1
Grupo Gómez,53991328270,2024-Q2,10,21937083.93,16003026.63,5934057.299999999,1143058.19,21076738.57,1,0,73230.69,0.0,73230.69,0.0,0,0,0,0,1,1,0,0,74,60,3.7,273.8,1
Grupo Gómez,53991328270,2025-Q1,171,33983124.32,29795740.26,4187384.0599999987,5300608.41,29487853.84,3,1,543050.52,96525.36,181016.84,96525.36,1,0,76,0,1,0,1,0,78,55,1.76,137.28,1
Productora López,69186405653,2024-Q3,98,13300705.82,8351440.73,4949265.09,424284.63,18213117.72,0,0,0.0,0.0,0.0,0.0,0,0,0,1,0,0,0,1,60,55,1.63,97.8,1
Productora López,69186405653,2025-Q3,77,43745893.78,31384657.34,12361236.440000001,13136723.51,63136898.86,2,2,111979.04,362898.46,55989.52,181449.23,0,2,0,2,1,1,1,0,57,24,4.66,265.62,0
Productora López,69186405653,2024-Q4,174,6894921.82,4272992.81,2621929.0100000007,328832.62,7881136.31,1,0,108221.15,0.0,108221.15,0.0,0,0,0,1,1,0,0,1,63,24,1.46,91.98,1
Productora López,69186405653,2024-Q1,85,21511566.64,12696429.15,8815137.49,6967463.79,21075927.33,1,0,106544.45,0.0,106544.45,0.0,0,0,0,0,0,1,0,0,75,35,1.61,120.75,1
Comercial Río Negro,94117584945,2025-Q4,42,26946646.69,17734654.82,9211991.870000001,6514768.81,35015316.14,0,0,0.0,0.0,0.0,0.0,0,0,0,0,0,0,0,0,28,13,2.52,70.56,1
Comercial Río Negro,94117584945,2024-Q4,139,30866963.12,26018186.31,4848776.810000002,12166295.21,42595313.29,5,4,469383.0,396370.24,93876.6,99092.56,1,3,34,0,0,0,1,0,36,18,2.26,81.36,0
Alimentos Checo,37868757400,2024-Q3,175,28712578.98,15852942.17,12859636.81,10986618.05,41375702.01,2,2,391009.46,145632.91,195504.73,72816.455,1,1,51,0,1,1,1,0,50,33,1.81,90.5,1
Alimentos Checo,37868757400,2024-Q2,12,25290417.0,23312977.2,1977439.8000000007,4369388.02,25198061.47,1,1,140005.39,149300.46,140005.39,149300.46,1,0,59,0,1,1,1,1,41,7,1.69,69.29,0
Alimentos Checo,37868757400,2025-Q2,52,9643376.46,5610887.51,4032488.950000001,2539718.36,8839390.82,5,1,908918.05,136611.91,181783.61000000002,136611.91,1,0,54,0,0,1,1,0,20,39,2.79,55.8,1
Productora Paraná,23746667111,2024-Q3,16,4695990.43,3612465.36,1083525.0699999998,1585841.58,4321528.34,4,4,683225.94,641049.04,170806.485,160262.26,0,4,0,0,0,0,1,0,26,61,1.97,51.22,1
Productora Paraná,23746667111,2024-Q4,7,8702372.83,5046056.27,3656316.5600000005,4177400.2,10495916.97,3,2,260828.35,325168.82,86942.78333333334,162584.41,2,0,52,2,1,1,1,0,82,52,1.81,148.42,1
Comercial Dondero,60817808425,2025-Q3,186,1620819.11,1178227.04,442592.07000000007,483544.67,2003958.14,1,0,86563.55,0.0,86563.55,0.0,0,0,0,1,0,1,0,1,69,10,3.5,241.5,1
Comercial Dondero,60817808425,2025-Q4,182,44571293.6,37220549.48,7350744.120000005,15517748.17,63225972.05,3,3,327157.64,521416.45,109052.54666666668,173805.48333333334,1,2,89,1,1,0,1,0,84,36,3.56,299.04,1
Comercial Dondero,60817808425,2024-Q1,6,27662028.04,22016596.56,5645431.48,3097409.72,36473952.16,5,4,801445.57,402083.95,160289.114,100520.9875,0,4,0,0,1,1,1,0,33,35,2.86,94.38,1
Comercial Dondero,60817808425,2024-Q3,109,11040329.95,8908246.42,2132083.5299999993,1574081.35,15633298.95,5,2,881017.98,285783.41,176203.596,142891.705,1,1,61,0,1,0,1,0,42,8,2.27,95.34,0
Productora Rosario,13252769888,2025-Q2,142,18819288.05,14357479.36,4461808.690000001,3842822.75,19170536.76,5,3,861522.79,540293.76,172304.55800000002,180097.92,1,2,89,2,1,0,1,1,65,46,4.99,324.35,1
Productora Rosario,13252769888,2025-Q4,69,30753683.46,18628890.54,12124792.920000002,4496139.41,42160599.24,1,0,81134.9,0.0,81134.9,0.0,0,0,0,1,0,0,0,1,38,67,3.1,117.8,1
Productora Rosario,13252769888,2024-Q3,89,32266685.36,29177727.06,3088958.3000000007,14807772.41,42110693.24,3,0,578038.93,0.0,192679.64333333334,0.0,0,0,0,1,1,0,0,1,90,59,4.83,434.7,1
Productora Rosario,13252769888,2025-Q1,53,37579710.86,34816929.14,2762781.719999999,10924508.18,53025766.48,2,0,372457.42,0.0,186228.71,0.0,0,0,0,0,0,1,0,0,82,44,2.89,236.98,1
Cooperativa Neuquén,75399497647,2025-Q3,86,33259635.88,29464621.83,3795014.0500000007,4649819.94,29055512.75,3,1,239231.16,146127.13,79743.72,146127.13,0,1,0,1,1,0,1,0,46,49,0.7,32.2,1
Cooperativa Neuquén,75399497647,2025-Q1,96,2111767.74,1923461.52,188306.2200000002,916880.08,2430101.86,2,2,108904.05,103701.21,54452.025,51850.605,0,2,0,1,0,1,1,0,71,60,3.44,244.24,1
Alimentos Rosario,36461899773,2024-Q4,47,10531599.67,8742794.47,1788805.1999999993,4926337.39,11387590.05,1,0,100793.35,0.0,100793.35,0.0,0,0,0,1,0,1,0,0,23,42,1.19,27.37,1
Alimentos Rosario,36461899773,2025-Q4,5,3954851.89,2057811.17,1897040.7200000002,68582.55,5165002.96,0,0,0.0,0.0,0.0,0.0,0,0,0,0,0,0,0,0,43,32,0.88,37.84,1
Alimentos Rosario,36461899773,2024-Q3,122,4157919.73,2576586.57,1581333.1600000001,198664.18,4399506.42,2,2,394739.58,249018.03,197369.79,124509.015,0,2,0,1,0,1,1,0,82,11,1.68,137.76,1
Productora Neuquén,41480821220,2024-Q3,38,8154956.92,5579616.79,2575340.13,3847873.47,9865166.12,1,1,161846.31,173471.98,161846.31,173471.98,0,1,0,0,0,0,1,0,90,57,2.95,265.5,1
Productora Neuquén,41480821220,2025-Q3,19,24971034.39,16858310.43,8112723.960000001,8489527.41,24878920.74,1,0,156942.77,0.0,156942.77,0.0,0,0,0,0,1,0,0,0,37,44,1.43,52.91,1
Productora Neuquén,41480821220,2024-Q2,151,9319029.64,4722644.29,4596385.350000001,2516529.91,8083970.51,0,0,0.0,0.0,0.0,0.0,0,0,0,0,0,1,0,1,75,7,3.94,295.5,0
Alimentos Fernández,23434287975,2024-Q3,154,43590854.88,28437523.94,15153330.940000001,13037824.66,38222452.79,5,2,888750.56,262067.1,177750.11200000002,131033.55,1,1,56,2,1,0,1,1,90,7,2.31,207.9,0
Alimentos Fernández,23434287975,2025-Q4,78,30269763.2,28242508.04,2027255.1600000001,4216541.6,26772272.58,4,0,715463.88,0.0,178865.97,0.0,0,0,0,1,1,0,0,0,67,61,2.08,139.36,1
Alimentos Vargas,10039496593,2025-Q2,29,6672855.86,5340433.19,1332422.67,2871033.02,9306296.4,3,2,579657.92,276819.28,193219.30666666667,138409.64,2,0,82,0,1,0,1,0,75,13,2.6,195.0,0
Alimentos Vargas,10039496593,2025-Q3,11,1639755.57,1319283.88,320471.6900000002,263144.61,2005155.91,0,0,0.0,0.0,0.0,0.0,0,0,0,2,1,1,0,0,74,44,2.77,204.98,1
Alimentos Vargas,10039496593,2025-Q1,198,22999766.09,18017839.37,4981926.719999999,184499.96,28164925.5,3,0,371067.36,0.0,123689.12,0.0,0,0,0,1,0,0,0,1,80,36,4.63,370.4,1
Alimentos Vargas,10039496593,2024-Q2,14,34632840.3,21717681.71,12915158.589999996,10360154.42,28190529.85,5,5,312285.42,410060.36,62457.083999999995,82012.072,3,2,59,1,1,0,1,0,79,57,2.42,191.18,1
Tecnología Pérez,84601328649,2024-Q4,51,4281128.1,2164785.76,2116342.34,1213711.16,4612364.25,4,2,256376.09,301480.49,64094.0225,150740.245,2,0,72,0,1,1,1,0,71,6,4.03,286.13,1
Tecnología Pérez,84601328649,2024-Q2,179,45722827.16,27386283.81,18336543.349999998,18018311.07,62661432.41,1,1,146470.69,107880.95,146470.69,107880.95,1,0,58,0,0,0,1,0,41,21,2.57,105.37,0
Tecnología Pérez,84601328649,2024-Q3,193,23088169.31,17882747.17,5205422.139999997,5403.14,21923378.97,1,0,93235.65,0.0,93235.65,0.0,0,0,0,0,1,1,0,0,40,62,1.32,52.8,1
Alimentos Buenos Aires,57532825730,2024-Q2,141,14903080.9,9955849.75,4947231.15,5646036.55,17349197.03,3,3,575268.99,206884.99,191756.33,68961.66333333333,2,1,71,0,1,0,1,1,79,13,2.43,191.97,0
Alimentos Buenos Aires,57532825730,2025-Q2,163,2438830.86,1740544.86,698285.9999999998,363471.79,2000876.54,0,0,0.0,0.0,0.0,0.0,0,0,0,3,1,1,0,1,43,59,1.84,79.12,1
Alimentos Buenos Aires,57532825730,2024-Q3,136,3140840.13,2667170.45,473669.6799999997,35042.76,3404724.08,1,0,193436.1,0.0,193436.1,0.0,0,0,0,1,0,1,0,0,40,2,1.87,74.8,1
Alimentos Buenos Aires,57532825730,2025-Q4,119,13357143.95,6855289.99,6501853.959999999,6008698.45,19752376.97,1,0,161245.18,0.0,161245.18,0.0,0,0,0,2,0,1,0,1,31,65,1.43,44.33,1
Productora Dondero,75250605340,2024-Q4,73,16245126.4,9295357.94,6949768.460000001,5999051.95,18224891.5,3,0,210586.71,0.0,70195.56999999999,0.0,0,0,0,1,0,1,0,1,35,3,3.21,112.35,1
Productora Dondero,75250605340,2025-Q3,21,29392994.64,18082914.79,11310079.850000001,4461251.78,30875599.59,1,0,78917.37,0.0,78917.37,0.0,0,0,0,0,1,0,0,1,64,32,3.69,236.16,1
Productora Dondero,75250605340,2024-Q3,118,22191909.52,20792112.88,1399796.6400000006,5939947.83,30241050.44,5,1,405367.24,124010.47,81073.448,124010.47,1,0,36,1,1,0,1,0,82,50,1.11,91.02,1
Industrias Martínez,27112720755,2024-Q3,181,17348238.24,10251047.89,7097190.349999998,8024231.94,15926899.49,4,4,727484.32,278336.33,181871.08,69584.0825,0,4,0,1,1,0,1,0,59,70,1.24,73.16,1
Industrias Martínez,27112720755,2025-Q1,180,19720834.04,11975134.8,7745699.239999998,4642912.75,24978461.67,1,0,103849.26,0.0,103849.26,0.0,0,0,0,1,0,1,0,1,30,25,3.64,109.2,0
Industrias Martínez,27112720755,2024-Q4,139,33006467.19,20531584.07,12474883.120000001,2420001.95,30815139.16,3,2,389987.31,200197.84,129995.77,100098.92,2,0,69,1,0,0,1,1,44,5,3.3,145.2,0
Industrias Martínez,27112720755,2024-Q1,126,23372588.24,15308333.55,8064254.689999998,9574133.46,30600278.22,5,4,997117.45,648826.78,199423.49,162206.695,2,2,33,0,0,0,1,1,58,61,2.07,120.06,1
Alimentos Pérez,81726884825,2024-Q1,108,47641954.52,44632498.48,3009456.0400000066,17234154.13,61064605.86,1,0,166377.13,0.0,166377.13,0.0,0,0,0,0,1,0,0,0,66,62,2.2,145.2,1
Alimentos Pérez,81726884825,2024-Q4,95,28591357.59,25468065.62,3123291.969999999,5289089.41,31425701.23,2,0,124687.77,0.0,62343.885,0.0,0,0,0,0,0,0,0,0,71,67,4.06,288.26,1
Alimentos Pérez,81726884825,2025-Q2,96,35895012.94,24853063.16,11041949.779999997,12999659.77,49923690.65,2,0,167256.73,0.0,83628.365,0.0,0,0,0,0,1,0,0,1,49,48,0.85,41.65,1
Servicios Río Negro,98478965268,2025-Q2,51,8942904.79,5995972.07,2946932.719999999,3815497.87,12114544.15,0,0,0.0,0.0,0.0,0.0,0,0,0,1,0,0,0,1,70,29,2.55,178.5,1
Servicios Río Negro,98478965268,2024-Q4,11,40266156.42,20484896.86,19781259.560000002,3390610.82,32676485.97,4,0,376548.73,0.0,94137.1825,0.0,0,0,0,0,1,1,0,0,43,5,4.08,175.44,0
Servicios Río Negro,98478965268,2025-Q4,21,15351418.14,13646444.54,1704973.6000000015,5659348.51,21163224.35,0,0,0.0,0.0,0.0,0.0,0,0,0,0,0,0,0,0,23,43,0.66,15.18,1
Servicios Río Negro,98478965268,2025-Q3,69,27776613.29,20746507.71,7030105.579999998,4070530.59,38731053.09,2,0,312664.78,0.0,156332.39,0.0,0,0,0,2,1,1,0,0,89,26,3.66,325.74,0
Servicios Río Negro,75715167459,2025-Q3,22,41703270.16,27167650.19,14535619.969999995,12072737.08,44456232.13,2,1,328239.59,73762.85,164119.795,73762.85,0,1,0,0,1,1,1,0,88,38,1.42,124.96,1
Servicios Río Negro,75715167459,2025-Q1,77,3754707.8,2343915.99,1410791.8099999996,591417.08,5398062.06,0,0,0.0,0.0,0.0,0.0,0,0,0,2,1,1,0,0,20,51,1.26,25.2,1
Servicios Río Negro,75715167459,2025-Q2,52,6485916.61,5516476.47,969440.1400000006,2626789.08,9638485.18,4,3,500692.06,426830.83,125173.015,142276.94333333333,0,3,0,0,1,0,1,0,40,48,2.59,103.6,1
Alimentos Paraná,93682926608,2025-Q4,31,25161247.32,22725036.64,2436210.6799999997,11255505.67,21592781.99,2,0,206153.3,0.0,103076.65,0.0,0,0,0,0,0,1,0,1,59,30,3.21,189.39,0
Alimentos Paraná,93682926608,2024-Q2,133,30553254.46,17520570.65,13032683.810000002,1241685.29,28877516.26,5,0,769115.2,0.0,153823.03999999998,0.0,0,0,0,0,0,0,0,0,53,56,4.51,239.03,1
Alimentos Paraná,93682926608,2024-Q3,197,44348379.56,23425659.24,20922720.320000004,20671295.65,55346940.86,3,2,524630.32,240512.95,174876.77333333332,120256.475,1,1,68,0,0,0,1,0,72,14,4.98,358.56,0
Alimentos Paraná,93682926608,2025-Q1,41,14356896.24,11890454.94,2466441.3000000007,1700219.61,15401761.18,5,3,950475.94,176594.25,190095.188,58864.75,2,1,34,2,0,1,1,1,87,16,4.13,359.31,1
Cooperativa Santa Fe,93933316649,2025-Q3,101,14287964.56,12309382.08,1978582.4800000004,4718084.71,14962527.06,5,1,909058.55,163845.81,181811.71000000002,163845.81,0,1,0,0,0,0,1,0,79,67,1.89,149.31,1
Cooperativa Santa Fe,93933316649,2025-Q4,65,22541522.58,14912677.14,7628845.439999998,5339070.76,33427516.0,2,0,340872.62,0.0,170436.31,0.0,0,0,0,2,1,0,0,1,59,39,0.71,41.89,1
Cooperativa Rosario,08571977841,2024-Q4,14,14107415.2,11844074.54,2263340.66,2517008.82,19592708.71,0,0,0.0,0.0,0.0,0.0,0,0,0,0,0,0,0,1,37,66,1.63,60.31,1
Cooperativa Rosario,08571977841,2024-Q2,171,37175210.93,18905492.14,18269718.79,3563245.15,52096121.73,0,0,0.0,0.0,0.0,0.0,0,0,0,1,1,1,0,1,25,70,0.52,13.0,1
Cooperativa Rosario,08571977841,2025-Q3,55,22449519.19,17353053.03,5096466.16,8211856.9,18629357.09,2,1,365421.62,58384.15,182710.81,58384.15,1,0,30,0,0,1,1,0,52,58,4.16,216.32,1
Industrias López,81915120794,2025-Q4,106,13125585.42,9707433.75,3418151.67,2702972.79,18605635.28,2,1,153810.77,60200.96,76905.385,60200.96,0,1,0,2,1,0,1,1,56,10,4.37,244.72,1
Industrias López,81915120794,2024-Q4,37,9258788.25,6737148.56,2521639.6900000004,1771822.72,11723832.4,1,0,70163.33,0.0,70163.33,0.0,0,0,0,2,1,1,0,0,35,17,4.33,151.55,1
Industrias López,81915120794,2025-Q2,194,32697853.17,29357756.19,3340096.9800000004,8753094.44,34268879.12,1,0,134831.82,0.0,134831.82,0.0,0,0,0,2,1,1,0,1,53,20,4.66,246.98,0
Industrias López,81915120794,2025-Q1,83,43208518.05,37958086.78,5250431.269999996,5147434.04,49430723.13,0,0,0.0,0.0,0.0,0.0,0,0,0,0,0,1,0,0,81,50,1.07,86.67,1
Industrias Fernández,02672930822,2025-Q2,7,36501249.68,22177746.35,14323503.329999998,11876706.02,45154193.68,1,0,181000.56,0.0,181000.56,0.0,0,0,0,1,0,1,0,1,40,27,1.38,55.2,1
Industrias Fernández,02672930822,2025-Q1,62,37932522.69,31752420.64,6180102.049999997,4551731.73,50509644.71,5,0,770822.45,0.0,154164.49,0.0,0,0,0,0,1,0,0,0,30,35,4.15,124.5,1
Cooperativa Martínez,50527894842,2024-Q1,42,2874265.79,1561862.42,1312403.37,1254820.54,3584861.9,0,0,0.0,0.0,0.0,0.0,0,0,0,0,0,1,0,0,38,23,4.84,183.92,1
Cooperativa Martínez,50527894842,2024-Q4,194,10699619.05,7600582.54,3099036.5100000007,809133.54,10033106.41,5,4,712275.29,215314.81,142455.05800000002,53828.7025,3,1,73,1,1,0,1,0,59,62,4.38,258.42,1
Cooperativa Martínez,50527894842,2025-Q1,138,45150749.46,29975457.12,15175292.34,6846755.79,46020306.44,1,0,161171.42,0.0,161171.42,0.0,0,0,0,1,0,0,0,1,79,11,4.43,349.97,0
Cooperativa Martínez,50527894842,2025-Q2,120,38716795.2,33084350.77,5632444.430000003,8870516.5,56418920.97,4,0,791603.42,0.0,197900.855,0.0,0,0,0,2,1,1,0,0,22,51,1.4,30.8,1
Distribuidora Gómez,58000409822,2024-Q3,127,8054298.53,5853136.48,2201162.05,1039922.29,9973081.39,5,4,812656.88,772645.22,162531.376,193161.305,1,3,75,0,0,0,1,0,35,45,0.77,26.95,1
Distribuidora Gómez,58000409822,2024-Q4,43,23637962.63,12983124.9,10654837.729999999,594813.08,24811897.82,3,0,343559.27,0.0,114519.75666666667,0.0,0,0,0,1,1,0,0,1,74,69,4.14,306.36,1
Distribuidora Gómez,58000409822,2025-Q4,168,25811607.17,13203037.27,12608569.900000002,6309184.11,35924946.69,0,0,0.0,0.0,0.0,0.0,0,0,0,0,0,1,0,0,51,45,4.21,214.71,1
Productora Gutierrez,03501516982,2024-Q2,121,15046680.02,9106297.43,5940382.59,1976332.98,15157028.76,0,0,0.0,0.0,0.0,0.0,0,0,0,1,1,1,0,1,41,53,0.87,35.67,1
Productora Gutierrez,03501516982,2024-Q4,177,12177158.64,9265560.58,2911598.0600000005,1565639.69,12525181.2,0,0,0.0,0.0,0.0,0.0,0,0,0,1,1,1,0,0,47,25,1.07,50.29,0
Comercial Rodríguez,03588915534,2024-Q2,107,43670442.15,31451630.63,12218811.52,15798402.48,40997683.74,5,5,963666.55,778742.24,192733.31,155748.448,3,2,33,0,1,1,1,1,42,70,2.09,87.78,1
Comercial Rodríguez,03588915534,2024-Q3,171,8201751.01,6405312.4,1796438.6099999994,3640279.51,11983386.76,0,0,0.0,0.0,0.0,0.0,0,0,0,2,1,1,0,1,81,50,4.78,387.18,1
Comercial Rodríguez,03588915534,2024-Q1,195,33154339.43,26899905.64,6254433.789999999,12781916.12,38234302.07,4,1,567430.67,183683.66,141857.6675,183683.66,1,0,85,1,1,1,1,0,29,36,4.45,129.05,1
Comercial Rodríguez,03588915534,2025-Q2,77,18383344.24,14216186.71,4167157.5299999975,4843605.63,18075769.38,4,1,463537.22,165450.24,115884.305,165450.24,1,0,86,1,0,1,1,1,79,28,2.33,184.07,0
Consultora Checo,79355310044,2024-Q1,21,10424409.77,9314745.16,1109664.6099999994,4190318.91,14073807.71,0,0,0.0,0.0,0.0,0.0,0,0,0,1,0,1,0,1,32,40,3.4,108.8,1
Consultora Checo,79355310044,2025-Q1,44,40507576.3,33424808.62,7082767.679999996,14121894.66,35070216.91,4,0,561716.88,0.0,140429.22,0.0,0,0,0,0,0,0,0,0,87,4,0.61,53.07,1
Consultora Checo,79355310044,2025-Q3,149,48874244.32,30325878.18,18548366.14,21482312.02,65328042.99,1,0,66299.73,0.0,66299.73,0.0,0,0,0,1,0,0,0,1,65,43,1.9,123.5,1
Comercial La Pampa,69138271023,2025-Q4,118,25692193.44,20647721.48,5044471.960000001,11831552.25,22017760.62,1,0,80344.26,0.0,80344.26,0.0,0,0,0,0,1,1,0,1,35,33,2.22,77.7,1
Comercial La Pampa,69138271023,2025-Q1,121,17910749.74,16146940.63,1763809.1099999975,1961050.67,14587477.24,0,0,0.0,0.0,0.0,0.0,0,0,0,0,0,1,0,0,66,58,4.83,318.78,1
Comercial La Pampa,69138271023,2024-Q3,67,2128127.88,1468049.7,660078.1799999999,231654.24,2424101.44,0,0,0.0,0.0,0.0,0.0,0,0,0,0,0,0,0,1,36,19,2.13,76.68,1
Alimentos Pérez,21069756723,2024-Q2,31,10595748.0,7658710.89,2937037.1100000003,3635019.83,10190796.69,2,0,240561.17,0.0,120280.585,0.0,0,0,0,0,0,1,0,0,47,3,2.01,94.47,1
Alimentos Pérez,21069756723,2025-Q3,30,21534415.15,16864354.86,4670060.289999999,1931556.14,19757255.24,4,0,799176.33,0.0,199794.0825,0.0,0,0,0,0,0,0,0,0,22,42,0.55,12.1,1
Alimentos Pérez,21069756723,2024-Q3,69,22560166.85,17931463.16,4628703.690000001,7551987.73,26388602.85,5,0,764303.02,0.0,152860.604,0.0,0,0,0,1,1,1,0,1,80,59,1.25,100.0,1
Alimentos Pérez,21069756723,2024-Q4,39,30782517.19,16486876.55,14295640.64,1143122.3,37576466.93,0,0,0.0,0.0,0.0,0.0,0,0,0,2,1,1,0,1,26,56,4.63,120.38,1
Cooperativa Paraná,72817904274,2024-Q1,188,46680624.08,37019156.37,9661467.71,7538150.43,63627299.55,3,0,297400.54,0.0,99133.51333333332,0.0,0,0,0,0,0,0,0,1,86,13,3.26,280.36,0
Cooperativa Paraná,72817904274,2024-Q2,186,21941721.12,13372490.07,8569231.05,2083203.05,22234608.6,0,0,0.0,0.0,0.0,0.0,0,0,0,0,0,1,0,0,28,58,3.1,86.8,1
Cooperativa Paraná,72817904274,2024-Q4,182,47097120.69,42610168.16,4486952.530000001,12357263.83,66810797.91,0,0,0.0,0.0,0.0,0.0,0,0,0,1,1,0,0,1,65,1,1.45,94.25,1
Cooperativa Paraná,72817904274,2024-Q3,135,11393404.21,8251494.34,3141909.870000001,3305615.49,13032422.5,1,0,172966.23,0.0,172966.23,0.0,0,0,0,0,0,0,0,0,72,38,3.23,232.56,1
Comercial Rosario,97732553738,2024-Q4,155,43473586.12,21921901.38,21551684.74,19001980.66,54170004.91,3,0,388411.72,0.0,129470.57333333332,0.0,0,0,0,1,1,0,0,0,70,34,1.89,132.3,1
Comercial Rosario,97732553738,2024-Q3,177,21239703.36,15328449.16,5911254.199999999,3236605.75,19521072.45,5,1,479155.08,83303.19,95831.016,83303.19,0,1,0,0,0,0,1,1,74,20,2.81,207.94,1
Comercial Rosario,97732553738,2025-Q2,64,16845896.94,14952863.07,1893033.870000001,8188877.36,20030794.26,5,2,920318.61,362438.86,184063.722,181219.43,0,2,0,0,0,0,1,0,81,12,4.79,387.99,0
Comercial Rosario,97732553738,2025-Q3,16,47437157.56,37158272.22,10278885.340000004,5085012.13,41269773.62,2,0,328984.95,0.0,164492.475,0.0,0,0,0,1,1,1,0,0,85,50,3.95,335.75,1
Cooperativa Mendoza,53568047224,2024-Q1,117,41735835.48,39281118.61,2454716.8699999973,14219613.29,49107474.02,0,0,0.0,0.0,0.0,0.0,0,0,0,1,1,0,0,1,73,0,3.94,287.62,1
Cooperativa Mendoza,53568047224,2025-Q1,48,35848374.47,21709797.97,14138576.5,9189698.76,28891099.57,4,1,760044.15,191063.25,190011.0375,191063.25,1,0,45,0,0,1,1,0,72,41,2.59,186.48,1
Cooperativa Mendoza,53568047224,2024-Q2,159,45147392.65,41074539.13,4072853.519999996,22495764.55,60661642.05,3,2,291580.2,305255.94,97193.40000000001,152627.97,1,1,61,1,1,1,1,1,79,45,1.84,145.36,1
Cooperativa Mendoza,53568047224,2024-Q4,35,11018749.18,6036914.76,4981834.42,930810.24,11476375.17,5,1,765584.62,54006.73,153116.924,54006.73,1,0,58,2,1,0,1,1,22,9,4.59,100.98,1
Distribuidora Gutierrez,29259615267,2024-Q1,31,32993509.96,30053665.13,2939844.830000002,11845641.01,38469112.34,5,3,985971.91,182153.45,197194.382,60717.81666666667,0,3,0,1,1,0,1,1,32,4,2.96,94.72,0
Distribuidora Gutierrez,29259615267,2024-Q3,170,34866577.36,20311169.03,14555408.329999998,16359550.93,29568999.92,0,0,0.0,0.0,0.0,0.0,0,0,0,1,1,1,0,0,21,26,4.56,95.76,0
Distribuidora Gutierrez,29259615267,2025-Q4,148,30538768.6,15639396.2,14899372.400000002,12476770.75,39299586.85,5,4,599812.03,242612.62,119962.406,60653.155,0,4,0,1,0,1,1,0,37,0,4.29,158.73,0
Distribuidora Gutierrez,29259615267,2025-Q2,46,42214015.98,22993315.9,19220700.08,3347189.96,37451151.55,2,0,144408.18,0.0,72204.09,0.0,0,0,0,0,0,0,0,0,72,68,2.09,150.48,1
Industrias Río Negro,08028353605,2025-Q2,82,41171290.68,23927929.06,17243361.62,17287519.96,45087796.27,3,0,225847.4,0.0,75282.46666666666,0.0,0,0,0,1,0,0,0,1,34,18,4.35,147.9,1
Industrias Río Negro,08028353605,2025-Q4,153,13506229.56,7013757.5,6492472.0600000005,2551618.63,12012094.02,4,2,626056.47,318277.57,156514.1175,159138.785,1,1,66,2,1,1,1,1,24,51,3.82,91.68,1
Industrias Río Negro,08028353605,2024-Q3,24,8411155.24,4416143.45,3995011.79,465175.79,11588709.68,2,0,309042.35,0.0,154521.175,0.0,0,0,0,1,1,0,0,1,20,21,1.8,36.0,1
Productora Gutierrez,28048747769,2024-Q3,5,12404621.58,10922300.72,1482320.8599999994,1322050.77,12646413.48,3,0,258159.02,0.0,86053.00666666667,0.0,0,0,0,0,0,0,0,1,77,9,3.6,277.2,0
Productora Gutierrez,28048747769,2025-Q1,76,17972387.59,9890061.35,8082326.24,7304780.97,25184248.48,1,1,106016.26,67244.37,106016.26,67244.37,0,1,0,1,0,1,1,0,72,5,3.99,287.28,0
Productora Gutierrez,28048747769,2024-Q1,40,2992816.58,1641951.39,1350865.1900000002,857062.97,3098906.95,3,0,299053.86,0.0,99684.62,0.0,0,0,0,0,0,0,0,0,68,31,4.86,330.48,1
Servicios Río Negro,93975537397,2024-Q4,173,46282656.11,30443582.93,15839073.18,22644406.55,52518576.19,2,0,268498.47,0.0,134249.235,0.0,0,0,0,2,1,1,0,1,65,39,1.58,102.7,1
Servicios Río Negro,93975537397,2025-Q4,49,3696183.36,3138541.46,557641.8999999999,579649.07,2962717.59,1,0,79006.67,0.0,79006.67,0.0,0,0,0,0,1,0,0,0,69,11,3.58,247.02,1
Servicios Río Negro,93975537397,2025-Q3,142,20491282.74,17383706.12,3107576.6199999973,5704655.7,20079372.68,3,0,221299.91,0.0,73766.63666666667,0.0,0,0,0,0,0,1,0,0,83,7,2.86,237.38,0
Servicios Río Negro,93975537397,2024-Q1,22,27559007.59,19306472.92,8252534.669999998,5615475.95,38936175.34,1,0,177166.88,0.0,177166.88,0.0,0,0,0,0,0,0,0,0,67,36,4.63,310.21,1
Productora Checo,46951462107,2024-Q2,182,9510336.42,8317882.31,1192454.1100000003,1122937.21,12032589.03,4,1,437048.35,125492.87,109262.0875,125492.87,0,1,0,2,1,0,1,1,57,19,1.45,82.65,1
Productora Checo,46951462107,2025-Q2,30,20396815.39,17782474.75,2614340.6400000006,913741.63,21323974.96,4,0,531661.99,0.0,132915.4975,0.0,0,0,0,0,0,1,0,0,43,53,4.75,204.25,1
Productora Checo,46951462107,2024-Q1,144,20232243.3,13636276.42,6595966.880000001,3135025.5,24431089.2,4,4,383304.68,554698.18,95826.17,138674.545,2,2,45,3,1,1,1,1,34,39,2.6,88.4,1
Productora Checo,46951462107,2024-Q4,69,36898176.71,29871460.27,7026716.440000001,1042069.43,51801062.52,1,0,148035.7,0.0,148035.7,0.0,0,0,0,2,1,1,0,0,84,38,4.32,362.88,1
Tecnología Rosario,04740117286,2024-Q2,171,7500980.15,5652075.84,1848904.3100000005,1513891.7,9407906.76,3,0,476271.08,0.0,158757.02666666667,0.0,0,0,0,2,1,1,0,0,63,17,1.72,108.36,0
Tecnología Rosario,04740117286,2024-Q4,42,2733862.0,1744054.33,989807.6699999999,1011214.75,2547740.67,4,0,770285.6,0.0,192571.4,0.0,0,0,0,0,0,0,0,1,79,36,2.41,190.39,1
Tecnología Rosario,04740117286,2025-Q1,133,23167355.65,14119699.59,9047656.059999999,3377390.76,26925210.18,0,0,0.0,0.0,0.0,0.0,0,0,0,0,0,0,0,0,62,38,0.95,58.9,1
Tecnología Rosario,04740117286,2025-Q3,162,13387636.22,7366032.58,6021603.640000001,6146376.9,12802168.54,2,0,317696.18,0.0,158848.09,0.0,0,0,0,1,1,0,0,1,23,36,1.35,31.05,1
Distribuidora Rosario,45316928761,2025-Q4,15,24230668.79,15725327.61,8505341.18,1355193.42,30468907.79,4,0,738386.3,0.0,184596.575,0.0,0,0,0,1,0,0,0,1,54,35,2.27,122.58,1
Distribuidora Rosario,45316928761,2025-Q2,157,15100287.45,11589880.55,3510406.8999999985,6956760.82,16919901.75,3,0,491021.93,0.0,163673.97666666665,0.0,0,0,0,1,1,0,0,0,69,64,1.53,105.57,1
Servicios La Pampa,04989678556,2024-Q2,62,24867941.01,17622441.33,7245499.680000003,1628540.14,27572084.89,4,0,781062.36,0.0,195265.59,0.0,0,0,0,0,0,1,0,0,28,10,3.21,89.88,1
Servicios La Pampa,04989678556,2024-Q4,84,8489764.45,5499604.69,2990159.759999999,20189.41,9839915.23,0,0,0.0,0.0,0.0,0.0,0,0,0,0,1,1,0,1,37,51,1.82,67.34,1
Comercial Córdoba,40691365391,2025-Q3,196,17381655.37,14346682.3,3034973.0700000003,6133029.67,25110628.42,4,2,215730.49,337747.97,53932.6225,168873.985,0,2,0,1,0,1,1,0,71,60,2.06,146.26,1
Comercial Córdoba,40691365391,2025-Q4,81,26176086.47,13146583.8,13029502.669999998,9986368.08,29164300.98,5,2,502343.26,389590.48,100468.652,194795.24,1,1,53,0,0,0,1,1,50,41,1.25,62.5,1
Comercial Córdoba,40691365391,2024-Q4,150,23207421.78,13750262.54,9457159.240000002,1000469.72,20645767.91,1,0,103479.93,0.0,103479.93,0.0,0,0,0,2,1,1,0,0,30,28,2.68,80.4,1
Comercial Córdoba,40691365391,2024-Q1,90,14021455.51,8239006.59,5782448.92,1824720.53,14679208.89,0,0,0.0,0.0,0.0,0.0,0,0,0,0,0,0,0,0,50,56,4.53,226.5,1
Consultora Río Negro,92739174499,2024-Q2,45,9666008.37,4949265.52,4716742.85,3921416.44,10597151.05,1,1,110777.76,158308.61,110777.76,158308.61,0,1,0,1,1,0,1,1,71,22,1.45,102.95,1
Consultora Río Negro,92739174499,2025-Q4,106,32241773.54,18673224.89,13568548.649999999,1664534.59,33797665.03,4,1,540175.24,126193.77,135043.81,126193.77,1,0,47,1,0,1,1,0,72,6,2.61,187.92,0
Consultora Río Negro,92739174499,2024-Q4,134,37430204.17,25451627.69,11978576.48,1884324.5,46985064.26,5,4,861453.62,290688.56,172290.724,72672.14,4,0,36,0,1,0,1,0,47,3,4.92,231.24,1
Consultora Río Negro,92739174499,2024-Q1,63,26887907.59,22721132.93,4166774.66,5169603.0,33992073.18,0,0,0.0,0.0,0.0,0.0,0,0,0,1,0,1,0,0,42,14,4.41,185.22,0
Productora Pérez,77792338909,2025-Q1,50,45666895.01,39068046.44,6598848.57,6023113.86,40399469.6,1,0,169572.11,0.0,169572.11,0.0,0,0,0,1,1,0,0,0,34,24,2.08,70.72,0
Productora Pérez,77792338909,2024-Q1,61,21046513.35,14852826.16,6193687.190000001,6817607.37,28977830.77,0,0,0.0,0.0,0.0,0.0,0,0,0,1,0,1,0,0,31,7,2.02,62.62,0
Industrias La Pampa,58116687940,2025-Q3,28,36744479.99,23377828.52,13366651.470000003,17604752.84,52889833.41,3,2,268140.21,110625.45,89380.07,55312.725,0,2,0,1,1,0,1,0,35,11,1.52,53.2,1
Industrias La Pampa,58116687940,2025-Q1,174,42216425.9,36896013.42,5320412.479999997,981086.72,36868095.8,0,0,0.0,0.0,0.0,0.0,0,0,0,1,0,1,0,1,86,10,4.74,407.64,1
Productora López,77641470931,2025-Q1,99,18175670.13,13992203.88,4183466.249999998,1246869.04,21931627.64,0,0,0.0,0.0,0.0,0.0,0,0,0,2,0,1,0,1,82,45,1.63,133.66,1
Productora López,77641470931,2024-Q4,116,48246752.71,31210972.01,17035780.7,1046815.35,62351167.85,1,0,70977.86,0.0,70977.86,0.0,0,0,0,0,0,0,0,0,28,48,3.1,86.8,1
Productora Buenos Aires,90121774902,2024-Q1,160,32235401.43,19472188.74,12763212.690000001,7742281.7,43990723.06,3,0,375542.19,0.0,125180.73,0.0,0,0,0,1,1,0,0,1,61,68,3.84,234.24,1
Productora Buenos Aires,90121774902,2025-Q2,174,7694796.81,6965502.8,729294.0099999998,1918895.74,8539624.36,1,0,162804.04,0.0,162804.04,0.0,0,0,0,1,0,1,0,1,25,57,1.13,28.25,1
Productora Buenos Aires,82062928188,2024-Q3,177,10901118.2,5644678.63,5256439.569999999,2875874.49,12584336.61,5,2,927699.58,399889.16,185539.916,199944.58,1,1,51,1,1,1,1,0,87,55,0.93,80.91,1
Productora Buenos Aires,82062928188,2025-Q2,137,13067265.55,10895126.75,2172138.8000000007,3042320.03,11505246.99,4,3,271129.36,367758.8,67782.34,122586.26666666666,2,1,59,0,0,1,1,0,29,66,1.25,36.25,1
Productora Buenos Aires,82062928188,2025-Q1,146,22784620.76,21564387.11,1220233.6500000022,8610445.52,33876133.81,3,0,406994.59,0.0,135664.86333333334,0.0,0,0,0,0,1,0,0,0,63,63,4.07,256.41,1
Productora Buenos Aires,82062928188,2025-Q4,10,4439189.55,2492348.74,1946840.8099999996,118548.62,6431481.71,2,0,355370.56,0.0,177685.28,0.0,0,0,0,2,1,1,0,0,73,46,5.0,365.0,1
Grupo Río Negro,13417093898,2025-Q4,62,12876271.63,7009057.42,5867214.210000001,4823826.32,18927102.67,1,0,68997.82,0.0,68997.82,0.0,0,0,0,0,0,0,0,1,64,14,1.37,87.68,1
Grupo Río Negro,13417093898,2024-Q1,184,38959387.68,22871286.05,16088101.629999999,18887693.98,57994556.22,2,0,129026.67,0.0,64513.335,0.0,0,0,0,1,1,0,0,0,82,19,0.76,62.32,0
Grupo Río Negro,13417093898,2024-Q2,185,19846981.05,15183152.57,4663828.48,6411331.48,27852536.18,0,0,0.0,0.0,0.0,0.0,0,0,0,1,1,0,0,0,43,68,1.15,49.45,1
Grupo Río Negro,13417093898,2025-Q3,175,22448990.61,19916192.34,2532798.2699999996,805129.75,23415863.34,1,0,198475.91,0.0,198475.91,0.0,0,0,0,2,0,1,0,1,36,24,1.48,53.28,0
Tecnología La Pampa,13583258319,2025-Q1,8,37093537.26,33524089.48,3569447.7799999975,9944735.95,52248579.4,2,0,325371.8,0.0,162685.9,0.0,0,0,0,1,1,0,0,1,36,57,4.96,178.56,1
Tecnología La Pampa,13583258319,2025-Q3,122,2156272.56,1630444.7,525827.8600000001,693872.95,2912609.08,1,1,64797.82,145126.77,64797.82,145126.77,0,1,0,0,0,0,1,0,35,35,0.91,31.85,1
Servicios Sánchez,31794699634,2024-Q4,196,42417773.33,37463597.19,4954176.140000001,2716410.66,46216473.98,0,0,0.0,0.0,0.0,0.0,0,0,0,1,0,1,0,0,22,59,1.92,42.24,1
Servicios Sánchez,31794699634,2025-Q3,14,40516961.7,21737119.29,18779842.410000004,19451647.49,60060960.63,0,0,0.0,0.0,0.0,0.0,0,0,0,0,0,0,0,0,74,65,4.49,332.26,1
Servicios Sánchez,31794699634,2024-Q2,41,28706358.46,15651623.42,13054735.040000001,545703.44,38032580.11,2,2,326243.45,168744.6,163121.725,84372.3,0,2,0,0,0,0,1,0,75,20,4.1,307.5,1
Tecnología Sánchez,00598356057,2024-Q4,175,40965532.07,32896936.93,8068595.140000001,6904829.13,51871851.45,5,3,762961.32,204571.54,152592.264,68190.51333333334,2,1,78,0,1,1,1,1,88,2,4.92,432.96,1
Tecnología Sánchez,00598356057,2025-Q3,106,19228647.9,9660078.02,9568569.879999999,7640929.45,26235770.73,3,3,348642.9,316691.36,116214.3,105563.78666666667,0,3,0,0,0,1,1,1,49,41,2.69,131.81,1
Tecnología Sánchez,00598356057,2025-Q4,169,30723028.2,18576356.15,12146672.05,3368116.01,27176587.99,1,0,121107.36,0.0,121107.36,0.0,0,0,0,1,0,1,0,0,66,50,1.56,102.96,1
Industrias La Pampa,59497869887,2024-Q1,176,48625089.32,32789555.73,15835533.59,7204969.17,62801198.45,5,1,788591.73,78385.23,157718.346,78385.23,0,1,0,1,1,1,1,0,69,63,3.67,253.23,1
Industrias La Pampa,59497869887,2025-Q1,37,20428302.28,17180427.16,3247875.120000001,3596208.17,29321319.08,3,0,305540.99,0.0,101846.99666666666,0.0,0,0,0,2,1,0,0,1,60,22,4.88,292.8,1
Grupo Vargas,46781010246,2024-Q2,38,13352460.04,7447278.03,5905182.009999999,1916360.83,17723229.8,5,5,862375.38,732367.35,172475.076,146473.47,0,5,0,1,0,0,1,1,23,36,0.82,18.86,1
Grupo Vargas,46781010246,2024-Q3,163,28313577.03,21418122.72,6895454.310000002,56955.28,25846609.27,1,0,195753.99,0.0,195753.99,0.0,0,0,0,0,1,0,0,1,39,23,2.23,86.97,1
Grupo Vargas,46781010246,2025-Q3,81,16432137.88,9887927.22,6544210.66,3236007.14,14598380.79,1,1,109774.85,103546.89,109774.85,103546.89,0,1,0,0,0,1,1,0,41,16,2.14,87.74,1
Productora Gómez,35031554468,2024-Q4,26,29015024.85,14884537.75,14130487.100000001,13771673.02,26268418.2,2,0,248362.41,0.0,124181.205,0.0,0,0,0,0,0,1,0,0,77,28,1.7,130.9,1
Productora Gómez,35031554468,2025-Q1,180,44093182.64,28814059.17,15279123.469999999,9711947.67,44719972.68,4,0,413915.67,0.0,103478.9175,0.0,0,0,0,0,0,1,0,0,29,0,0.65,18.85,0
Productora Río Negro,15421728064,2025-Q4,120,25165669.31,23225458.79,1940210.5199999996,12138743.36,29015156.21,4,0,662478.74,0.0,165619.685,0.0,0,0,0,2,1,1,0,0,52,57,3.0,156.0,1
Productora Río Negro,15421728064,2025-Q3,178,43356591.59,29324247.25,14032344.340000004,16812939.9,61972903.18,2,2,153296.5,252745.05,76648.25,126372.525,1,1,34,0,1,0,1,0,56,14,4.08,228.48,0
Productora Río Negro,15421728064,2025-Q1,115,38802833.4,33529753.92,5273079.479999997,11228968.32,57285664.2,3,3,379574.35,433874.67,126524.78333333333,144624.88999999998,1,2,78,1,1,0,1,0,73,42,1.66,121.18,1
Productora Salta,61372235169,2025-Q1,152,44960999.35,24593123.8,20367875.55,614387.57,66444780.74,0,0,0.0,0.0,0.0,0.0,0,0,0,1,1,0,0,0,79,38,1.79,141.41,1
Productora Salta,61372235169,2024-Q3,59,9260256.86,7874562.35,1385694.5099999998,359486.95,12044621.45,3,0,552447.75,0.0,184149.25,0.0,0,0,0,1,0,1,0,1,69,26,1.25,86.25,1
Productora Salta,61372235169,2025-Q4,104,12753412.77,8146343.72,4607069.05,3762795.13,11839394.88,3,0,301392.68,0.0,100464.22666666667,0.0,0,0,0,1,1,0,0,1,30,53,3.34,100.2,1
Industrias Rosario,19479831146,2025-Q3,41,13654008.65,7057859.18,6596149.470000001,185470.14,14682633.14,4,3,415781.32,420872.84,103945.33,140290.94666666668,0,3,0,0,0,1,1,0,50,19,2.1,105.0,0
Industrias Rosario,19479831146,2024-Q3,99,6776024.61,4347741.45,2428283.16,1639705.7,8404652.33,0,0,0.0,0.0,0.0,0.0,0,0,0,2,1,1,0,1,20,6,3.89,77.8,1
Consultora Rodríguez,60114088214,2025-Q4,162,8789284.56,4890373.44,3898911.12,1426964.44,10006900.61,4,0,629730.9,0.0,157432.725,0.0,0,0,0,2,1,1,0,0,62,26,0.73,45.26,1
Consultora Rodríguez,60114088214,2024-Q1,54,47972202.52,33709773.81,14262428.71,18408316.52,57172805.13,1,0,87064.59,0.0,87064.59,0.0,0,0,0,2,1,1,0,1,82,3,1.51,123.82,1
Consultora Rodríguez,60114088214,2024-Q4,187,19287613.02,10639462.57,8648150.45,4530086.23,28722325.45,4,4,252499.02,651162.07,63124.755,162790.5175,4,0,43,1,1,0,1,1,70,68,4.43,310.1,1
Consultora Rodríguez,60114088214,2025-Q1,56,42421637.48,35237133.76,7184503.719999999,20821086.56,37897182.78,5,3,400132.22,196968.28,80026.44399999999,65656.09333333334,3,0,83,1,0,1,1,0,38,40,2.26,85.88,1
Alimentos Checo,74280777952,2024-Q2,10,13918065.92,7318374.28,6599691.64,6818429.5,15758522.45,1,1,67950.9,104714.42,67950.9,104714.42,1,0,74,2,1,1,1,0,29,61,2.25,65.25,1
Alimentos Checo,74280777952,2025-Q3,99,40083344.55,31991172.23,8092172.319999997,11484216.49,43601807.24,4,3,366840.53,261790.78,91710.1325,87263.59333333334,3,0,55,0,0,0,1,0,73,20,1.83,133.59,1
Alimentos Checo,74280777952,2024-Q4,73,7159327.59,5575107.45,1584220.1399999997,3426814.4,9818629.12,4,1,545137.33,83363.97,136284.3325,83363.97,0,1,0,1,0,1,1,0,49,2,2.77,135.73,0
Consultora Rosario,53947217303,2025-Q1,46,39059503.26,27072344.43,11987158.829999998,16089004.64,43770086.13,2,0,155913.85,0.0,77956.925,0.0,0,0,0,2,0,1,0,1,21,43,4.61,96.81,1
Consultora Rosario,53947217303,2025-Q2,122,13174491.22,8483784.26,4690706.960000001,2169796.7,17950311.45,3,0,446921.97,0.0,148973.99,0.0,0,0,0,2,1,0,0,1,47,0,1.54,72.38,1
Cooperativa Pérez,60911768136,2024-Q4,80,25912517.34,19210030.75,6702486.59,7624780.4,29610335.88,4,3,391454.46,427963.16,97863.615,142654.38666666666,1,2,34,0,1,0,1,0,34,0,1.85,62.9,0
Cooperativa Pérez,60911768136,2024-Q3,119,29718199.48,22148223.92,7569975.559999999,2157685.34,30176219.42,4,0,657197.55,0.0,164299.3875,0.0,0,0,0,2,0,1,0,1,62,13,0.69,42.78,1
Cooperativa Pérez,60911768136,2024-Q2,113,17375745.71,13223030.62,4152715.0900000017,4991095.45,15341195.91,4,0,562779.57,0.0,140694.8925,0.0,0,0,0,1,1,1,0,0,42,25,1.02,42.84,1
Distribuidora La Pampa,88257381169,2025-Q1,183,34670678.61,26527107.13,8143571.48,13255817.89,35093146.18,4,3,369452.77,553206.69,92363.1925,184402.22999999998,1,2,82,0,0,1,1,0,74,11,1.13,83.62,0
Distribuidora La Pampa,88257381169,2025-Q4,87,25274807.72,15715246.81,9559560.909999998,8360726.13,21917352.13,1,0,56463.52,0.0,56463.52,0.0,0,0,0,2,1,0,0,1,22,9,1.69,37.18,1
Industrias Santa Fe,83555185082,2024-Q4,167,34333857.02,29818979.2,4514877.820000004,14937527.05,28621176.03,0,0,0.0,0.0,0.0,0.0,0,0,0,0,1,0,0,0,35,47,1.2,42.0,1
Industrias Santa Fe,83555185082,2024-Q3,55,49515368.62,41347733.12,8167635.5,5752307.36,54687306.45,1,0,84015.97,0.0,84015.97,0.0,0,0,0,0,1,1,0,0,46,19,2.09,96.14,1
Industrias Santa Fe,83555185082,2025-Q4,138,20216174.33,10148300.12,10067874.209999999,2906483.49,24873017.23,3,0,517418.58,0.0,172472.86000000002,0.0,0,0,0,2,1,1,0,1,88,39,1.22,107.36,1
Industrias Santa Fe,83555185082,2025-Q3,33,23215527.29,12211637.98,11003889.309999999,7398153.06,19896942.18,1,1,126556.86,61193.23,126556.86,61193.23,1,0,68,1,0,0,1,1,62,50,2.18,135.16,1
Cooperativa Santa Fe,81613467352,2024-Q3,180,39185158.07,34990116.23,4195041.840000004,7012919.62,40280884.89,0,0,0.0,0.0,0.0,0.0,0,0,0,1,1,0,0,0,66,69,3.64,240.24,1
Cooperativa Santa Fe,81613467352,2024-Q2,83,7619250.05,4176859.13,3442390.92,451991.01,9045003.95,1,0,157905.91,0.0,157905.91,0.0,0,0,0,1,1,0,0,0,40,53,3.88,155.2,1
Cooperativa Santa Fe,81613467352,2025-Q2,160,4810767.47,2686337.82,2124429.65,1884120.8,7176618.27,1,1,144102.71,117780.12,144102.71,117780.12,0,1,0,0,1,1,1,1,50,7,1.59,79.5,1
Comercial Río Negro,26516770407,2025-Q1,7,35114503.97,28778278.86,6336225.109999999,3179774.15,31347047.46,1,0,158226.71,0.0,158226.71,0.0,0,0,0,0,0,1,0,1,54,36,4.32,233.28,1
Comercial Río Negro,26516770407,2024-Q2,146,48013972.6,28654974.55,19358998.05,6547321.87,51924243.73,5,3,980441.09,534451.24,196088.218,178150.41333333333,1,2,33,0,0,0,1,0,73,45,3.54,258.42,1
Comercial Río Negro,26516770407,2024-Q4,188,41543689.38,29123800.41,12419888.970000003,12013981.84,51071907.24,3,2,342970.44,157620.74,114323.48,78810.37,1,1,39,0,0,0,1,1,71,8,0.86,61.06,0
Comercial Río Negro,26516770407,2024-Q1,122,16640284.45,10310040.04,6330244.41,5421736.63,18253706.32,0,0,0.0,0.0,0.0,0.0,0,0,0,3,1,1,0,1,23,9,2.84,65.32,0
Servicios Checo,24156492709,2024-Q4,118,46975889.49,38348543.99,8627345.5,9187235.36,54935382.79,2,2,171846.94,351161.33,85923.47,175580.665,1,1,75,1,0,1,1,0,41,20,0.67,27.47,1
Servicios Checo,24156492709,2025-Q1,6,49392524.56,25805533.39,23586991.17,21038370.03,61827421.29,2,1,369331.36,123614.24,184665.68,123614.24,1,0,76,1,0,1,1,0,23,17,1.7,39.1,0
Servicios Buenos Aires,71433042299,2024-Q1,36,47758426.75,25972825.46,21785601.29,13469814.02,69302332.87,1,0,113260.48,0.0,113260.48,0.0,0,0,0,0,0,0,0,0,20,11,1.91,38.2,1
Servicios Buenos Aires,71433042299,2024-Q3,20,35682277.65,27909679.75,7772597.8999999985,5537373.76,38244485.0,3,0,256943.17,0.0,85647.72333333334,0.0,0,0,0,0,0,1,0,0,36,48,2.22,79.92,1
Servicios Buenos Aires,71433042299,2024-Q2,96,34951645.83,31495125.4,3456520.4299999997,15812832.33,46426848.68,2,2,334257.83,301187.11,167128.915,150593.555,1,1,58,1,1,0,1,0,77,61,2.03,156.31,1
Servicios Buenos Aires,71433042299,2025-Q3,182,26559616.92,20851547.76,5708069.16,13268451.17,29082285.56,3,2,532546.36,306669.24,177515.45333333334,153334.62,1,1,34,0,1,0,1,1,29,17,3.57,103.53,1
Productora Dondero,19004320397,2024-Q4,199,12607012.23,9908565.09,2698447.1400000006,3716207.11,17822957.52,4,2,620111.65,189953.28,155027.9125,94976.64,2,0,89,0,1,1,1,0,82,10,1.99,163.18,0
Productora Dondero,19004320397,2024-Q1,154,26546442.57,24446028.87,2100413.6999999993,8343099.68,30216387.45,3,0,204449.95,0.0,68149.98333333334,0.0,0,0,0,1,1,1,0,0,21,55,3.29,69.09,1
Productora Dondero,19004320397,2025-Q2,155,37215614.83,19322785.79,17892829.04,5908036.56,44151150.93,5,3,650654.29,278623.5,130130.85800000001,92874.5,2,1,31,0,1,1,1,1,77,42,0.61,46.97,1
Industrias Paraná,57269791497,2025-Q3,155,35912721.93,28076916.1,7835805.829999998,13759303.16,52986439.51,3,0,225912.88,0.0,75304.29333333333,0.0,0,0,0,0,1,0,0,0,48,50,1.74,83.52,1
Industrias Paraná,57269791497,2025-Q2,200,46226969.62,35927111.83,10299857.79,10486025.86,41598966.91,5,5,704941.45,978549.06,140988.28999999998,195709.812,3,2,90,0,0,1,1,0,79,67,0.56,44.24,1
Distribuidora Pérez,62211250386,2025-Q1,128,5761767.93,3653230.47,2108537.4599999995,642478.54,5664955.33,0,0,0.0,0.0,0.0,0.0,0,0,0,2,1,1,0,1,47,24,4.75,223.25,1
Distribuidora Pérez,62211250386,2024-Q1,97,42767219.53,38968603.18,3798616.3500000015,3126237.35,54481171.62,0,0,0.0,0.0,0.0,0.0,0,0,0,1,1,1,0,1,82,40,0.52,42.64,1
Distribuidora Pérez,62211250386,2024-Q2,98,42183785.27,39769649.97,2414135.3000000045,9726703.2,52486674.51,2,0,122851.95,0.0,61425.975,0.0,0,0,0,0,0,0,0,0,82,2,1.79,146.78,1
Industrias Córdoba,97031799501,2024-Q3,168,48356034.77,30674114.15,17681920.620000005,17526854.7,71378052.19,1,0,140909.16,0.0,140909.16,0.0,0,0,0,2,1,1,0,1,64,10,1.67,106.88,1
Industrias Córdoba,97031799501,2025-Q2,172,27080983.27,22088568.82,4992414.449999999,13483393.07,35758373.36,4,4,732793.1,740571.88,183198.275,185142.97,2,2,66,3,1,1,1,1,76,16,2.34,177.84,0
Industrias Buenos Aires,68125382449,2024-Q2,193,20544066.26,11989398.24,8554668.020000001,4452102.78,17274060.3,1,0,88657.14,0.0,88657.14,0.0,0,0,0,0,0,1,0,1,71,2,0.55,39.05,1
Industrias Buenos Aires,68125382449,2024-Q4,143,22092095.59,14195029.73,7897065.859999999,3716342.8,32719470.84,3,0,163402.45,0.0,54467.48333333334,0.0,0,0,0,0,1,1,0,0,61,40,3.76,229.36,1
Tecnología Paraná,69469070629,2025-Q2,150,2426538.29,1367064.16,1059474.1300000001,1137097.51,2859564.29,2,1,372843.07,184331.73,186421.535,184331.73,0,1,0,1,1,0,1,1,75,50,1.6,120.0,1
Tecnología Paraná,69469070629,2024-Q2,29,24544696.13,19221931.02,5322765.109999999,338264.16,29690408.48,5,3,334612.5,350879.04,66922.5,116959.68,1,2,48,1,1,0,1,0,36,68,2.52,90.72,1
Tecnología Paraná,69469070629,2025-Q3,86,16078838.82,12900859.73,3177979.09,5181638.96,12936593.01,2,2,287353.78,206327.34,143676.89,103163.67,2,0,65,2,1,1,1,1,60,56,4.82,289.2,1
Alimentos Fernández,87098417303,2025-Q3,98,41400608.95,23233895.49,18166713.460000005,15171143.64,33719136.45,5,0,383389.37,0.0,76677.874,0.0,0,0,0,0,0,1,0,1,30,44,2.25,67.5,1
Alimentos Fernández,87098417303,2024-Q4,17,8460566.22,5244701.44,3215864.7800000003,3334594.99,9595492.72,2,0,269333.15,0.0,134666.575,0.0,0,0,0,0,0,1,0,1,29,46,3.95,114.55,1
Alimentos Fernández,87098417303,2025-Q2,97,45675548.31,37352639.18,8322909.130000003,20286779.97,59530502.68,3,0,428524.06,0.0,142841.35333333333,0.0,0,0,0,1,1,0,0,0,67,46,4.78,320.26,1
Distribuidora Rosario,80422450117,2025-Q4,184,19077485.51,13164169.18,5913316.330000002,316293.65,15365774.1,5,3,786744.7,555730.58,157348.94,185243.52666666664,1,2,86,0,0,0,1,0,48,19,3.44,165.12,1
Distribuidora Rosario,80422450117,2025-Q2,100,28182984.09,19702593.14,8480390.95,9578009.1,42262395.58,5,0,709076.24,0.0,141815.248,0.0,0,0,0,1,0,1,0,0,71,0,0.55,39.05,0
Distribuidora Rosario,80422450117,2025-Q1,7,21866325.91,19950085.19,1916240.7199999988,9504798.31,28630334.91,3,0,502255.81,0.0,167418.60333333333,0.0,0,0,0,1,0,0,0,1,56,18,4.1,229.6,1
Distribuidora Rosario,80422450117,2024-Q4,148,49108840.27,25604543.51,23504296.76,19536551.33,65324935.83,0,0,0.0,0.0,0.0,0.0,0,0,0,2,1,0,0,1,48,43,1.68,80.64,1
Industrias Rosario,65977992248,2024-Q2,84,49826465.66,25487998.61,24338467.049999997,19806110.98,54133155.33,5,2,401315.01,166068.91,80263.00200000001,83034.455,0,2,0,0,0,0,1,0,62,67,0.56,34.72,1
Industrias Rosario,65977992248,2025-Q1,57,26144207.09,14254957.99,11889249.1,311170.67,22301245.01,3,0,176476.41,0.0,58825.47,0.0,0,0,0,1,0,0,0,1,60,54,3.09,185.4,1
Servicios La Pampa,33535955987,2025-Q2,69,8373485.04,4617734.57,3755750.4699999997,33304.89,7415691.62,5,0,975500.31,0.0,195100.062,0.0,0,0,0,1,1,1,0,0,58,20,3.52,204.16,0
Servicios La Pampa,33535955987,2024-Q2,121,14191431.66,8233399.43,5958032.23,6528030.99,19157607.83,1,0,115029.11,0.0,115029.11,0.0,0,0,0,1,1,1,0,0,90,36,4.97,447.3,1
Industrias Río Negro,28595714988,2024-Q2,122,2116048.35,1712392.97,403655.3800000001,560896.79,1897762.64,2,0,232297.92,0.0,116148.96,0.0,0,0,0,1,1,0,0,0,81,16,4.46,361.26,0
Industrias Río Negro,28595714988,2025-Q4,163,19474839.77,12934963.77,6539876.0,2997601.21,15787637.94,5,1,276731.84,110750.89,55346.368,110750.89,1,0,58,2,1,1,1,1,25,46,0.68,17.0,1
Industrias Neuquén,42594431080,2025-Q2,108,5240268.76,4882661.11,357607.64999999944,271511.7,5239162.85,4,0,308375.45,0.0,77093.8625,0.0,0,0,0,1,0,1,0,1,80,57,4.09,327.2,1
Industrias Neuquén,42594431080,2024-Q2,146,48917179.38,39283810.82,9633368.560000002,708482.98,42735546.04,4,0,363532.28,0.0,90883.07,0.0,0,0,0,1,1,1,0,1,51,66,2.87,146.37,1
Productora Rosario,20207574648,2025-Q4,193,30487497.18,27907393.44,2580103.7399999984,2481352.61,38289044.13,1,0,108241.21,0.0,108241.21,0.0,0,0,0,0,0,1,0,0,34,27,3.72,126.48,0
Productora Rosario,20207574648,2025-Q2,174,41961366.59,22866235.84,19095130.750000004,14886157.2,40772452.37,0,0,0.0,0.0,0.0,0.0,0,0,0,2,1,0,0,1,50,16,3.44,172.0,1
Productora Rosario,20207574648,2025-Q1,70,23378880.42,12596576.61,10782303.810000002,8836062.12,19378989.47,2,0,174289.48,0.0,87144.74,0.0,0,0,0,0,0,0,0,1,53,9,4.62,244.86,1
Productora Rosario,20207574648,2024-Q2,14,45710607.07,27724241.0,17986366.07,20342314.86,61089998.91,0,0,0.0,0.0,0.0,0.0,0,0,0,2,0,1,0,1,72,24,4.1,295.2,1
Industrias Checo,41512528519,2025-Q3,21,31462770.6,16124999.17,15337771.430000002,9788432.45,34614312.57,5,4,467405.69,427537.87,93481.138,106884.4675,1,3,71,1,0,0,1,1,26,59,2.72,70.72,1
Industrias Checo,41512528519,2024-Q3,158,9107030.8,5737265.71,3369765.090000001,4408039.49,8387444.31,5,3,393875.12,413538.54,78775.024,137846.18,3,0,59,1,0,1,1,1,81,35,2.37,191.97,1
Tecnología Río Negro,70471841914,2024-Q2,110,20471438.29,14478167.49,5993270.799999999,3857760.8,21556562.89,0,0,0.0,0.0,0.0,0.0,0,0,0,0,0,1,0,0,35,10,3.39,118.65,1
Tecnología Río Negro,70471841914,2025-Q3,188,8581288.34,6685350.2,1895938.1399999997,2548375.37,12614644.88,4,1,699673.28,165865.44,174918.32,165865.44,1,0,74,1,0,0,1,1,60,69,4.58,274.8,1
Tecnología Río Negro,18505763296,2025-Q3,127,2408756.25,1233830.11,1174926.14,39664.82,2554121.84,4,2,201198.64,187564.07,50299.66,93782.035,0,2,0,0,1,1,1,0,72,11,3.42,246.24,1
Tecnología Río Negro,18505763296,2025-Q1,22,13477982.5,9819385.16,3658597.34,1678998.0,15569521.5,2,1,156822.96,91515.37,78411.48,91515.37,0,1,0,0,0,0,1,0,51,18,1.74,88.74,0
Tecnología Río Negro,18505763296,2024-Q3,128,14431757.42,7569800.23,6861957.1899999995,4532321.68,14494760.36,3,0,270814.19,0.0,90271.39666666667,0.0,0,0,0,2,0,1,0,1,46,42,1.58,72.68,1
Productora Martínez,84528341986,2025-Q1,191,21426956.36,15339210.56,6087745.799999999,1581244.38,28733395.72,4,1,275747.31,143161.68,68936.8275,143161.68,1,0,61,1,1,1,1,1,89,53,1.22,108.58,1
Productora Martínez,84528341986,2024-Q2,149,16510285.92,13166748.73,3343537.1899999995,7629506.71,23123590.44,2,0,130846.44,0.0,65423.22,0.0,0,0,0,0,0,0,0,1,59,4,2.53,149.27,0
Productora Martínez,84528341986,2024-Q1,175,14432899.76,13708847.2,724052.5600000005,5203618.19,15504049.02,2,0,183841.89,0.0,91920.945,0.0,0,0,0,1,0,1,0,0,65,16,1.78,115.7,1
Productora Martínez,84528341986,2025-Q2,168,3957121.12,2163102.43,1794018.69,1904665.35,3262535.94,3,0,217442.79,0.0,72480.93000000001,0.0,0,0,0,2,1,1,0,1,84,58,2.57,215.88,1
Comercial López,22670934343,2024-Q1,37,48696459.6,38537811.14,10158648.46,6558750.91,61781431.1,1,0,132950.3,0.0,132950.3,0.0,0,0,0,0,0,0,0,0,89,13,1.92,170.88,1
Comercial López,22670934343,2024-Q3,168,44965891.57,30795641.54,14170250.030000001,10558564.13,50521996.2,5,4,869426.0,657105.89,173885.2,164276.4725,0,4,0,0,0,1,1,1,64,69,4.9,313.6,1
Comercial López,22670934343,2024-Q2,171,28727718.26,22470362.96,6257355.300000001,3149629.12,35992543.76,0,0,0.0,0.0,0.0,0.0,0,0,0,0,0,0,0,0,30,46,4.16,124.8,1
Tecnología Rosario,96987775097,2024-Q3,102,13114821.94,11049224.23,2065597.709999999,5350683.05,19638415.84,4,3,527619.6,327335.27,131904.9,109111.75666666667,3,0,59,0,1,1,1,0,73,66,2.56,186.88,1
Tecnología Rosario,96987775097,2024-Q1,145,35032146.13,21541207.95,13490938.180000003,16070128.29,43980261.41,1,0,60346.6,0.0,60346.6,0.0,0,0,0,1,1,0,0,1,20,46,1.01,20.2,1
Productora Santa Fe,18571670352,2024-Q3,164,8315675.56,4840597.89,3475077.67,372762.76,9324388.69,3,1,352453.95,197304.85,117484.65000000001,197304.85,1,0,83,3,1,1,1,1,71,10,4.43,314.53,1
Productora Santa Fe,18571670352,2025-Q1,25,43349575.24,26428841.36,16920733.880000003,4501202.22,64126267.57,3,3,204225.29,344593.78,68075.09666666666,114864.59333333334,2,1,41,1,1,0,1,1,36,20,4.83,173.88,0
Productora Santa Fe,18571670352,2025-Q2,181,25767014.55,15953361.98,9813652.57,8359252.6,21130722.81,2,0,318739.15,0.0,159369.575,0.0,0,0,0,0,0,0,0,0,24,51,3.81,91.44,1
Productora Santa Fe,18571670352,2024-Q2,112,20694363.59,15822728.61,4871634.98,2164307.11,30573642.91,2,0,203602.13,0.0,101801.065,0.0,0,0,0,0,0,0,0,1,40,42,3.72,148.8,1
Tecnología Santa Fe,52734484941,2025-Q2,146,16659909.5,8949266.29,7710643.210000001,8031650.07,13391486.5,1,0,53643.64,0.0,53643.64,0.0,0,0,0,2,1,0,0,1,64,31,1.49,95.36,1
Tecnología Santa Fe,52734484941,2024-Q1,57,42405570.99,38701341.41,3704229.5800000057,7213534.23,34556520.93,0,0,0.0,0.0,0.0,0.0,0,0,0,0,0,0,0,0,90,58,3.24,291.6,1
Industrias La Pampa,34638414010,2025-Q1,50,8013379.33,5809432.84,2203946.49,1567657.54,9892038.41,4,1,593600.05,156784.95,148400.0125,156784.95,1,0,50,2,0,1,1,1,61,55,1.54,93.94,1
Industrias La Pampa,34638414010,2024-Q3,103,21775185.17,20531679.59,1243505.580000002,7659259.33,28957764.8,4,1,578982.36,180787.65,144745.59,180787.65,0,1,0,1,1,1,1,0,54,32,3.55,191.7,1
Industrias La Pampa,34638414010,2025-Q3,37,15964012.79,14220462.24,1743550.5499999989,7689440.71,16447806.33,4,0,749944.04,0.0,187486.01,0.0,0,0,0,0,1,0,0,1,79,47,3.2,252.8,1
Industrias La Pampa,34638414010,2025-Q4,173,43624473.08,40286561.82,3337911.259999998,5726939.23,55908500.42,2,2,200019.81,289564.39,100009.905,144782.195,0,2,0,0,1,1,1,1,84,17,2.87,241.08,1
Industrias Santa Fe,38626218865,2025-Q1,96,43418061.9,21739337.59,21678724.31,14181632.63,40695012.18,5,4,886492.75,399686.61,177298.55,99921.6525,3,1,32,0,1,1,1,0,30,34,2.9,87.0,1
Industrias Santa Fe,38626218865,2024-Q3,161,22249558.97,11957886.43,10291672.54,4365951.94,27043265.7,3,1,155960.66,57048.95,51986.886666666665,57048.95,1,0,31,0,0,1,1,1,90,40,4.19,377.1,1
Industrias Santa Fe,38626218865,2025-Q3,27,10893565.92,6900921.47,3992644.45,1052642.61,10737055.92,4,3,259760.56,396357.61,64940.14,132119.20333333334,2,1,79,0,0,1,1,1,54,59,3.96,213.84,1
Industrias Río Negro,56250369985,2025-Q2,155,16979784.37,13133372.89,3846411.4800000004,7065168.17,23584680.04,4,2,562767.03,336438.54,140691.7575,168219.27,2,0,53,2,0,1,1,1,26,42,0.76,19.76,1
Industrias Río Negro,56250369985,2025-Q1,109,35837270.3,31365071.37,4472198.929999996,17060635.26,47235714.76,4,0,680513.61,0.0,170128.4025,0.0,0,0,0,1,1,0,0,0,30,59,0.8,24.0,1
Industrias Río Negro,56250369985,2024-Q1,132,8052553.81,4230797.68,3821756.13,352572.36,7477465.99,2,0,336365.08,0.0,168182.54,0.0,0,0,0,1,0,1,0,0,46,9,1.02,46.92,1
Alimentos Mendoza,84330827347,2024-Q1,26,33671537.83,20302993.19,13368544.639999997,8668228.39,42130277.66,4,0,567622.14,0.0,141905.535,0.0,0,0,0,0,1,0,0,0,30,30,4.3,129.0,0
Alimentos Mendoza,84330827347,2024-Q3,102,18380073.87,9225839.89,9154233.98,5274628.19,22208267.9,3,1,321822.38,89294.37,107274.12666666666,89294.37,0,1,0,1,1,0,1,0,79,53,2.43,191.97,1
Industrias López,12201293675,2025-Q4,153,49752339.09,46581666.66,3170672.430000007,17319063.78,60700692.5,4,4,688278.77,670473.78,172069.6925,167618.445,2,2,81,0,0,0,1,0,64,64,3.07,196.48,1
Industrias López,12201293675,2025-Q1,73,20966012.8,12342239.96,8623772.84,1104364.28,21546230.95,1,0,81619.7,0.0,81619.7,0.0,0,0,0,1,0,0,0,1,38,47,4.77,181.26,1
Tecnología Martínez,82470925045,2024-Q3,11,4853615.31,4040117.53,813497.7799999998,702825.11,4604828.96,2,0,318125.09,0.0,159062.545,0.0,0,0,0,1,1,0,0,1,77,70,2.73,210.21,1
Tecnología Martínez,82470925045,2025-Q3,110,42469037.5,22196271.11,20272766.39,20907990.41,63674993.68,5,3,886103.94,187506.98,177220.788,62502.32666666667,3,0,40,1,0,1,1,1,63,70,1.58,99.54,1
Tecnología Martínez,82470925045,2024-Q2,130,17749893.77,14390424.13,3359469.6399999987,6006884.36,17284914.02,1,0,66929.07,0.0,66929.07,0.0,0,0,0,2,0,1,0,1,42,68,1.57,65.94,1
Tecnología Martínez,82470925045,2024-Q4,30,7580167.81,4894964.06,2685203.75,1286619.41,8862432.26,2,1,207760.5,110113.97,103880.25,110113.97,1,0,82,0,1,0,1,0,55,20,4.54,249.7,1
Industrias Rodríguez,93753847341,2024-Q2,196,42892093.15,26741083.51,16151009.639999997,19967529.42,41675507.97,4,1,671197.18,170740.69,167799.295,170740.69,1,0,37,0,0,1,1,1,22,54,4.18,91.96,1
Industrias Rodríguez,93753847341,2024-Q1,183,34944181.51,21561290.08,13382891.43,13939014.06,33808478.59,4,4,637077.27,754640.13,159269.3175,188660.0325,2,2,60,0,0,1,1,1,62,1,3.67,227.54,1
Industrias Rodríguez,93753847341,2024-Q4,68,10071761.63,6426839.65,3644921.9800000004,4238756.33,10324683.0,3,0,544245.81,0.0,181415.27000000002,0.0,0,0,0,1,1,1,0,1,66,53,3.82,252.12,1
Industrias Córdoba,14893335213,2025-Q4,87,45535691.83,39723187.25,5812504.579999998,1826849.33,42694307.73,3,2,578019.58,109437.33,192673.19333333333,54718.665,2,0,86,0,1,0,1,0,34,57,4.49,152.66,1
Industrias Córdoba,14893335213,2024-Q2,72,28774834.43,17994568.03,10780266.399999999,808340.05,27955864.66,2,1,364183.51,128990.63,182091.755,128990.63,0,1,0,1,0,1,1,0,21,59,1.56,32.76,1
Industrias Córdoba,14893335213,2025-Q2,39,10442013.34,8564143.11,1877870.2300000004,2218796.61,14072906.52,5,3,585018.1,259564.55,117003.62,86521.51666666666,2,1,54,1,1,1,1,0,66,4,2.51,165.66,1
Industrias Córdoba,14893335213,2025-Q1,17,8560427.75,7530957.97,1029469.7800000003,3552232.14,9005677.46,2,2,345356.31,224647.41,172678.155,112323.705,2,0,36,1,1,0,1,0,21,57,3.97,83.37,1
Cooperativa Dondero,68241097620,2024-Q3,33,32024448.25,16432992.86,15591455.39,2188441.48,35305746.11,3,0,284929.91,0.0,94976.63666666666,0.0,0,0,0,2,0,1,0,1,77,27,2.31,177.87,1
Cooperativa Dondero,68241097620,2024-Q1,33,41999089.31,33460814.3,8538275.010000002,9065921.54,50464054.0,5,4,642123.91,505496.9,128424.782,126374.225,3,1,60,1,0,1,1,0,52,28,2.16,112.32,0
Grupo Mendoza,46614670464,2025-Q3,100,33474762.41,22786840.39,10687922.02,1803341.49,30028740.64,5,0,268443.96,0.0,53688.792,0.0,0,0,0,3,1,1,0,1,22,15,3.22,70.84,0
Grupo Mendoza,46614670464,2025-Q1,157,1704860.95,1257545.35,447315.59999999986,80952.19,1493774.64,0,0,0.0,0.0,0.0,0.0,0,0,0,2,1,1,0,0,36,52,2.27,81.72,1
Grupo Mendoza,46614670464,2024-Q4,7,39454779.47,26673763.14,12781016.329999998,10099821.5,47244363.79,2,0,117137.52,0.0,58568.76,0.0,0,0,0,0,0,0,0,0,25,57,2.43,60.75,1
Servicios La Pampa,93562996001,2024-Q2,169,21637399.31,17918286.05,3719113.259999998,412091.05,21650641.84,0,0,0.0,0.0,0.0,0.0,0,0,0,0,1,0,0,1,79,53,1.37,108.23,1
Servicios La Pampa,93562996001,2024-Q3,112,31996645.26,24060412.66,7936232.6000000015,14697796.43,30910938.04,4,0,795701.82,0.0,198925.455,0.0,0,0,0,1,1,0,0,0,43,29,4.27,183.61,1
Servicios La Pampa,93562996001,2024-Q1,127,33543293.4,20799152.7,12744140.7,4075476.02,38887176.04,1,0,90109.4,0.0,90109.4,0.0,0,0,0,0,1,0,0,0,47,53,3.73,175.31,1
Productora Rosario,66474951676,2024-Q2,65,42744954.11,25820817.96,16924136.15,14429061.51,61198415.65,3,2,372355.14,399633.59,124118.38,199816.795,1,1,64,1,0,1,1,0,60,18,1.0,60.0,0
Productora Rosario,66474951676,2025-Q4,53,6889324.22,5615080.53,1274243.6899999995,1270537.82,8319120.88,2,0,212356.83,0.0,106178.415,0.0,0,0,0,1,1,0,0,0,89,44,4.16,370.24,1
Productora Rosario,66474951676,2025-Q3,145,25989863.71,18764475.88,7225387.830000002,11614335.3,30190765.15,5,0,910662.56,0.0,182132.51200000002,0.0,0,0,0,0,0,0,0,1,59,13,2.86,168.74,1
Consultora Buenos Aires,12096632817,2025-Q2,65,12257515.63,6335047.57,5922468.0600000005,5720183.26,15278775.56,5,5,560834.14,854495.34,112166.82800000001,170899.068,3,2,68,2,1,1,1,1,72,44,3.48,250.56,1
Consultora Buenos Aires,12096632817,2024-Q1,25,41267409.15,33622716.25,7644692.8999999985,14175977.13,59289896.92,3,0,335794.39,0.0,111931.46333333333,0.0,0,0,0,1,0,1,0,1,87,46,3.86,335.82,1
Consultora Buenos Aires,12096632817,2025-Q4,155,38519670.04,22038155.48,16481514.559999999,15933554.42,48099137.36,1,1,146497.02,62717.1,146497.02,62717.1,0,1,0,0,0,1,1,0,77,63,1.55,119.35,1
Grupo La Pampa,29904673332,2025-Q2,149,44818436.22,39627680.14,5190756.079999998,13544632.61,39200933.53,1,0,109552.76,0.0,109552.76,0.0,0,0,0,1,1,0,0,1,25,53,4.64,116.0,1
Grupo La Pampa,29904673332,2024-Q2,45,32443910.5,25717656.19,6726254.309999999,9502595.9,42343115.89,0,0,0.0,0.0,0.0,0.0,0,0,0,1,1,0,0,0,86,35,3.35,288.1,1
Grupo La Pampa,29904673332,2024-Q1,8,29710184.98,22805086.65,6905098.330000002,1489237.22,26895757.35,2,0,126305.49,0.0,63152.745,0.0,0,0,0,0,0,1,0,0,35,60,2.21,77.35,1
Grupo La Pampa,29904673332,2024-Q4,115,1234707.48,975808.68,258898.79999999993,337243.39,1238061.52,1,0,150540.68,0.0,150540.68,0.0,0,0,0,2,1,1,0,1,54,70,1.73,93.42,1
Distribuidora Mendoza,45758113405,2025-Q1,14,13454476.38,8982138.6,4472337.780000001,442634.06,12135164.87,1,0,151962.81,0.0,151962.81,0.0,0,0,0,0,0,1,0,0,32,37,1.26,40.32,1
Distribuidora Mendoza,45758113405,2024-Q3,146,9872995.77,9011910.67,861085.0999999996,1610482.28,8460220.23,2,0,165234.86,0.0,82617.43,0.0,0,0,0,1,0,0,0,1,72,29,3.6,259.2,0
Distribuidora Mendoza,45758113405,2025-Q3,19,4127317.35,3712463.14,414854.20999999996,1838596.0,5341654.77,4,3,454839.7,203041.49,113709.925,67680.49666666666,3,0,68,0,1,0,1,0,54,22,3.59,193.86,1
Distribuidora Mendoza,45758113405,2025-Q2,149,22270207.08,12298837.53,9971369.549999999,8398347.62,22716109.33,0,0,0.0,0.0,0.0,0.0,0,0,0,0,0,1,0,1,49,38,1.85,90.65,1
Industrias Paraná,28331303529,2025-Q2,109,33323880.63,20120967.92,13202912.709999997,8148128.22,31524936.34,1,1,59318.65,131818.71,59318.65,131818.71,1,0,35,0,0,0,1,1,47,54,4.27,200.69,1
Industrias Paraná,28331303529,2024-Q2,79,4529163.42,3382267.0,1146896.42,1980183.86,6596336.54,3,3,380658.13,222652.2,126886.04333333333,74217.40000000001,1,2,63,2,0,1,1,1,90,0,2.2,198.0,0
Industrias Paraná,28331303529,2025-Q3,145,17366309.44,10510352.99,6855956.450000001,1357080.6,20584183.24,0,0,0.0,0.0,0.0,0.0,0,0,0,0,1,0,0,0,52,13,0.91,47.32,1
Distribuidora Salta,55793346988,2025-Q1,120,21684652.5,20430101.32,1254551.1799999997,8380020.69,24876230.73,4,3,638393.43,365599.86,159598.3575,121866.62,0,3,0,1,1,0,1,0,86,32,4.8,412.8,1
Distribuidora Salta,55793346988,2024-Q3,119,40989416.65,24171777.57,16817639.08,10764082.88,51014684.37,4,4,641587.3,510283.39,160396.825,127570.8475,2,2,72,3,1,1,1,1,60,13,0.86,51.6,1
Distribuidora Salta,55793346988,2025-Q3,26,39089466.51,32184195.28,6905271.229999997,5294117.73,44159613.34,5,2,702857.41,202237.3,140571.48200000002,101118.65,0,2,0,0,0,0,1,1,58,58,3.79,219.82,1
Distribuidora Salta,55793346988,2025-Q2,153,16626373.17,12010336.41,4616036.76,154034.2,21451921.45,3,3,574164.83,488870.48,191388.27666666664,162956.82666666666,0,3,0,1,0,1,1,1,86,32,3.7,318.2,1
Productora Neuquén,71744334505,2025-Q2,32,19000378.23,12828182.63,6172195.6,4200478.26,27988163.93,5,4,964925.48,371748.62,192985.096,92937.155,2,2,40,0,1,0,1,1,39,33,0.86,33.54,1
Productora Neuquén,71744334505,2024-Q2,167,15052621.08,13035845.89,2016775.1899999995,6547816.76,18275606.85,5,1,452325.38,142613.32,90465.076,142613.32,0,1,0,0,1,0,1,1,30,37,3.91,117.3,1
Alimentos La Pampa,16002848432,2025-Q2,173,45791938.03,35075901.92,10716036.11,8067201.09,63116299.19,1,0,163691.98,0.0,163691.98,0.0,0,0,0,0,1,0,0,0,30,12,3.37,101.1,1
Alimentos La Pampa,16002848432,2024-Q1,49,32452032.77,23649758.92,8802273.849999998,6288164.69,43695830.64,2,0,383613.14,0.0,191806.57,0.0,0,0,0,1,0,1,0,1,42,6,0.6,25.2,1
Alimentos La Pampa,16002848432,2024-Q4,178,46963009.83,30840858.37,16122151.459999997,2141599.54,37631724.3,4,0,316921.9,0.0,79230.475,0.0,0,0,0,2,1,0,0,1,62,37,2.21,137.02,1
Tecnología La Pampa,06836711447,2025-Q1,27,49293510.56,46708564.06,2584946.5,5214473.11,64885026.69,4,0,295794.07,0.0,73948.5175,0.0,0,0,0,1,1,0,0,1,86,30,3.91,336.26,0
Tecnología La Pampa,06836711447,2024-Q1,188,22487730.78,19449425.21,3038305.5700000003,8054574.51,25724089.1,4,4,657524.18,676038.64,164381.045,169009.66,1,3,63,1,0,0,1,1,89,27,1.75,155.75,1
Cooperativa García,62058147277,2025-Q4,42,32409090.92,17577081.12,14832009.8,9686554.22,34366943.68,5,0,510785.12,0.0,102157.024,0.0,0,0,0,0,0,1,0,0,31,41,0.92,28.52,1
Cooperativa García,62058147277,2024-Q4,118,37202513.93,24297409.34,12905104.59,11148689.08,38146123.09,1,1,172148.88,55884.47,172148.88,55884.47,0,1,0,0,0,0,1,0,71,69,3.26,231.46,1
Distribuidora Checo,85499568276,2024-Q3,156,2944057.06,1550070.06,1393987.0,504040.85,3897072.05,1,0,151615.56,0.0,151615.56,0.0,0,0,0,1,1,0,0,1,80,30,4.3,344.0,0
Distribuidora Checo,85499568276,2025-Q2,195,6086626.02,5060360.36,1026265.6599999992,203250.91,8990980.21,0,0,0.0,0.0,0.0,0.0,0,0,0,0,0,1,0,1,27,37,2.7,72.9,1
Productora López,73640493637,2025-Q4,45,20114091.91,11208398.27,8905693.64,8298115.59,23639297.2,1,0,126322.11,0.0,126322.11,0.0,0,0,0,2,0,1,0,1,25,52,3.56,89.0,1
Productora López,73640493637,2025-Q2,87,10373808.28,8732201.25,1641607.0299999993,4424818.54,12421380.23,1,0,79477.87,0.0,79477.87,0.0,0,0,0,1,1,0,0,0,78,61,4.51,351.78,1
Productora López,73640493637,2025-Q1,141,14172264.52,9897786.64,4274477.879999999,1941316.73,19602659.33,4,4,560782.63,622238.48,140195.6575,155559.62,4,0,32,2,0,1,1,1,82,13,3.63,297.66,1
Distribuidora Rosario,87604002339,2025-Q2,81,21018571.25,12442028.52,8576542.73,6488631.98,27500569.05,4,1,307251.77,175586.86,76812.9425,175586.86,1,0,76,2,1,0,1,1,90,33,3.87,348.3,1
Distribuidora Rosario,87604002339,2025-Q1,110,23685445.16,12988939.86,10696505.3,9455233.45,22248359.67,3,0,516093.56,0.0,172031.18666666668,0.0,0,0,0,1,0,0,0,1,53,10,1.07,56.71,1
Distribuidora Rosario,87604002339,2024-Q2,152,31586973.9,23297447.19,8289526.709999997,1750949.24,41043053.33,1,1,54905.27,58473.7,54905.27,58473.7,1,0,72,1,1,0,1,1,42,7,0.54,22.68,1
Alimentos Salta,54783439294,2024-Q4,30,47077921.57,40264639.41,6813282.160000004,20443909.81,66677633.81,0,0,0.0,0.0,0.0,0.0,0,0,0,0,0,0,0,0,39,16,2.37,92.43,1
Alimentos Salta,54783439294,2025-Q3,146,42165777.98,33516866.77,8648911.209999997,7067798.28,47066509.51,2,0,276067.63,0.0,138033.815,0.0,0,0,0,0,0,0,0,0,87,25,0.54,46.98,0
Alimentos Salta,54783439294,2024-Q3,44,47402449.8,31918266.39,15484183.409999996,6344167.3,61942279.27,2,1,360488.26,135623.3,180244.13,135623.3,0,1,0,0,0,0,1,0,83,41,4.16,345.28,1
Alimentos Salta,54783439294,2024-Q1,132,29247576.71,15239230.67,14008346.040000001,8946853.64,33107006.4,1,0,108880.17,0.0,108880.17,0.0,0,0,0,1,0,1,0,1,56,66,3.21,179.76,1
Tecnología Vargas,85731877721,2025-Q2,130,47963598.03,25251405.76,22712192.27,8735661.8,49899650.63,4,0,442241.18,0.0,110560.295,0.0,0,0,0,1,1,1,0,0,87,69,4.28,372.36,1
Tecnología Vargas,85731877721,2024-Q2,74,28096119.38,26106043.9,1990075.4800000004,1639095.85,36472171.44,0,0,0.0,0.0,0.0,0.0,0,0,0,0,1,1,0,0,21,58,0.8,16.8,1
Tecnología Vargas,85731877721,2025-Q4,67,15064015.6,13298531.56,1765484.039999999,3394641.63,17463402.78,1,0,162501.92,0.0,162501.92,0.0,0,0,0,0,1,0,0,0,57,17,4.7,267.9,0
Tecnología Gutierrez,32425978983,2025-Q2,24,18285321.43,10711076.01,7574245.42,1348396.25,18343589.19,5,2,743806.56,180219.1,148761.312,90109.55,1,1,41,2,1,1,1,0,48,16,3.11,149.28,1
Tecnología Gutierrez,32425978983,2025-Q4,66,42389300.63,23263109.07,19126191.560000002,12096996.43,55557169.92,0,0,0.0,0.0,0.0,0.0,0,0,0,0,1,0,0,0,63,64,1.46,91.98,1
Comercial Martínez,39164556438,2024-Q3,176,20553463.5,15543972.52,5009490.98,3855707.01,24475599.21,0,0,0.0,0.0,0.0,0.0,0,0,0,2,0,1,0,1,71,22,3.25,230.75,1
Comercial Martínez,39164556438,2025-Q3,81,39575900.24,20691487.07,18884413.17,14689011.41,39387420.68,3,2,561799.34,339488.54,187266.44666666666,169744.27,0,2,0,0,0,1,1,1,41,59,4.8,196.8,1
Comercial Martínez,39164556438,2024-Q1,79,28886837.3,18715299.16,10171538.14,7410634.11,29778402.19,2,0,103816.87,0.0,51908.435,0.0,0,0,0,2,1,0,0,1,50,11,3.03,151.5,1
Tecnología López,67458426282,2025-Q4,87,29836172.68,23831482.56,6004690.120000001,2155657.52,39199718.18,4,3,233152.05,239795.1,58288.0125,79931.7,2,1,42,2,1,0,1,1,62,2,2.51,155.62,0
Tecnología López,67458426282,2025-Q1,101,5394339.2,4868591.05,525748.1500000004,2546212.65,4495570.15,0,0,0.0,0.0,0.0,0.0,0,0,0,2,0,1,0,1,55,4,1.78,97.9,0
Cooperativa Martínez,57577601014,2024-Q3,143,21023367.7,17428160.51,3595207.1899999976,4792202.64,21414119.27,1,0,118772.87,0.0,118772.87,0.0,0,0,0,1,1,0,0,1,67,12,4.75,318.25,1
Cooperativa Martínez,57577601014,2024-Q1,55,44072854.0,24135320.25,19937533.75,9308999.15,39798472.69,4,3,614128.86,365045.72,153532.215,121681.90666666666,2,1,88,0,0,1,1,1,41,54,1.62,66.42,1
Alimentos Río Negro,17654573891,2025-Q3,122,9505541.49,7202964.04,2302577.45,4257337.65,8672515.0,4,0,776740.38,0.0,194185.095,0.0,0,0,0,1,0,1,0,0,39,34,3.51,136.89,1
Alimentos Río Negro,17654573891,2025-Q2,101,42294493.69,34712581.73,7581911.960000001,14106309.18,38573583.6,3,0,520083.64,0.0,173361.21333333335,0.0,0,0,0,2,1,1,0,1,46,51,4.04,185.84,1
Alimentos Río Negro,17654573891,2024-Q4,161,2820319.95,1622778.24,1197541.7100000002,186644.94,2959530.73,3,0,478505.33,0.0,159501.77666666667,0.0,0,0,0,1,1,0,0,1,76,0,2.35,178.6,1
Comercial Rosario,39738210843,2024-Q2,198,39405208.01,26251368.16,13153839.849999998,5809949.87,51792949.33,5,2,460932.01,267531.63,92186.402,133765.815,2,0,63,0,1,1,1,1,72,5,3.83,275.76,1
Comercial Rosario,39738210843,2025-Q3,137,34900327.97,19612224.78,15288103.189999998,1260426.05,29112271.32,0,0,0.0,0.0,0.0,0.0,0,0,0,2,1,0,0,1,82,55,1.07,87.74,1
Consultora Buenos Aires,04800134601,2025-Q1,20,14670495.08,7889786.87,6780708.21,1256165.15,18056897.03,2,0,381122.71,0.0,190561.355,0.0,0,0,0,0,1,0,0,0,23,66,4.08,93.84,1
Consultora Buenos Aires,04800134601,2024-Q3,61,40203160.25,20812413.46,19390746.79,4552639.34,58593447.98,4,0,775811.02,0.0,193952.755,0.0,0,0,0,2,1,1,0,1,26,35,2.59,67.34,1
Consultora Buenos Aires,04800134601,2024-Q4,5,7926851.14,5373166.36,2553684.7799999993,11548.33,9437786.14,1,0,141090.52,0.0,141090.52,0.0,0,0,0,1,1,1,0,1,90,23,2.1,189.0,1
Consultora Buenos Aires,04800134601,2024-Q2,55,20555682.3,15695835.9,4859846.4,7837537.17,20534786.01,1,0,121079.29,0.0,121079.29,0.0,0,0,0,1,0,0,0,1,46,19,2.78,127.88,0
Tecnología Buenos Aires,09898602456,2024-Q4,191,41857891.38,32274193.51,9583697.870000001,17185903.24,50951390.97,3,2,483918.68,307788.53,161306.22666666665,153894.265,2,0,81,0,1,0,1,0,84,41,2.59,217.56,1
Tecnología Buenos Aires,09898602456,2024-Q2,193,18679426.59,17151879.68,1527546.9100000001,925433.43,22120145.75,5,2,907421.67,398946.01,181484.334,199473.005,2,0,81,0,1,1,1,0,73,63,2.29,167.17,1
Tecnología Buenos Aires,09898602456,2024-Q3,49,40786964.73,37777880.25,3009084.4799999967,17849912.05,55057122.26,3,0,182902.33,0.0,60967.44333333333,0.0,0,0,0,1,0,1,0,1,23,14,3.04,69.92,0
Industrias Dondero,05635422708,2025-Q4,136,19066765.51,15988406.18,3078359.330000002,4714906.02,15940932.12,2,2,318750.77,293342.95,159375.385,146671.475,2,0,90,0,1,0,1,1,45,60,2.81,126.45,1
Industrias Dondero,05635422708,2025-Q3,62,33912598.76,24701549.21,9211049.549999997,537262.29,48919026.73,1,0,193287.27,0.0,193287.27,0.0,0,0,0,0,0,0,0,0,31,44,1.42,44.02,1
Industrias Dondero,05635422708,2025-Q1,100,34235646.82,24122341.06,10113305.760000002,4999454.62,46199764.57,0,0,0.0,0.0,0.0,0.0,0,0,0,0,0,0,0,0,68,27,4.17,283.56,0
Industrias Dondero,05635422708,2024-Q4,61,47473785.23,31355472.61,16118312.619999997,3621978.03,65974494.87,5,3,947410.59,458056.63,189482.118,152685.54333333333,1,2,36,3,1,1,1,1,23,66,0.6,13.8,1
Grupo Río Negro,63989384529,2025-Q3,69,3593789.34,2416573.79,1177215.5499999998,975302.36,3936411.48,2,2,359042.0,206376.83,179521.0,103188.415,1,1,59,2,1,1,1,1,47,3,3.29,154.63,1
Grupo Río Negro,63989384529,2025-Q4,21,12647445.07,11088693.88,1558751.1899999995,734220.15,11787050.68,3,0,323861.83,0.0,107953.94333333334,0.0,0,0,0,2,1,0,0,1,66,33,3.06,201.96,1
Grupo Río Negro,63989384529,2024-Q2,71,46920865.88,33149432.13,13771433.750000004,21748917.67,42839421.38,4,2,681982.73,151231.29,170495.6825,75615.645,1,1,58,1,1,0,1,0,69,51,0.79,54.51,1
Grupo Río Negro,63989384529,2024-Q1,140,12850701.72,6837308.04,6013393.680000001,2218295.85,14189794.27,2,1,118664.99,136076.67,59332.495,136076.67,0,1,0,0,0,1,1,0,70,53,3.31,231.7,1
Alimentos Dondero,24753148185,2025-Q4,114,30324064.85,22319865.66,8004199.190000001,6131129.16,41932826.52,3,3,500813.82,408822.25,166937.94,136274.08333333334,3,0,41,1,0,0,1,1,62,3,1.51,93.62,1
Alimentos Dondero,24753148185,2024-Q1,44,29190074.31,20590656.95,8599417.36,10170394.78,37503473.93,2,0,224058.36,0.0,112029.18,0.0,0,0,0,0,1,1,0,0,85,44,3.92,333.2,1
Alimentos Dondero,24753148185,2024-Q3,180,12209823.15,8034435.46,4175387.6900000004,132750.9,15666455.41,0,0,0.0,0.0,0.0,0.0,0,0,0,0,1,0,0,0,89,2,0.99,88.11,1
Consultora Gómez,27591497941,2025-Q4,31,34555779.35,23393844.04,11161935.310000002,3200323.93,42203207.18,5,3,279098.05,346091.73,55819.61,115363.90999999999,1,2,65,2,1,1,1,1,60,32,4.32,259.2,1
Consultora Gómez,27591497941,2024-Q4,110,46189331.03,25498751.39,20690579.64,19634121.07,61597893.6,5,0,994321.38,0.0,198864.276,0.0,0,0,0,3,1,1,0,1,26,37,4.47,116.22,1
Consultora Gómez,27591497941,2024-Q2,53,26992015.71,21320928.68,5671087.030000001,13022615.69,23499309.62,1,0,144593.38,0.0,144593.38,0.0,0,0,0,2,1,0,0,1,86,12,4.82,414.52,0
Grupo Río Negro,79531271975,2025-Q3,43,25962552.14,18161820.52,7800731.620000001,5474975.07,30268524.11,3,2,390893.26,167369.22,130297.75333333334,83684.61,2,0,44,1,0,1,1,0,78,64,2.19,170.82,1
Grupo Río Negro,79531271975,2024-Q2,179,14472117.36,11692370.29,2779747.0700000003,5844289.05,19140885.23,5,5,682406.9,923221.99,136481.38,184644.398,1,4,83,0,0,0,1,1,86,60,4.7,404.2,1
Comercial Paraná,12587065537,2024-Q3,97,4591810.07,2375172.19,2216637.8800000004,1100493.94,6640746.74,4,2,273061.9,214629.08,68265.475,107314.54,1,1,73,0,1,1,1,0,71,67,4.02,285.42,1
Comercial Paraná,12587065537,2025-Q2,128,36967543.36,31413432.93,5554110.43,13127901.32,32262009.65,2,0,264099.74,0.0,132049.87,0.0,0,0,0,1,0,1,0,1,79,6,1.34,105.86,0
Comercial Paraná,12587065537,2024-Q1,29,26739420.46,19582131.9,7157288.560000002,7770609.73,36327623.41,3,0,460034.23,0.0,153344.74333333332,0.0,0,0,0,1,0,1,0,1,85,36,0.8,68.0,1
Grupo Rodríguez,34228388390,2025-Q1,11,12152806.03,6829841.81,5322964.22,2798460.18,14715076.7,5,0,845888.3,0.0,169177.66,0.0,0,0,0,0,0,0,0,0,23,42,4.38,100.74,1
Grupo Rodríguez,34228388390,2024-Q4,188,39704083.12,23672520.73,16031562.389999997,16629549.48,46883361.67,5,5,934962.51,652787.57,186992.502,130557.514,3,2,87,0,0,1,1,1,83,21,3.87,321.21,1
Grupo Rodríguez,34228388390,2025-Q3,132,20644361.29,18914360.69,1730000.5999999978,9107395.03,25463746.67,1,0,133259.23,0.0,133259.23,0.0,0,0,0,1,1,0,0,0,71,16,1.29,91.59,1
Distribuidora García,00142408239,2025-Q2,66,1440770.18,1265294.95,175475.22999999998,119713.48,1891353.02,2,0,203516.44,0.0,101758.22,0.0,0,0,0,0,0,0,0,1,78,17,2.0,156.0,0
Distribuidora García,00142408239,2025-Q3,164,38529532.45,35718074.27,2811458.1799999997,10987597.35,50687731.38,2,2,216474.62,159886.17,108237.31,79943.085,1,1,51,2,1,0,1,1,54,27,3.65,197.1,1
Distribuidora García,00142408239,2024-Q4,19,4745181.36,4293922.1,451259.2600000007,489095.35,6488624.46,2,0,170689.69,0.0,85344.845,0.0,0,0,0,0,0,1,0,1,34,7,3.69,125.46,1
Tecnología Sánchez,06678720058,2024-Q1,118,32314355.17,18663343.76,13651011.41,8648289.37,41728963.37,0,0,0.0,0.0,0.0,0.0,0,0,0,0,0,0,0,0,44,53,3.4,149.6,1
Tecnología Sánchez,06678720058,2025-Q4,111,4602300.13,2987603.9,1614696.23,1615223.02,5517353.37,0,0,0.0,0.0,0.0,0.0,0,0,0,1,0,1,0,1,86,67,4.17,358.62,1
Productora Río Negro,14085132659,2024-Q1,24,9769458.71,9047941.65,721517.0600000005,3000466.88,12590063.0,0,0,0.0,0.0,0.0,0.0,0,0,0,0,1,0,0,0,26,16,1.22,31.72,0
Productora Río Negro,14085132659,2025-Q1,88,6482399.08,6111267.74,371131.33999999985,945048.08,8763504.31,1,0,158955.19,0.0,158955.19,0.0,0,0,0,0,0,1,0,1,82,7,4.69,384.58,0
Productora Vargas,42217579306,2024-Q2,73,15374164.79,12262217.38,3111947.4099999983,6602794.47,22084280.89,0,0,0.0,0.0,0.0,0.0,0,0,0,0,0,0,0,0,64,55,2.26,144.64,1
Productora Vargas,42217579306,2024-Q3,37,5938276.8,4609687.85,1328588.9500000002,1370414.78,5387109.2,2,0,394148.77,0.0,197074.385,0.0,0,0,0,1,1,1,0,1,72,28,3.44,247.68,0
Productora Vargas,42217579306,2025-Q4,55,24920814.42,14794243.71,10126570.71,7060397.3,21804605.52,3,0,222053.98,0.0,74017.99333333333,0.0,0,0,0,0,0,1,0,1,47,63,4.91,230.77,1
Productora Vargas,42217579306,2025-Q3,145,19305480.18,15386362.05,3919118.129999999,6032551.97,16996329.12,0,0,0.0,0.0,0.0,0.0,0,0,0,2,1,1,0,1,27,6,0.87,23.49,0
Industrias La Pampa,04106097181,2024-Q1,117,19865296.61,10173969.39,9691327.219999999,6176919.53,21584439.67,0,0,0.0,0.0,0.0,0.0,0,0,0,0,1,0,0,1,37,3,4.8,177.6,1
Industrias La Pampa,04106097181,2025-Q3,177,25708299.22,17680506.22,8027793.0,7015184.04,21587109.68,5,2,529365.36,162878.98,105873.072,81439.49,0,2,0,0,1,0,1,0,55,13,1.92,105.6,0
Industrias La Pampa,04106097181,2025-Q2,6,27553566.54,25789209.18,1764357.3599999994,3574661.68,38469616.92,0,0,0.0,0.0,0.0,0.0,0,0,0,0,1,0,0,0,40,45,3.37,134.8,1
Industrias La Pampa,04106097181,2024-Q4,191,6881307.41,6295046.03,586261.3799999999,98021.27,9090633.81,3,2,285044.04,111203.14,95014.68,55601.57,1,1,53,1,0,1,1,0,79,45,0.5,39.5,1
Productora Dondero,43445747919,2025-Q3,128,18509791.05,10371338.24,8138452.8100000005,1455858.24,23484328.32,3,3,437532.21,345241.02,145844.07,115080.34000000001,2,1,31,3,1,1,1,1,65,4,0.61,39.65,1
Productora Dondero,43445747919,2024-Q2,50,49026975.77,42594238.02,6432737.75,372428.64,54337880.13,5,2,903446.16,163642.69,180689.23200000002,81821.345,1,1,52,1,0,0,1,1,54,33,2.64,142.56,1
Productora Dondero,43445747919,2024-Q3,186,16840696.79,10916977.71,5923719.079999998,758158.8,20314054.87,1,0,72379.29,0.0,72379.29,0.0,0,0,0,0,1,1,0,1,45,25,1.25,56.25,1
Industrias Pérez,76921489005,2025-Q3,52,2094381.17,1966174.81,128206.35999999987,816256.23,1767065.18,5,3,274329.31,479522.51,54865.862,159840.83666666667,0,3,0,1,0,0,1,1,50,50,3.48,174.0,1
Industrias Pérez,76921489005,2024-Q1,62,25518973.85,23612305.36,1906668.490000002,6965527.85,32000424.68,2,0,135734.57,0.0,67867.285,0.0,0,0,0,0,1,1,0,1,82,15,4.48,367.36,0
Industrias Pérez,76921489005,2025-Q4,156,42175417.91,30191949.96,11983467.949999996,2824061.86,49492882.78,3,0,263720.45,0.0,87906.81666666667,0.0,0,0,0,0,0,0,0,0,27,5,4.66,125.82,0
Servicios Buenos Aires,46581472606,2024-Q3,169,44438264.87,35406552.81,9031712.059999995,2009392.28,63482713.44,2,0,202513.07,0.0,101256.535,0.0,0,0,0,0,0,0,0,1,24,6,1.53,36.72,1
Servicios Buenos Aires,46581472606,2024-Q2,61,14439470.55,11841049.59,2598420.960000001,5300078.15,13820876.32,3,2,512913.01,349923.6,170971.00333333333,174961.8,1,1,74,1,1,0,1,0,62,5,3.29,203.98,0
Servicios Buenos Aires,46581472606,2024-Q1,170,38085776.5,35411203.74,2674572.759999998,7500798.18,52756687.53,2,2,391708.0,280434.5,195854.0,140217.25,1,1,69,1,1,0,1,1,35,44,3.41,119.35,1
Servicios Buenos Aires,46581472606,2024-Q4,144,44118236.96,33150169.41,10968067.55,18352475.84,59218068.22,1,1,130808.66,54216.91,130808.66,54216.91,1,0,49,1,0,1,1,1,51,23,4.47,227.97,0
Tecnología Córdoba,41328707100,2024-Q2,27,43313579.57,31364319.12,11949260.45,2379022.21,47641568.69,2,0,152303.9,0.0,76151.95,0.0,0,0,0,0,0,0,0,1,35,63,0.71,24.85,1
Tecnología Córdoba,41328707100,2024-Q1,42,14936974.58,8559947.68,6377026.9,2665781.71,13795515.22,1,0,107773.86,0.0,107773.86,0.0,0,0,0,0,0,0,0,1,34,58,4.61,156.74,1
Tecnología Córdoba,41328707100,2025-Q2,86,14187711.09,8438212.0,5749499.09,3262949.4,16991168.99,3,0,348423.74,0.0,116141.24666666666,0.0,0,0,0,2,1,1,0,0,25,18,0.67,16.75,1
Tecnología Córdoba,41328707100,2025-Q1,27,41145487.6,28889084.21,12256403.39,3971245.19,38373637.25,2,1,325263.11,174206.75,162631.555,174206.75,1,0,87,2,1,1,1,0,38,52,4.42,167.96,1
Consultora Gómez,99936061766,2025-Q3,20,10482918.57,9072030.12,1410888.4500000011,2310697.11,14305540.61,2,0,234701.97,0.0,117350.985,0.0,0,0,0,1,1,1,0,0,54,22,3.97,214.38,1
Consultora Gómez,99936061766,2024-Q1,75,45370961.0,32532015.55,12838945.45,1298384.39,41555696.74,2,2,378579.33,122131.73,189289.665,61065.865,2,0,74,1,0,1,1,0,31,14,1.5,46.5,0
Consultora Gómez,99936061766,2024-Q4,147,24647705.95,17976241.81,6671464.140000001,8404158.1,33713880.57,5,5,923091.11,907741.22,184618.222,181548.244,4,1,61,1,0,0,1,1,65,42,0.89,57.85,1
Grupo Salta,93394114030,2024-Q1,168,31512558.15,21439344.61,10073213.54,13954752.68,39342623.06,0,0,0.0,0.0,0.0,0.0,0,0,0,0,0,0,0,0,49,40,1.83,89.67,1
Grupo Salta,93394114030,2024-Q4,74,34814866.04,32413727.67,2401138.3699999973,7105975.52,42626073.51,5,3,609522.22,454164.18,121904.44399999999,151388.06,0,3,0,1,1,0,1,1,28,65,2.17,60.76,1
Grupo Salta,93394114030,2024-Q3,144,35638572.7,28575593.85,7062978.8500000015,14647109.7,31868228.24,4,4,656150.08,436628.54,164037.52,109157.135,1,3,75,0,1,0,1,0,51,19,1.49,75.99,1
Alimentos Fernández,58329248860,2025-Q3,13,7283386.04,6894956.66,388429.3799999999,2453320.09,6331181.24,0,0,0.0,0.0,0.0,0.0,0,0,0,0,1,0,0,0,47,10,1.78,83.66,0
Alimentos Fernández,58329248860,2025-Q2,95,8176871.55,5776883.26,2399988.29,2636205.82,7414140.52,5,1,873832.4,185016.39,174766.48,185016.39,1,0,47,0,0,0,1,0,43,26,1.3,55.9,1
Alimentos Fernández,58329248860,2024-Q2,51,6315470.03,3198260.8,3117209.2300000004,600217.52,6489884.03,3,0,581442.96,0.0,193814.31999999998,0.0,0,0,0,1,1,0,0,1,42,11,2.75,115.5,0
Productora López,35365375865,2025-Q4,72,32538002.24,19965887.61,12572114.629999999,10452618.1,33104266.66,2,0,366802.38,0.0,183401.19,0.0,0,0,0,0,0,0,0,0,42,7,4.93,207.06,1
Productora López,35365375865,2025-Q3,171,49815818.48,32415603.83,17400214.65,4625722.71,51596654.53,1,0,156679.24,0.0,156679.24,0.0,0,0,0,0,1,0,0,1,90,37,4.95,445.5,1
Productora López,35365375865,2024-Q1,42,1402736.65,859528.68,543207.9699999999,415778.95,1538387.91,3,0,449091.01,0.0,149697.00333333333,0.0,0,0,0,1,0,1,0,1,55,33,1.48,81.4,1
Consultora Dondero,22502377835,2025-Q1,128,3811000.91,2421008.01,1389992.9000000004,1091420.49,3262940.48,0,0,0.0,0.0,0.0,0.0,0,0,0,0,0,0,0,0,59,7,4.05,238.95,0
Consultora Dondero,22502377835,2025-Q2,169,42873667.95,30659263.98,12214403.970000003,16915743.29,38032365.28,3,0,504775.62,0.0,168258.54,0.0,0,0,0,1,1,1,0,1,45,52,4.56,205.2,1
Industrias Córdoba,29509932409,2024-Q3,154,21699083.64,10992967.41,10706116.23,9325247.38,24778088.51,4,0,524614.03,0.0,131153.5075,0.0,0,0,0,1,0,1,0,0,69,55,2.71,186.99,1
Industrias Córdoba,29509932409,2024-Q1,177,38954369.15,33128570.33,5825798.82,13926552.49,39968568.28,0,0,0.0,0.0,0.0,0.0,0,0,0,1,1,0,0,1,33,15,0.57,18.81,0
Servicios Paraná,94430553874,2024-Q3,148,35901265.78,33781420.92,2119844.8599999994,12095289.25,42890185.54,3,2,557243.46,268512.95,185747.81999999998,134256.475,1,1,77,2,0,1,1,1,83,8,1.27,105.41,0
Servicios Paraná,94430553874,2025-Q1,120,5042145.88,4334439.41,707706.4699999997,347795.28,4043601.58,3,2,246510.04,310645.47,82170.01333333334,155322.735,0,2,0,1,1,1,1,1,52,42,1.46,75.92,1
Servicios Paraná,94430553874,2024-Q4,173,33549887.44,17470824.21,16079063.23,5948513.27,49521373.71,1,0,52305.22,0.0,52305.22,0.0,0,0,0,0,0,0,0,0,27,16,3.17,85.59,1
Servicios Paraná,94430553874,2024-Q1,109,2072044.28,1127793.97,944250.31,699228.67,2010883.03,5,2,316845.63,306739.41,63369.126000000004,153369.705,2,0,60,0,1,1,1,0,51,49,2.38,121.38,1
Consultora Río Negro,27734357019,2025-Q3,19,42597487.98,35729300.93,6868187.049999997,6690080.91,51249057.51,5,0,530297.59,0.0,106059.518,0.0,0,0,0,0,0,0,0,1,58,50,3.9,226.2,1
Consultora Río Negro,27734357019,2024-Q4,48,2028527.32,1739027.16,289500.16000000015,199361.36,1754654.88,4,2,687967.4,161735.43,171991.85,80867.715,2,0,57,2,0,1,1,1,61,19,0.88,53.68,1
Consultora Río Negro,27734357019,2025-Q4,71,38080270.87,20716046.56,17364224.31,164295.24,54267347.31,4,3,616845.0,325787.1,154211.25,108595.7,2,1,84,1,1,1,1,0,58,12,1.31,75.98,1
Consultora Río Negro,27734357019,2024-Q3,119,3722087.75,3240122.33,481965.4199999999,1448703.21,4551431.33,2,1,136239.23,159252.93,68119.615,159252.93,0,1,0,0,1,0,1,0,56,27,3.11,174.16,0
Comercial La Pampa,30146643558,2024-Q3,167,21430867.16,15814654.89,5616212.27,10370209.81,24619348.9,5,3,920698.63,387438.69,184139.726,129146.23,0,3,0,1,1,1,1,1,85,35,3.77,320.45,1
Comercial La Pampa,30146643558,2024-Q1,81,1210423.41,628907.98,581515.4299999999,141242.29,1794086.26,5,3,745361.89,250523.24,149072.378,83507.74666666666,1,2,73,0,0,1,1,0,45,41,1.26,56.7,1
Comercial Río Negro,02980805837,2025-Q4,53,9904705.18,7985888.01,1918817.17,3797120.19,13393353.34,3,3,211144.2,262573.43,70381.40000000001,87524.47666666667,1,2,53,1,1,1,1,0,32,2,1.66,53.12,0
Comercial Río Negro,02980805837,2025-Q3,60,3964765.54,3333790.0,630975.54,1559932.91,3968220.08,4,1,770105.53,130483.21,192526.3825,130483.21,0,1,0,0,1,1,1,0,42,0,4.2,176.4,0
Comercial Río Negro,02980805837,2025-Q2,122,27993628.99,16795639.96,11197989.029999997,13329622.8,40892420.15,4,2,280790.31,242401.54,70197.5775,121200.77,0,2,0,0,1,1,1,0,20,39,0.79,15.8,1
Comercial Río Negro,02980805837,2024-Q1,100,14001957.83,7053584.09,6948373.74,4400358.54,17573133.07,3,0,195867.77,0.0,65289.25666666666,0.0,0,0,0,0,0,1,0,1,55,35,3.96,217.8,1
Industrias Paraná,65469890749,2025-Q3,9,28741020.29,19488046.73,9252973.559999999,1773301.89,35325851.6,4,0,558765.19,0.0,139691.2975,0.0,0,0,0,1,0,1,0,1,62,62,2.12,131.44,1
Industrias Paraná,65469890749,2025-Q4,192,35562798.55,29516552.62,6046245.929999996,16661048.2,50859066.26,0,0,0.0,0.0,0.0,0.0,0,0,0,1,0,0,0,1,20,23,4.86,97.2,0
Industrias Paraná,65469890749,2025-Q1,97,5705645.37,3351809.39,2353835.98,1901262.19,6792135.47,4,1,200946.35,123085.25,50236.5875,123085.25,1,0,66,0,1,1,1,0,61,22,4.3,262.3,0
Industrias Paraná,65469890749,2024-Q2,194,38003023.91,24901658.76,13101365.149999995,16081635.21,46282925.94,5,5,337330.64,743643.38,67466.128,148728.676,0,5,0,1,1,0,1,0,20,22,4.38,87.6,0
Alimentos Salta,12916189312,2024-Q2,174,14197456.81,11290500.28,2906956.530000001,6128753.85,17964604.73,2,0,186594.94,0.0,93297.47,0.0,0,0,0,0,1,0,0,0,79,42,4.11,324.69,1
Alimentos Salta,12916189312,2024-Q3,50,2206701.86,2066415.39,140286.46999999997,568511.78,2203401.53,4,1,616230.12,101183.28,154057.53,101183.28,1,0,68,0,0,0,1,0,35,51,1.19,41.65,1
Comercial Checo,55416648154,2025-Q3,104,20102733.64,11140945.83,8961787.81,2312843.52,16929597.5,4,3,280983.31,502268.14,70245.8275,167422.71333333335,1,2,53,2,1,1,1,0,36,53,2.42,87.12,1
Comercial Checo,55416648154,2024-Q2,29,47747240.76,26558986.96,21188253.799999997,9734615.7,56237985.93,3,0,435241.84,0.0,145080.61333333334,0.0,0,0,0,1,0,1,0,1,28,15,1.52,42.56,0
Comercial Checo,55416648154,2024-Q3,73,3869046.08,3133704.95,735341.1299999999,721217.27,4308556.7,3,0,511570.7,0.0,170523.56666666668,0.0,0,0,0,0,0,0,0,1,24,56,1.25,30.0,1
Comercial Checo,55416648154,2025-Q4,72,20254976.92,18906449.14,1348527.7800000012,5870224.87,28529875.38,0,0,0.0,0.0,0.0,0.0,0,0,0,0,0,1,0,1,79,49,4.48,353.92,1
Distribuidora Martínez,56572965354,2025-Q2,132,9588498.4,4919464.19,4669034.21,1713928.68,9982668.83,4,0,545868.7,0.0,136467.175,0.0,0,0,0,0,1,1,0,0,63,51,3.2,201.6,1
Distribuidora Martínez,56572965354,2024-Q3,119,46861420.48,28435089.24,18426331.24,20358972.19,61839423.53,3,0,186537.18,0.0,62179.06,0.0,0,0,0,0,0,0,0,0,60,55,1.38,82.8,1
Servicios López,18020663168,2025-Q4,30,45582504.94,41289795.91,4292709.030000001,8224223.51,36717822.76,1,1,135127.98,98066.54,135127.98,98066.54,1,0,30,0,1,0,1,0,64,58,3.16,202.24,1
Servicios López,18020663168,2024-Q3,182,33373886.65,31171112.13,2202774.5199999996,13721320.16,32513040.13,4,0,760536.28,0.0,190134.07,0.0,0,0,0,0,1,0,0,1,47,28,1.94,91.18,0
Servicios López,18020663168,2025-Q2,119,30423202.51,26828192.5,3595010.0100000016,5143151.5,29556402.28,4,3,588637.22,335565.88,147159.305,111855.29333333333,0,3,0,2,0,1,1,1,78,1,1.75,136.5,1
Servicios López,18020663168,2024-Q1,31,34962140.23,20365554.39,14596585.839999996,9930763.14,38305124.42,0,0,0.0,0.0,0.0,0.0,0,0,0,1,1,1,0,1,66,50,1.31,86.46,1
Comercial Pérez,36447171360,2024-Q3,187,33444958.09,30492962.79,2951995.3000000007,729072.43,43447246.71,2,2,156665.69,158560.73,78332.845,79280.365,2,0,41,1,1,0,1,1,35,45,2.26,79.1,1
Comercial Pérez,36447171360,2025-Q4,44,4310704.72,3015477.19,1295227.5299999998,1227677.26,5184764.13,3,0,451762.55,0.0,150587.51666666666,0.0,0,0,0,1,0,1,0,1,30,63,2.61,78.3,1
Comercial Pérez,36447171360,2024-Q2,169,6963249.95,4436168.48,2527081.4699999997,3016808.78,7788711.79,5,3,584662.58,282648.97,116932.51599999999,94216.32333333332,3,0,67,0,1,1,1,0,56,37,4.79,268.24,1
Comercial Pérez,36447171360,2025-Q3,75,15564891.28,14252049.55,1312841.7299999986,4213150.89,14599492.71,2,0,271343.06,0.0,135671.53,0.0,0,0,0,2,0,1,0,1,73,52,3.76,274.48,1
Alimentos Vargas,62904292430,2024-Q3,171,11900926.04,7149476.49,4751449.549999999,5051869.57,12546040.66,5,5,456399.44,733051.85,91279.888,146610.37,0,5,0,0,1,0,1,0,71,57,2.1,149.1,1
Alimentos Vargas,62904292430,2024-Q1,76,21924617.77,18630077.8,3294539.969999999,1189729.84,20152656.29,5,2,855603.63,374634.72,171120.726,187317.36,1,1,63,1,1,1,1,1,83,52,2.86,237.38,1
Alimentos Vargas,62904292430,2024-Q4,72,20220690.83,15587900.72,4632790.109999998,2657508.18,22171721.24,2,0,111163.37,0.0,55581.685,0.0,0,0,0,1,0,1,0,1,35,51,4.29,150.15,1
Alimentos Vargas,62904292430,2025-Q1,51,18616946.37,10057976.27,8558970.100000001,5332989.47,18246047.67,5,3,288468.71,410706.6,57693.742000000006,136902.19999999998,3,0,85,0,0,1,1,1,60,1,2.29,137.4,0
Servicios García,84573877741,2024-Q2,63,25528487.07,21996958.66,3531528.41,9910175.48,36068740.37,5,0,955509.92,0.0,191101.984,0.0,0,0,0,0,0,0,0,1,23,54,4.22,97.06,1
Servicios García,84573877741,2025-Q3,154,23448693.43,15581533.73,7867159.699999999,5551078.84,28216875.05,1,0,128026.98,0.0,128026.98,0.0,0,0,0,1,0,1,0,0,20,62,3.68,73.6,1
Consultora Paraná,55398162717,2025-Q4,59,20198432.08,11318476.16,8879955.919999998,5297512.12,24003719.43,1,0,84962.82,0.0,84962.82,0.0,0,0,0,3,1,1,0,1,84,6,3.88,325.92,1
Consultora Paraná,55398162717,2024-Q2,89,45668871.56,22946108.87,22722762.69,21407917.17,53455215.5,5,4,749412.68,723885.5,149882.53600000002,180971.375,1,3,67,0,0,1,1,0,59,34,4.12,243.08,1
Consultora Paraná,55398162717,2024-Q3,16,31186806.79,16358331.76,14828475.03,5858226.83,27074176.08,3,0,598301.32,0.0,199433.77333333332,0.0,0,0,0,1,0,1,0,0,57,42,4.18,238.26,1
Consultora Paraná,55398162717,2025-Q2,57,5577237.26,5047109.96,530127.2999999998,1407566.95,5848240.11,2,0,389576.64,0.0,194788.32,0.0,0,0,0,0,1,1,0,1,81,54,3.91,316.71,1
Cooperativa Paraná,98923091053,2024-Q1,41,25298853.9,16719337.23,8579516.669999998,9717493.82,34340946.99,4,4,242839.6,607328.35,60709.9,151832.0875,1,3,77,0,0,1,1,0,65,55,4.12,267.8,1
Cooperativa Paraná,98923091053,2025-Q1,76,29365388.58,18341727.9,11023660.68,2509338.67,42545388.01,0,0,0.0,0.0,0.0,0.0,0,0,0,0,0,0,0,0,66,66,3.35,221.1,1
Cooperativa Paraná,98923091053,2024-Q4,46,1202736.44,905142.12,297594.31999999995,400286.38,1572890.68,1,0,148216.1,0.0,148216.1,0.0,0,0,0,0,0,0,0,0,49,22,1.85,90.65,1
Servicios López,36747059594,2025-Q3,196,6429793.11,4199365.92,2230427.1900000004,21117.31,8519075.35,0,0,0.0,0.0,0.0,0.0,0,0,0,0,1,1,0,1,86,27,4.71,405.06,1
Servicios López,36747059594,2025-Q1,146,47396902.46,37548633.96,9848268.5,20726176.32,42677352.25,1,0,100318.01,0.0,100318.01,0.0,0,0,0,1,0,1,0,0,55,20,2.57,141.35,0
Consultora Santa Fe,03406657879,2024-Q4,64,29919034.76,23116945.89,6802088.870000001,9181827.66,37114895.54,2,1,372672.49,156647.44,186336.245,156647.44,0,1,0,1,1,1,1,1,31,36,2.85,88.35,1
Consultora Santa Fe,03406657879,2025-Q2,79,29600151.82,21682584.71,7917567.109999999,6846976.94,26699382.01,3,2,233289.57,276736.47,77763.19,138368.235,0,2,0,2,1,0,1,1,59,33,3.61,212.99,1
Consultora Santa Fe,03406657879,2025-Q4,143,18144439.12,12215482.73,5928956.390000001,7551615.25,18159042.05,5,3,516244.59,218817.57,103248.918,72939.19,2,1,69,1,1,1,1,0,53,27,2.02,107.06,0
Consultora Santa Fe,03406657879,2025-Q1,161,29587820.75,16300906.11,13286914.64,24090.44,29794179.06,5,2,292076.43,186020.32,58415.286,93010.16,0,2,0,2,1,1,1,0,70,19,2.59,181.3,1
Consultora Salta,48789342522,2024-Q4,130,41393148.87,22541480.43,18851668.439999998,19200879.75,58585237.38,0,0,0.0,0.0,0.0,0.0,0,0,0,1,0,1,0,0,87,29,4.94,429.78,1
Consultora Salta,48789342522,2025-Q1,88,33514594.93,21545360.71,11969234.219999999,13244829.86,34188559.97,1,0,89313.64,0.0,89313.64,0.0,0,0,0,0,0,0,0,0,75,49,2.74,205.5,1
Consultora Salta,48789342522,2024-Q3,105,41125800.36,31654011.33,9471789.030000001,4610250.45,45437339.85,0,0,0.0,0.0,0.0,0.0,0,0,0,1,1,1,0,1,57,56,2.45,139.65,1
Consultora Salta,48789342522,2024-Q1,168,11891278.32,9013779.27,2877499.0500000007,4999124.4,9537451.68,4,4,465015.59,692199.49,116253.8975,173049.8725,3,1,75,0,0,0,1,0,26,44,2.64,68.64,1
Cooperativa La Pampa,41433247800,2024-Q2,181,44814520.34,40196520.23,4618000.110000007,4682909.84,56759853.24,3,0,255847.27,0.0,85282.42333333332,0.0,0,0,0,1,1,0,0,0,43,29,4.07,175.01,1
Cooperativa La Pampa,41433247800,2024-Q3,161,18925172.79,13885017.56,5040155.229999999,3869432.67,22559309.63,2,0,345365.39,0.0,172682.695,0.0,0,0,0,0,0,0,0,1,73,44,1.72,125.56,1
Distribuidora Río Negro,57645510242,2024-Q4,81,24316568.87,16162197.18,8154371.690000001,11985334.33,34718190.67,0,0,0.0,0.0,0.0,0.0,0,0,0,1,1,1,0,1,76,7,1.11,84.36,1
Distribuidora Río Negro,57645510242,2024-Q2,103,24345676.45,19242220.04,5103456.41,2778526.73,29280155.27,4,0,402703.79,0.0,100675.9475,0.0,0,0,0,1,1,0,0,1,46,37,4.73,217.58,1
Cooperativa García,93325587204,2024-Q3,61,36294139.43,27875584.02,8418555.41,2574859.02,39370907.6,0,0,0.0,0.0,0.0,0.0,0,0,0,2,1,1,0,0,57,28,4.67,266.19,1
Cooperativa García,93325587204,2025-Q1,9,2136227.67,1325357.15,810870.52,450465.9,2508235.01,3,0,527032.48,0.0,175677.49333333332,0.0,0,0,0,0,1,0,0,1,58,10,0.93,53.94,1
Alimentos Río Negro,14105637730,2024-Q3,10,35927382.09,19069246.93,16858135.160000004,11352345.69,46746246.83,4,4,359400.06,485857.14,89850.015,121464.285,3,1,70,0,0,1,1,0,28,43,0.83,23.24,1
Alimentos Río Negro,14105637730,2024-Q1,98,19672325.9,18453015.37,1219310.5299999975,8182992.36,25999586.3,5,1,542864.42,97897.66,108572.884,97897.66,1,0,33,0,0,1,1,1,83,56,4.92,408.36,1
Grupo Rosario,42410422980,2025-Q1,151,31891025.29,16445418.06,15445607.229999999,3984611.47,42411831.97,2,2,325252.0,236336.83,162626.0,118168.415,1,1,45,1,1,0,1,0,76,31,4.19,318.44,1
Grupo Rosario,42410422980,2025-Q3,65,3962263.27,2516765.66,1445497.6099999999,1069118.45,3694504.16,2,1,142245.55,78629.55,71122.775,78629.55,1,0,71,0,1,1,1,0,30,46,1.53,45.9,1
Consultora Mendoza,55916607976,2024-Q2,180,8425236.42,6432917.49,1992318.9299999997,427934.93,12451445.83,1,0,127867.41,0.0,127867.41,0.0,0,0,0,0,0,1,0,1,45,40,1.72,77.4,1
Consultora Mendoza,55916607976,2025-Q4,43,42537263.22,25391922.07,17145341.15,2736407.99,41142739.19,0,0,0.0,0.0,0.0,0.0,0,0,0,0,0,1,0,0,50,48,4.05,202.5,1
Consultora Mendoza,55916607976,2025-Q3,19,43268512.44,36758811.09,6509701.349999994,9918273.66,54653608.39,5,2,530429.53,185399.04,106085.906,92699.52,0,2,0,1,1,0,1,1,77,67,4.19,322.63,1
Industrias Río Negro,00928835244,2025-Q2,32,21484616.98,19951982.04,1532634.9400000013,10275191.59,21488314.76,4,3,637648.89,192378.05,159412.2225,64126.01666666666,1,2,68,1,0,0,1,1,33,43,2.22,73.26,1
Industrias Río Negro,00928835244,2025-Q1,121,1288564.83,699430.23,589134.6000000001,145442.23,1259711.75,2,0,259772.83,0.0,129886.415,0.0,0,0,0,1,1,1,0,1,27,15,2.44,65.88,0
Industrias Río Negro,00928835244,2024-Q4,48,21613361.41,17543889.0,4069472.41,5085768.16,30854576.03,5,0,253263.31,0.0,50652.662,0.0,0,0,0,1,0,1,0,1,68,26,3.14,213.52,1
Industrias Río Negro,00928835244,2024-Q1,199,2030288.8,1854492.63,175796.17000000016,21956.67,1779286.96,0,0,0.0,0.0,0.0,0.0,0,0,0,0,0,0,0,0,89,4,1.88,167.32,1
Comercial Gómez,47922694101,2025-Q1,12,18517793.53,12576793.12,5941000.410000002,7839094.07,19301348.44,3,3,192742.93,526511.01,64247.64333333333,175503.67,2,1,72,2,0,1,1,1,50,69,3.66,183.0,1
Comercial Gómez,47922694101,2024-Q1,99,31772887.02,29625019.48,2147867.539999999,88958.66,35818177.71,1,0,53800.38,0.0,53800.38,0.0,0,0,0,2,1,1,0,1,41,61,4.45,182.45,1
Comercial Gómez,47922694101,2025-Q4,196,34369682.33,29504035.16,4865647.169999998,6746349.98,28559432.19,0,0,0.0,0.0,0.0,0.0,0,0,0,0,1,0,0,0,63,13,2.7,170.1,1
Comercial Gómez,47922694101,2024-Q4,178,8120922.91,7046846.59,1074076.3200000003,2078589.2,7282787.55,1,0,89656.47,0.0,89656.47,0.0,0,0,0,0,1,0,0,0,81,18,1.0,81.0,1
Productora Salta,17287736905,2025-Q4,161,10548125.94,8237207.54,2310918.3999999994,926548.62,12063775.47,2,0,338888.88,0.0,169444.44,0.0,0,0,0,1,1,0,0,0,76,40,1.35,102.6,1
Productora Salta,17287736905,2025-Q2,163,36164397.09,25552768.95,10611628.140000004,14212306.54,34531459.43,2,0,355642.32,0.0,177821.16,0.0,0,0,0,0,1,0,0,1,84,22,3.95,331.8,1
Productora Salta,17287736905,2024-Q1,166,13283513.81,12004887.45,1278626.3600000013,4888979.66,19714929.19,0,0,0.0,0.0,0.0,0.0,0,0,0,0,0,1,0,0,25,1,2.62,65.5,0
Productora Salta,17287736905,2025-Q3,181,27647365.18,15268467.63,12378897.549999999,810122.12,31618571.44,3,1,262496.02,65241.77,87498.67333333334,65241.77,1,0,74,0,0,1,1,1,23,39,3.78,86.94,1
Servicios Vargas,42878544407,2024-Q1,141,31692311.41,29467450.31,2224861.1000000015,4892145.92,36451612.93,4,4,436093.27,606592.79,109023.3175,151648.1975,2,2,30,1,1,0,1,1,51,55,1.68,85.68,1
Servicios Vargas,42878544407,2025-Q3,193,31064683.45,24439049.56,6625633.890000001,816092.09,39089551.94,4,3,270450.47,256651.08,67612.6175,85550.36,0,3,0,0,1,1,1,1,73,11,2.12,154.76,1
Servicios Dondero,39818851273,2025-Q3,181,6463299.32,5678698.75,784600.5700000003,522809.76,7075728.84,2,0,236634.16,0.0,118317.08,0.0,0,0,0,1,0,0,0,1,81,1,2.91,235.71,0
Servicios Dondero,39818851273,2025-Q2,91,19376667.8,12688860.76,6687807.040000001,673098.17,23204033.97,2,1,129037.26,68966.77,64518.63,68966.77,0,1,0,1,0,0,1,1,50,5,4.14,207.0,0
Servicios Dondero,39818851273,2025-Q1,25,1915288.47,1791078.45,124210.02000000002,539153.67,2678631.6,0,0,0.0,0.0,0.0,0.0,0,0,0,3,1,1,0,1,80,17,2.3,184.0,1
Comercial García,78213828849,2025-Q2,132,16098113.57,8443616.0,7654497.57,1732001.43,23717527.88,0,0,0.0,0.0,0.0,0.0,0,0,0,0,0,0,0,1,89,36,2.36,210.04,1
Comercial García,78213828849,2024-Q2,127,30263491.57,26139190.55,4124301.0199999996,14439988.25,25387526.63,0,0,0.0,0.0,0.0,0.0,0,0,0,1,0,1,0,1,85,41,3.85,327.25,1
Comercial García,78213828849,2024-Q1,113,4188834.04,3546682.13,642151.9100000001,335434.03,4917029.41,0,0,0.0,0.0,0.0,0.0,0,0,0,2,1,1,0,0,32,19,3.67,117.44,0
Tecnología Sánchez,39640194747,2024-Q4,100,1141991.78,660246.17,481745.61,480674.97,1669393.33,3,0,444917.29,0.0,148305.76333333334,0.0,0,0,0,0,0,1,0,1,83,23,1.04,86.32,1
Tecnología Sánchez,39640194747,2025-Q4,168,9868008.52,5961292.4,3906716.119999999,961190.79,14013841.22,3,0,504856.19,0.0,168285.39666666667,0.0,0,0,0,1,1,0,0,0,21,30,0.8,16.8,0
Tecnología Sánchez,39640194747,2025-Q3,66,13056007.83,6704568.23,6351439.6,536025.68,11846212.4,1,0,181138.25,0.0,181138.25,0.0,0,0,0,0,0,0,0,0,35,10,4.33,151.55,1
Tecnología Sánchez,39640194747,2025-Q1,82,25976504.31,13424128.33,12552375.979999999,726090.88,37791846.4,1,0,185583.03,0.0,185583.03,0.0,0,0,0,0,0,0,0,0,45,24,2.08,93.6,0
Distribuidora Rodríguez,52103385664,2025-Q2,17,37999659.82,19578559.75,18421100.07,7122239.96,49123474.11,2,0,356201.63,0.0,178100.815,0.0,0,0,0,2,0,1,0,1,77,40,1.79,137.83,1
Distribuidora Rodríguez,52103385664,2025-Q1,77,14089642.82,10244480.28,3845162.540000001,5057945.0,16342260.97,4,2,703506.0,216572.97,175876.5,108286.485,0,2,0,0,1,1,1,0,84,65,2.35,197.4,1
Distribuidora Rodríguez,52103385664,2024-Q2,58,3782547.1,2039913.03,1742634.07,61441.09,3266188.73,4,2,634144.46,397756.49,158536.115,198878.245,2,0,79,2,1,1,1,1,51,60,3.21,163.71,1
Industrias La Pampa,19061853668,2025-Q1,16,10754372.21,6006326.24,4748045.970000001,3941155.62,13499384.09,4,0,785413.9,0.0,196353.475,0.0,0,0,0,1,1,0,0,1,64,69,1.67,106.88,1
Industrias La Pampa,19061853668,2025-Q3,113,3407168.08,3216977.26,190190.8200000003,1314918.58,3312880.87,2,0,100015.3,0.0,50007.65,0.0,0,0,0,2,0,1,0,1,23,61,1.18,27.14,1
Industrias La Pampa,19061853668,2025-Q4,112,10918837.94,6669168.74,4249669.199999999,787446.77,11792637.93,0,0,0.0,0.0,0.0,0.0,0,0,0,1,1,0,0,0,67,46,2.97,198.99,1
Tecnología Martínez,87669377616,2025-Q4,132,29558600.85,26419536.97,3139063.8800000027,7089553.7,43207509.75,3,3,386916.75,194482.69,128972.25,64827.56333333333,1,2,71,0,1,0,1,1,53,39,2.43,128.79,1
Tecnología Martínez,87669377616,2024-Q1,175,16273556.75,9137029.09,7136527.66,7543225.18,21902383.22,2,1,191039.74,135887.79,95519.87,135887.79,0,1,0,1,0,1,1,0,64,7,1.22,78.08,1
Tecnología Martínez,87669377616,2024-Q2,46,48029436.44,25856715.17,22172721.269999996,10990313.1,41795372.54,3,0,228623.86,0.0,76207.95333333332,0.0,0,0,0,2,0,1,0,1,46,10,3.37,155.02,1
Tecnología Martínez,87669377616,2025-Q1,128,42473126.38,21342347.45,21130778.930000003,15743126.96,39601495.3,0,0,0.0,0.0,0.0,0.0,0,0,0,1,1,0,0,0,62,66,1.36,84.32,1
Consultora Gómez,61322469962,2024-Q1,40,38356746.25,27208957.23,11147789.02,12072063.94,33802596.54,1,1,180673.39,177578.99,180673.39,177578.99,1,0,57,0,0,1,1,1,39,2,4.83,188.37,1
Consultora Gómez,61322469962,2025-Q1,36,20291298.94,14128993.99,6162304.950000001,8214913.8,22914054.35,4,0,251258.8,0.0,62814.7,0.0,0,0,0,2,0,1,0,1,73,66,4.2,306.6,1
Consultora Gómez,61322469962,2024-Q3,90,43432597.32,38595457.35,4837139.969999999,8127868.11,56351633.99,5,1,535807.85,150407.13,107161.56999999999,150407.13,1,0,30,0,0,1,1,1,59,63,3.7,218.3,1
Consultora Gómez,61322469962,2025-Q3,102,19865403.67,10943430.97,8921972.700000001,3435976.4,25636267.74,3,3,561527.68,413805.81,187175.89333333334,137935.27,0,3,0,1,1,0,1,1,48,9,3.73,179.04,0
Cooperativa Córdoba,07327661290,2024-Q2,29,37945961.93,33570795.56,4375166.369999997,16204574.76,40157235.66,2,0,220231.89,0.0,110115.945,0.0,0,0,0,0,0,0,0,0,66,31,1.66,109.56,1
Cooperativa Córdoba,07327661290,2024-Q1,27,47003739.51,29733085.43,17270654.08,19950093.11,64283222.72,3,2,185596.86,227276.74,61865.619999999995,113638.37,0,2,0,3,1,1,1,1,61,69,4.18,254.98,1
Cooperativa Córdoba,07327661290,2025-Q2,157,7888361.43,5764358.71,2124002.7199999997,1503652.36,9227510.41,1,0,59108.82,0.0,59108.82,0.0,0,0,0,1,1,1,0,0,33,2,1.82,60.06,1
Productora Neuquén,42856273519,2024-Q3,108,36715529.88,20138341.63,16577188.250000004,10166645.13,47074689.7,5,0,476909.09,0.0,95381.818,0.0,0,0,0,0,1,1,0,0,72,39,2.82,203.04,1
Productora Neuquén,42856273519,2025-Q2,136,8219491.8,5888167.38,2331324.42,2127342.09,12125657.63,2,0,320376.76,0.0,160188.38,0.0,0,0,0,0,0,0,0,0,39,51,3.1,120.9,1
Servicios Rosario,85347794627,2025-Q4,138,11594467.11,10394506.92,1199960.1899999995,4392207.56,13358445.74,3,0,215385.47,0.0,71795.15666666666,0.0,0,0,0,1,1,0,0,0,86,40,3.02,259.72,1
Servicios Rosario,85347794627,2025-Q3,58,14274837.49,7641777.78,6633059.71,2188151.94,18318180.01,5,4,386366.61,392355.43,77273.322,98088.8575,0,4,0,1,0,1,1,0,86,1,2.56,220.16,0
Productora Dondero,66620164736,2024-Q2,20,12830095.71,9521915.7,3308180.0100000016,5400134.59,16748201.69,3,3,190762.5,490883.12,63587.5,163627.70666666667,2,1,56,1,0,0,1,1,52,33,0.67,34.84,1
Productora Dondero,66620164736,2024-Q4,124,2074004.5,1691349.66,382654.8400000001,549504.24,2134624.99,0,0,0.0,0.0,0.0,0.0,0,0,0,2,0,1,0,1,51,37,1.24,63.24,1
Productora Dondero,66620164736,2024-Q1,47,6847782.2,5302926.75,1544855.4500000002,423713.45,8811580.07,5,4,582305.88,657995.02,116461.176,164498.755,2,2,73,0,1,0,1,1,50,49,1.95,97.5,1
Productora Dondero,66620164736,2025-Q4,5,6162904.64,5021265.42,1141639.2199999997,1640032.51,8961369.62,1,1,76462.46,141073.91,76462.46,141073.91,0,1,0,1,0,0,1,1,48,37,0.73,35.04,1
Industrias Santa Fe,80608916821,2024-Q4,166,27385345.32,23038361.23,4346984.09,285821.81,27323733.58,5,4,277587.42,387596.44,55517.484,96899.11,1,3,40,0,1,0,1,0,40,34,4.47,178.8,1
Industrias Santa Fe,80608916821,2024-Q1,160,4600168.3,2379129.8,2221038.5,1391138.74,4186895.5,5,4,808545.34,447069.02,161709.068,111767.255,2,2,79,0,0,0,1,0,46,62,4.85,223.1,1
Industrias Dondero,72757772731,2024-Q4,98,19197898.41,14737795.78,4460102.630000001,4258518.64,15855929.17,0,0,0.0,0.0,0.0,0.0,0,0,0,0,0,0,0,0,31,55,4.17,129.27,1
Industrias Dondero,72757772731,2025-Q2,199,17067611.05,8977127.24,8090483.8100000005,1949369.54,23712328.69,1,0,149763.2,0.0,149763.2,0.0,0,0,0,2,1,1,0,0,64,49,1.78,113.92,1
Industrias Checo,38535283356,2024-Q2,110,38487945.94,26669862.79,11818083.149999999,7791833.19,31936548.26,1,0,62095.76,0.0,62095.76,0.0,0,0,0,1,0,1,0,0,44,70,1.92,84.48,1
Industrias Checo,38535283356,2024-Q3,46,13060099.77,11147525.46,1912574.3099999987,4364171.99,15247980.31,5,0,784985.14,0.0,156997.028,0.0,0,0,0,0,0,0,0,0,53,45,1.56,82.68,1
Servicios Salta,51063169717,2025-Q2,175,31778650.6,25648615.49,6130035.110000003,14544774.35,32449306.89,3,1,152876.44,65365.85,50958.81333333333,65365.85,1,0,84,1,1,1,1,1,62,48,2.25,139.5,1
Servicios Salta,51063169717,2024-Q2,68,49750740.29,39688492.0,10062248.29,17830260.73,42252731.33,1,1,176965.51,156774.3,176965.51,156774.3,1,0,74,0,0,0,1,0,47,18,2.46,115.62,0
Servicios Salta,51063169717,2025-Q3,146,39134328.03,25121497.1,14012830.93,2692054.14,56831459.02,4,0,740800.41,0.0,185200.1025,0.0,0,0,0,0,0,0,0,0,46,22,2.76,126.96,1
Servicios Salta,51063169717,2024-Q1,140,6815093.41,3438002.11,3377091.3000000003,269829.81,7368654.63,4,4,285602.21,424484.13,71400.5525,106121.0325,4,0,80,0,1,0,1,1,36,53,3.43,123.48,1
Tecnología Córdoba,53329711372,2024-Q2,190,38005579.67,22503963.6,15501616.07,10948540.6,55017006.71,1,0,195684.5,0.0,195684.5,0.0,0,0,0,1,0,0,0,1,86,10,1.37,117.82,1
Tecnología Córdoba,53329711372,2024-Q3,35,46593159.3,24638355.93,21954803.369999997,10588479.88,44146772.18,5,3,979457.76,544120.83,195891.552,181373.61,0,3,0,1,0,0,1,1,66,70,1.05,69.3,1
Tecnología Córdoba,53329711372,2024-Q4,98,14560526.36,13750074.14,810452.2199999988,4756896.55,12439348.48,1,0,76382.1,0.0,76382.1,0.0,0,0,0,1,0,0,0,1,51,18,0.83,42.33,0
Tecnología Córdoba,53329711372,2025-Q3,78,45185616.22,34457887.45,10727728.769999996,19590588.3,45990869.72,0,0,0.0,0.0,0.0,0.0,0,0,0,2,1,0,0,1,69,0,1.76,121.44,1
Distribuidora Rosario,23246386052,2024-Q3,64,48981195.01,42695438.31,6285756.6999999955,17841021.74,68370183.45,4,0,567223.3,0.0,141805.825,0.0,0,0,0,1,1,0,0,0,87,19,2.76,240.12,0
Distribuidora Rosario,23246386052,2025-Q4,72,18147048.43,13593020.08,4554028.35,6995035.49,26077180.25,2,0,107704.93,0.0,53852.465,0.0,0,0,0,0,0,0,0,0,81,31,2.46,199.26,1
Distribuidora Rosario,23246386052,2025-Q3,123,13919293.41,8407515.43,5511777.98,5549574.13,18834013.73,2,0,114389.93,0.0,57194.965,0.0,0,0,0,1,1,0,0,1,64,34,3.72,238.08,1
Distribuidora Rosario,23246386052,2024-Q2,85,24104649.7,14885206.15,9219443.549999999,8190821.83,21861013.71,3,0,190831.06,0.0,63610.35333333333,0.0,0,0,0,2,0,1,0,1,90,60,4.59,413.1,1
Alimentos Rodríguez,44803361373,2025-Q2,146,48031629.4,45604283.24,2427346.1599999964,22394363.47,61229824.26,3,0,244993.74,0.0,81664.58,0.0,0,0,0,1,1,1,0,0,58,44,2.26,131.08,1
Alimentos Rodríguez,44803361373,2024-Q1,156,39276515.3,24953453.5,14323061.799999997,8455870.8,34696381.73,4,1,489282.14,60909.93,122320.535,60909.93,0,1,0,3,1,1,1,1,55,70,2.87,157.85,1
Alimentos Rodríguez,44803361373,2025-Q1,170,13981131.01,10073436.5,3907694.51,3171165.83,11400699.89,3,0,531464.02,0.0,177154.67333333334,0.0,0,0,0,0,1,0,0,1,31,58,1.49,46.19,1
Grupo Checo,26514120100,2025-Q3,80,25008003.93,21365472.39,3642531.539999999,1510599.73,30524839.79,3,1,159108.53,152317.47,53036.176666666666,152317.47,1,0,33,1,0,0,1,1,36,18,3.77,135.72,0
Grupo Checo,26514120100,2024-Q1,7,8865077.7,6087160.29,2777917.409999999,2838635.43,7851134.22,2,0,249887.12,0.0,124943.56,0.0,0,0,0,0,1,0,0,0,78,52,0.57,44.46,1
Grupo Checo,26514120100,2025-Q2,164,9522946.0,8192852.2,1330093.7999999998,968070.28,12722312.51,3,1,314119.57,193460.68,104706.52333333333,193460.68,0,1,0,1,0,0,1,1,28,3,1.83,51.24,1
Grupo Checo,26514120100,2025-Q4,184,26130215.22,13420269.15,12709946.069999998,10144444.84,25402122.92,1,0,185730.2,0.0,185730.2,0.0,0,0,0,0,0,0,0,0,43,60,3.66,157.38,1
Servicios Neuquén,17301666209,2024-Q3,113,33158119.12,18314781.75,14843337.370000001,16119931.98,49102576.79,0,0,0.0,0.0,0.0,0.0,0,0,0,1,1,1,0,1,42,62,4.28,179.76,1
Servicios Neuquén,17301666209,2025-Q2,138,42709955.79,24617112.69,18092843.099999998,304332.28,61247778.69,2,0,325410.87,0.0,162705.435,0.0,0,0,0,2,1,0,0,1,46,4,1.21,55.66,0
Servicios Neuquén,17301666209,2024-Q1,101,46614658.52,43648138.21,2966520.3100000024,3830928.66,53957415.07,3,0,362577.52,0.0,120859.17333333334,0.0,0,0,0,1,0,1,0,0,70,27,4.3,301.0,0
Servicios Sánchez,97367488631,2025-Q3,187,14755675.96,7930066.19,6825609.7700000005,3038941.73,18993048.08,3,0,368214.85,0.0,122738.28333333333,0.0,0,0,0,0,1,0,0,1,27,17,1.42,38.34,0
Servicios Sánchez,97367488631,2025-Q1,121,42515813.4,25373471.89,17142341.509999998,18134766.55,44902587.7,0,0,0.0,0.0,0.0,0.0,0,0,0,0,0,0,0,0,39,6,0.92,35.88,1
Servicios Sánchez,97367488631,2024-Q1,12,36474165.18,23117422.35,13356742.829999998,6029517.4,35923343.02,5,4,539439.63,607424.31,107887.926,151856.0775,2,2,43,1,1,1,1,1,64,49,1.49,95.36,1
Servicios Sánchez,97367488631,2024-Q3,157,24253980.85,13481781.14,10772199.71,5356117.07,32036489.76,5,1,531220.11,122180.01,106244.022,122180.01,0,1,0,0,0,0,1,1,31,1,2.45,75.95,1
Comercial Rodríguez,68546487693,2024-Q3,187,19244437.52,13360213.32,5884224.199999999,6313310.16,24338363.1,0,0,0.0,0.0,0.0,0.0,0,0,0,0,0,0,0,0,52,13,3.58,186.16,1
Comercial Rodríguez,68546487693,2024-Q2,43,2770588.71,1455913.05,1314675.66,319153.0,4047239.68,1,1,192347.1,156703.23,192347.1,156703.23,1,0,41,1,0,0,1,1,35,46,4.13,144.55,1
Comercial Rodríguez,68546487693,2025-Q3,51,22126202.13,15794056.35,6332145.779999999,10609808.1,27249126.67,4,3,529988.79,472251.2,132497.1975,157417.06666666668,0,3,0,2,1,1,1,0,75,67,4.48,336.0,1
Comercial Rodríguez,68546487693,2025-Q1,8,18766670.0,14862649.2,3904020.8000000007,1478750.43,24050877.65,3,0,484533.88,0.0,161511.29333333333,0.0,0,0,0,2,0,1,0,1,23,70,3.51,80.73,1
Industrias Vargas,07301757651,2024-Q1,138,8856190.52,7043494.47,1812696.0499999998,1050698.24,10398763.34,5,2,456809.0,166273.18,91361.8,83136.59,0,2,0,1,0,1,1,0,48,54,1.9,91.2,1
Industrias Vargas,07301757651,2025-Q2,59,18923453.59,11411351.34,7512102.25,3856656.25,16437472.35,0,0,0.0,0.0,0.0,0.0,0,0,0,1,1,1,0,1,32,16,1.12,35.84,1
Servicios Paraná,95053452098,2025-Q1,167,35733621.98,21130796.08,14602825.899999999,11510616.26,40440870.15,3,0,510975.94,0.0,170325.31333333332,0.0,0,0,0,2,0,1,0,1,32,27,0.73,23.36,1
Servicios Paraná,95053452098,2024-Q3,150,11327428.6,9080919.55,2246509.049999999,1627183.03,15742243.44,2,1,356183.9,152394.75,178091.95,152394.75,1,0,83,0,1,0,1,0,51,1,1.01,51.51,1
Servicios Paraná,95053452098,2024-Q1,159,25487105.43,24113161.82,1373943.6099999994,11709199.38,34697851.68,0,0,0.0,0.0,0.0,0.0,0,0,0,0,0,1,0,0,72,30,4.34,312.48,1
Servicios Paraná,95053452098,2025-Q4,171,35068046.44,22872899.46,12195146.979999997,13073838.39,45932828.64,4,0,440575.25,0.0,110143.8125,0.0,0,0,0,1,1,1,0,1,40,5,4.05,162.0,1
Grupo Salta,02831067367,2025-Q3,100,41943196.76,26621833.9,15321362.86,17530365.78,57501973.7,3,0,594846.71,0.0,198282.23666666666,0.0,0,0,0,0,1,0,0,0,50,35,1.68,84.0,1
Grupo Salta,02831067367,2024-Q4,185,7344488.92,5853856.1,1490632.8200000003,1160878.16,7773858.3,4,3,204573.05,506477.31,51143.2625,168825.77,0,3,0,3,1,1,1,1,84,48,2.22,186.48,1
Grupo Salta,02831067367,2025-Q4,99,38408932.69,28287026.15,10121906.54,7646487.3,32287505.2,2,0,358885.32,0.0,179442.66,0.0,0,0,0,1,0,1,0,1,62,67,0.75,46.5,1
Grupo Salta,02831067367,2025-Q1,21,31911864.33,28496331.55,3415532.7799999975,354644.69,32860424.43,4,2,543031.08,367595.89,135757.77,183797.945,2,0,36,0,1,0,1,1,36,68,3.09,111.24,1
Tecnología Martínez,65908852717,2024-Q4,19,29314411.39,25039681.98,4274729.41,7237218.41,31547885.65,3,1,225723.4,84527.76,75241.13333333333,84527.76,1,0,30,0,0,0,1,0,62,17,2.95,182.9,0
Tecnología Martínez,65908852717,2025-Q4,8,4086689.07,2326777.92,1759911.15,1011705.89,3274861.1,0,0,0.0,0.0,0.0,0.0,0,0,0,1,0,0,0,1,37,57,2.26,83.62,1
Tecnología Martínez,65908852717,2025-Q3,43,25122350.29,21551241.65,3571108.6400000006,3686876.93,35638947.62,0,0,0.0,0.0,0.0,0.0,0,0,0,0,1,0,0,1,79,60,3.21,253.59,1
Tecnología Martínez,65908852717,2025-Q1,58,26501139.79,18482462.39,8018677.3999999985,6377011.91,31288174.55,4,2,474592.69,375602.79,118648.1725,187801.395,2,0,35,1,1,0,1,1,76,24,2.21,167.96,0
Grupo Sánchez,95856563429,2024-Q1,181,17381505.19,14786384.01,2595121.1800000016,8145581.36,18577606.91,3,0,582281.94,0.0,194093.97999999998,0.0,0,0,0,0,0,0,0,1,71,3,1.75,124.25,0
Grupo Sánchez,95856563429,2024-Q2,169,19265623.5,17079668.24,2185955.2600000016,2452657.7,19108574.76,5,1,596145.61,52609.12,119229.122,52609.12,0,1,0,1,1,1,1,1,75,38,1.4,105.0,1
Productora Córdoba,82906411685,2024-Q2,13,45699714.0,36268975.36,9430738.64,9761824.91,47835636.93,0,0,0.0,0.0,0.0,0.0,0,0,0,0,1,1,0,1,72,38,3.94,283.68,1
Productora Córdoba,82906411685,2025-Q1,188,19162922.53,11545040.81,7617881.720000001,3862567.19,24691437.65,3,3,324857.08,428769.79,108285.69333333334,142923.26333333334,3,0,78,0,0,1,1,1,34,48,2.98,101.32,1
Cooperativa García,40216394664,2025-Q1,150,29997016.72,25125281.82,4871734.8999999985,6377391.83,25262831.0,3,0,188906.44,0.0,62968.81333333333,0.0,0,0,0,0,1,1,0,1,43,0,0.89,38.27,1
Cooperativa García,40216394664,2024-Q4,37,10156044.19,7595079.23,2560964.959999999,1186206.1,11331515.06,5,3,387843.99,159606.41,77568.798,53202.136666666665,2,1,61,0,0,1,1,0,21,12,0.62,13.02,1
Distribuidora Mendoza,30645838425,2025-Q2,195,25253864.76,19672044.98,5581819.780000001,5238753.85,29341392.42,4,0,775778.58,0.0,193944.645,0.0,0,0,0,1,0,0,0,1,42,10,3.91,164.22,0
Distribuidora Mendoza,30645838425,2024-Q3,9,18887587.1,16308675.66,2578911.4400000013,3872396.45,26211185.17,1,0,163191.15,0.0,163191.15,0.0,0,0,0,2,0,1,0,1,35,28,4.9,171.5,1
Distribuidora Mendoza,30645838425,2024-Q2,180,41508854.84,38952167.0,2556687.8400000036,14955297.27,56139648.37,4,1,596137.57,162198.06,149034.3925,162198.06,1,0,58,1,0,0,1,1,86,15,3.22,276.92,0
Alimentos López,49681102865,2024-Q2,61,10174285.76,5253002.22,4921283.54,339854.77,11663438.07,2,2,187945.22,144336.53,93972.61,72168.265,0,2,0,1,1,0,1,1,87,20,1.83,159.21,1
Alimentos López,49681102865,2025-Q3,168,24080247.63,22816203.9,1264043.7300000004,11837308.99,35345574.1,1,0,120021.01,0.0,120021.01,0.0,0,0,0,1,1,1,0,0,20,12,3.46,69.2,1
Alimentos López,49681102865,2025-Q4,133,15475781.31,10695096.4,4780684.91,7653867.38,19532528.0,1,0,69830.05,0.0,69830.05,0.0,0,0,0,1,0,1,0,1,73,23,1.01,73.73,0
Alimentos López,49681102865,2024-Q4,91,15251278.57,10999662.3,4251616.27,137615.11,20612007.23,5,2,757230.81,292969.71,151446.162,146484.855,0,2,0,1,1,0,1,0,30,62,3.48,104.4,1
Distribuidora Río Negro,00566069906,2025-Q4,57,31921407.37,24360323.97,7561083.400000002,5979342.62,30111118.24,1,0,187886.74,0.0,187886.74,0.0,0,0,0,2,1,1,0,1,27,41,4.45,120.15,1
Distribuidora Río Negro,00566069906,2025-Q1,176,37436255.65,21740180.76,15696074.889999997,6444230.26,46045468.66,0,0,0.0,0.0,0.0,0.0,0,0,0,0,0,1,0,1,22,30,3.85,84.7,1
Distribuidora Gómez,81236799520,2025-Q3,110,39148003.19,20994951.42,18153051.769999996,12497094.72,44663589.69,2,0,153554.82,0.0,76777.41,0.0,0,0,0,0,0,0,0,1,31,63,3.29,101.99,1
Distribuidora Gómez,81236799520,2024-Q3,49,38836088.77,22379440.42,16456648.350000001,18836453.82,57125959.44,0,0,0.0,0.0,0.0,0.0,0,0,0,0,0,0,0,0,68,25,0.53,36.04,0
Distribuidora Gómez,81236799520,2024-Q4,52,46552240.24,25911778.13,20640462.110000003,9093219.17,38589482.77,4,0,762866.67,0.0,190716.6675,0.0,0,0,0,0,0,0,0,1,44,39,4.1,180.4,1
Alimentos Córdoba,93890226524,2024-Q2,141,40512306.17,38217914.63,2294391.539999999,7704018.42,46805681.65,5,3,846266.46,294158.39,169253.292,98052.79666666668,2,1,42,0,0,0,1,0,26,3,2.0,52.0,1
Alimentos Córdoba,93890226524,2024-Q3,184,34925817.39,19985417.69,14940399.7,10996578.26,43560141.94,5,4,857641.92,737397.64,171528.38400000002,184349.41,0,4,0,1,0,1,1,1,36,29,0.55,19.8,1
Alimentos Córdoba,93890226524,2025-Q2,5,12718483.43,11689687.99,1028795.4399999995,1995132.69,12289598.0,5,5,559970.84,846893.46,111994.16799999999,169378.69199999998,2,3,57,0,1,1,1,0,61,26,2.86,174.46,0
Alimentos Córdoba,93890226524,2024-Q4,49,38817081.14,34530762.15,4286318.990000002,3312479.93,40945220.58,5,4,472509.2,419519.26,94501.84,104879.815,0,4,0,0,1,0,1,0,88,43,0.96,84.48,1
Consultora López,25595546714,2024-Q1,100,29456038.46,16681475.24,12774563.22,7864827.54,39114149.7,1,0,63304.42,0.0,63304.42,0.0,0,0,0,1,0,1,0,1,85,0,3.3,280.5,1
Consultora López,25595546714,2025-Q4,133,37823028.1,34690743.43,3132284.670000002,13116101.05,48483132.85,5,5,680332.67,496873.5,136066.534,99374.7,0,5,0,0,0,0,1,0,26,35,2.96,76.96,1
Consultora López,25595546714,2024-Q4,132,35329156.3,19158821.85,16170334.449999996,13100916.01,31975161.63,0,0,0.0,0.0,0.0,0.0,0,0,0,0,1,1,0,0,29,62,2.97,86.13,1
Consultora López,25595546714,2025-Q3,126,3359799.8,1846253.86,1513545.9399999997,836686.19,4162441.76,5,1,558750.37,83772.75,111750.074,83772.75,0,1,0,1,1,0,1,0,41,6,3.61,148.01,1
Servicios Pérez,32620119194,2025-Q1,134,39194938.76,26183024.99,13011913.77,741914.13,54416991.71,3,1,303904.85,149097.97,101301.61666666665,149097.97,0,1,0,1,1,0,1,0,38,22,1.68,63.84,1
Servicios Pérez,32620119194,2025-Q2,177,13337773.14,9010605.7,4327167.440000001,6496102.85,10691511.57,3,3,324996.9,385016.61,108332.3,128338.87,2,1,36,2,1,1,1,1,43,32,2.08,89.44,1
Servicios Pérez,32620119194,2024-Q1,157,6561005.9,3928607.5,2632398.4000000004,3067279.37,6643310.26,1,0,79068.24,0.0,79068.24,0.0,0,0,0,1,0,1,0,0,84,31,4.41,370.44,1
Comercial Rosario,86913735497,2024-Q1,18,20615405.19,18380886.51,2234518.6799999997,8215754.41,20603972.68,1,0,146199.55,0.0,146199.55,0.0,0,0,0,0,0,0,0,0,61,13,4.4,268.4,1
Comercial Rosario,86913735497,2024-Q3,172,42082002.41,33146524.73,8935477.679999996,1232636.82,49739442.05,2,2,342203.21,131403.23,171101.605,65701.615,2,0,51,1,1,1,1,0,40,56,1.31,52.4,1
Comercial Rosario,86913735497,2024-Q4,171,5713726.3,4119186.0,1594540.2999999998,707785.97,8362289.31,1,0,160792.29,0.0,160792.29,0.0,0,0,0,1,0,1,0,0,55,16,3.71,204.05,1
Comercial Rosario,86913735497,2024-Q2,70,13820840.46,10247032.2,3573808.2600000016,6050118.44,12627461.38,5,2,823530.43,250833.34,164706.086,125416.67,0,2,0,2,1,0,1,1,59,38,3.1,182.9,1
Comercial López,53714774149,2024-Q2,100,49974560.2,26431170.66,23543389.540000003,21585029.23,74307256.71,0,0,0.0,0.0,0.0,0.0,0,0,0,0,1,0,0,0,73,42,0.95,69.35,1
Comercial López,53714774149,2024-Q3,86,23104847.27,13963801.84,9141045.43,5025411.39,27632545.69,5,2,368179.32,277451.26,73635.864,138725.63,0,2,0,1,0,1,1,0,71,1,3.04,215.84,0
Comercial López,53714774149,2025-Q1,33,11862966.85,7903770.8,3959196.05,4472802.61,12330289.27,2,1,259862.3,115549.46,129931.15,115549.46,0,1,0,0,1,0,1,1,65,48,3.98,258.7,1
Distribuidora García,66403533190,2025-Q2,52,21987939.4,13508899.8,8479039.599999998,10641926.68,19762261.58,5,3,844628.21,177844.84,168925.642,59281.613333333335,3,0,36,0,1,0,1,0,31,64,2.52,78.12,1
Distribuidora García,66403533190,2025-Q4,103,16372182.42,11372669.85,4999512.57,7907355.08,13440584.35,5,1,596138.97,137053.7,119227.794,137053.7,1,0,52,3,1,1,1,1,54,9,3.2,172.8,0
Consultora Martínez,58597582284,2025-Q1,131,26437189.92,17680374.61,8756815.310000002,8387816.02,31518353.26,5,0,253267.67,0.0,50653.534,0.0,0,0,0,1,1,0,0,0,74,63,0.55,40.7,1
Consultora Martínez,58597582284,2024-Q2,15,22750361.93,17750337.79,5000024.140000001,7948248.8,23100750.93,2,0,154685.48,0.0,77342.74,0.0,0,0,0,0,1,1,0,0,43,64,1.38,59.34,1
Tecnología Santa Fe,84105707320,2024-Q4,154,35809931.89,31423471.6,4386460.289999999,14171716.25,48213182.63,1,0,107893.51,0.0,107893.51,0.0,0,0,0,1,1,1,0,1,65,44,2.44,158.6,1
Tecnología Santa Fe,84105707320,2025-Q2,159,25713877.84,20926690.78,4787187.059999999,1582787.52,23332187.14,5,3,941062.93,370562.02,188212.586,123520.67333333334,3,0,59,2,1,1,1,0,30,46,1.69,50.7,1
Tecnología Santa Fe,84105707320,2024-Q1,100,28139349.29,16348240.21,11791109.079999998,12715347.11,42190531.92,1,0,57970.36,0.0,57970.36,0.0,0,0,0,0,0,0,0,0,88,54,1.02,89.76,1
Tecnología Santa Fe,84105707320,2025-Q1,44,42703377.78,22427445.15,20275932.630000003,13500030.88,35210964.51,0,0,0.0,0.0,0.0,0.0,0,0,0,1,1,0,0,1,50,48,1.78,89.0,1
Tecnología Buenos Aires,53505863750,2025-Q4,89,38552570.48,28342515.79,10210054.689999998,14456396.99,34906031.39,5,4,883698.23,339710.6,176739.646,84927.65,0,4,0,1,0,1,1,0,52,3,2.78,144.56,1
Tecnología Buenos Aires,53505863750,2024-Q3,28,34229714.2,18939750.59,15289963.610000003,3274519.34,48680828.42,0,0,0.0,0.0,0.0,0.0,0,0,0,2,0,1,0,1,66,4,3.46,228.36,0
Tecnología Buenos Aires,53505863750,2025-Q2,182,25163367.84,14535771.36,10627596.48,9139923.23,35482041.93,5,4,857044.57,551385.1,171408.914,137846.275,0,4,0,1,1,1,1,0,56,49,2.29,128.24,1
Tecnología Buenos Aires,53505863750,2024-Q4,194,47419312.57,25615142.49,21804170.080000002,15524114.38,61443401.58,0,0,0.0,0.0,0.0,0.0,0,0,0,0,0,0,0,1,65,33,1.83,118.95,1
Distribuidora Salta,17229777890,2024-Q4,171,1952987.05,1231164.8,721822.25,399763.31,1564842.65,2,0,247443.55,0.0,123721.775,0.0,0,0,0,2,1,0,0,1,88,31,2.33,205.04,1
Distribuidora Salta,17229777890,2025-Q3,5,25244990.51,21900465.96,3344524.5500000007,8494500.79,20562088.76,3,1,433395.7,128144.72,144465.23333333334,128144.72,0,1,0,0,1,0,1,0,33,46,2.51,82.83,1
Distribuidora Salta,17229777890,2024-Q2,48,35456939.49,22321617.92,13135321.57,17531057.67,42397485.5,0,0,0.0,0.0,0.0,0.0,0,0,0,0,0,0,0,0,46,29,3.04,139.84,0
Distribuidora Salta,17229777890,2025-Q2,163,22979083.41,20695482.21,2283601.1999999993,10270223.78,26642722.42,4,1,548337.34,143805.58,137084.335,143805.58,1,0,36,2,1,1,1,0,54,41,2.87,154.98,1
Industrias Córdoba,34574256719,2025-Q4,111,25023473.87,19220924.21,5802549.66,1197981.74,21284397.89,2,0,298242.42,0.0,149121.21,0.0,0,0,0,0,0,1,0,0,24,3,3.6,86.4,1
Industrias Córdoba,34574256719,2024-Q2,10,12151489.97,6749919.83,5401570.140000001,5158182.9,17882402.74,0,0,0.0,0.0,0.0,0.0,0,0,0,1,1,1,0,1,77,48,2.81,216.37,1
Industrias Córdoba,34574256719,2025-Q1,134,38347520.36,27251668.19,11095852.169999998,2118330.31,39568010.34,0,0,0.0,0.0,0.0,0.0,0,0,0,0,0,1,0,0,75,25,3.9,292.5,1
Cooperativa García,11000404956,2025-Q3,85,6610930.71,4197649.0,2413281.71,811451.07,6601902.49,0,0,0.0,0.0,0.0,0.0,0,0,0,0,1,0,0,0,44,58,2.11,92.84,1
Cooperativa García,11000404956,2024-Q3,84,8803095.94,5560983.48,3242112.459999999,3187458.47,12020257.33,3,1,469190.98,77336.5,156396.99333333332,77336.5,1,0,61,1,1,0,1,0,72,39,4.1,295.2,1
Cooperativa García,11000404956,2024-Q1,20,35986129.17,26872038.69,9114090.48,12315291.03,51448901.59,0,0,0.0,0.0,0.0,0.0,0,0,0,0,0,1,0,0,71,10,0.51,36.21,0
Productora Rodríguez,05553721659,2025-Q1,124,42169440.88,34144717.28,8024723.6000000015,6258015.6,62697747.4,0,0,0.0,0.0,0.0,0.0,0,0,0,2,1,0,0,1,84,1,3.14,263.76,1
Productora Rodríguez,05553721659,2024-Q1,86,38981518.62,35170096.21,3811422.4099999964,6282140.08,50633907.47,3,0,450821.19,0.0,150273.73,0.0,0,0,0,1,1,1,0,1,71,61,1.15,81.65,1
Productora Rodríguez,05553721659,2024-Q4,193,33360818.37,22993240.76,10367577.61,7267164.14,41593556.56,2,0,370837.58,0.0,185418.79,0.0,0,0,0,0,0,0,0,0,41,0,4.54,186.14,0
Servicios Buenos Aires,46078657349,2024-Q4,61,17525492.44,13269160.76,4256331.680000002,5109684.4,18369256.5,3,2,456840.17,274041.34,152280.05666666667,137020.67,0,2,0,0,0,1,1,0,68,61,0.77,52.36,1
Servicios Buenos Aires,46078657349,2025-Q4,120,4449292.29,4222874.9,226417.38999999966,2175747.85,6567467.29,0,0,0.0,0.0,0.0,0.0,0,0,0,0,0,0,0,1,63,61,2.92,183.96,1
Cooperativa Mendoza,47724646530,2025-Q1,31,6701639.89,4452051.09,2249588.8,2928000.82,6647057.77,1,1,181149.21,121018.15,181149.21,121018.15,1,0,82,0,0,1,1,0,48,49,3.93,188.64,1
Cooperativa Mendoza,47724646530,2024-Q4,68,46326556.1,42811992.58,3514563.5200000033,19740529.48,55765383.04,0,0,0.0,0.0,0.0,0.0,0,0,0,3,1,1,0,1,28,67,3.47,97.16,1
Cooperativa Mendoza,47724646530,2025-Q4,88,48345670.07,32437312.3,15908357.77,19943422.38,68674074.75,1,1,91394.45,113502.74,91394.45,113502.74,0,1,0,0,0,0,1,1,67,53,4.84,324.28,1
Grupo Rodríguez,93638750762,2024-Q1,171,23668724.3,17535688.53,6133035.77,6576804.56,27538780.39,4,3,359865.08,409877.8,89966.27,136625.93333333332,3,0,69,2,1,1,1,1,23,55,3.13,71.99,1
Grupo Rodríguez,93638750762,2025-Q2,86,6189495.91,5450508.61,738987.2999999998,2993693.03,7253360.31,3,2,231086.76,200212.64,77028.92,100106.32,0,2,0,1,1,0,1,0,58,31,3.14,182.12,1
Grupo Rodríguez,93638750762,2024-Q2,59,44027600.49,22399005.85,21628594.64,9771472.26,51942852.53,2,1,173001.77,73152.56,86500.885,73152.56,0,1,0,1,0,0,1,1,22,6,4.31,94.82,1
Grupo Rodríguez,93638750762,2024-Q4,46,24561805.5,14824196.41,9737609.09,3240777.85,30947009.0,5,4,814308.87,625481.44,162861.774,156370.36,3,1,43,1,1,1,1,1,57,49,2.08,118.56,1
Consultora Gómez,55966037830,2024-Q3,195,1555590.08,918737.52,636852.56,722784.74,1682141.41,0,0,0.0,0.0,0.0,0.0,0,0,0,1,1,0,0,0,57,14,4.36,248.52,0
Consultora Gómez,55966037830,2025-Q2,180,15458962.05,13899584.7,1559377.3500000015,3407955.34,22979389.12,1,0,148650.45,0.0,148650.45,0.0,0,0,0,0,1,0,0,0,73,17,1.57,114.61,0
Consultora Gómez,55966037830,2024-Q2,55,15302154.26,7853614.32,7448539.9399999995,1414394.35,20134815.5,1,0,196648.83,0.0,196648.83,0.0,0,0,0,0,1,0,0,0,66,17,1.54,101.64,1
Alimentos Paraná,75191423483,2025-Q2,41,12056739.35,6457786.11,5598953.239999999,853401.26,16825696.24,5,3,878044.04,393878.96,175608.80800000002,131292.98666666666,2,1,34,0,0,0,1,0,54,56,4.3,232.2,1
Alimentos Paraná,75191423483,2025-Q3,136,42810767.8,32856690.22,9954077.579999998,404445.84,52277552.05,2,0,178990.3,0.0,89495.15,0.0,0,0,0,0,0,0,0,0,47,8,1.33,62.51,0
Alimentos Paraná,75191423483,2025-Q4,136,24273358.59,17184208.62,7089149.969999999,7329038.49,32472163.17,0,0,0.0,0.0,0.0,0.0,0,0,0,1,0,1,0,0,22,58,2.58,56.76,1
Alimentos Paraná,75191423483,2024-Q4,48,47481344.03,43471324.87,4010019.160000004,4841724.1,45666405.06,3,3,337289.84,487148.78,112429.94666666667,162382.92666666667,1,2,37,0,1,1,1,1,20,2,3.37,67.4,1
Consultora Río Negro,04352526436,2024-Q3,77,29301502.11,23605299.18,5696202.93,12355187.29,35386733.71,2,1,359497.99,130385.62,179748.995,130385.62,0,1,0,3,1,1,1,1,42,2,0.84,35.28,1
Consultora Río Negro,04352526436,2025-Q1,192,44528994.98,38877025.59,5651969.389999993,18486470.53,50136667.3,0,0,0.0,0.0,0.0,0.0,0,0,0,2,0,1,0,1,70,29,0.79,55.3,0
Tecnología Dondero,39529307130,2025-Q2,26,42566880.58,22481550.69,20085329.889999997,7771559.17,60392106.14,0,0,0.0,0.0,0.0,0.0,0,0,0,1,1,1,0,1,89,66,2.94,261.66,1
Tecnología Dondero,39529307130,2024-Q3,184,27458651.27,14947929.74,12510721.53,2958883.5,39255185.25,1,0,121031.98,0.0,121031.98,0.0,0,0,0,1,1,0,0,0,22,7,2.82,62.04,1
Tecnología Dondero,39529307130,2024-Q1,163,3061115.63,2888614.34,172501.29000000004,116054.92,2953038.78,5,4,863534.73,672050.44,172706.946,168012.61,1,3,80,3,1,1,1,1,21,10,4.89,102.69,0
Tecnología Dondero,39529307130,2025-Q4,131,22025046.55,16716150.52,5308896.030000001,3581645.26,18715553.21,3,0,564121.83,0.0,188040.61,0.0,0,0,0,2,1,0,0,1,26,20,4.56,118.56,1
Alimentos Paraná,67682778357,2025-Q1,167,9738148.52,6359297.97,3378850.55,2735843.72,10585099.81,1,0,173302.39,0.0,173302.39,0.0,0,0,0,0,0,1,0,0,33,59,2.86,94.38,1
Alimentos Paraná,67682778357,2025-Q3,26,15456963.62,13265576.88,2191386.7399999984,3473350.81,13964631.2,5,5,922569.19,251575.57,184513.838,50315.114,4,1,62,2,0,1,1,1,88,10,4.57,402.16,1
Distribuidora Rosario,91132388279,2025-Q4,125,27485565.79,19579562.43,7906003.359999999,11553010.18,41007254.44,2,0,212622.32,0.0,106311.16,0.0,0,0,0,0,1,1,0,0,82,27,2.67,218.94,0
Distribuidora Rosario,91132388279,2025-Q2,134,39954691.14,34562301.72,5392389.420000002,17332829.15,58495365.11,2,1,224496.02,91813.67,112248.01,91813.67,1,0,87,0,1,0,1,0,31,46,1.85,57.35,1
Distribuidora Rosario,91132388279,2024-Q1,178,45261485.02,32996356.58,12265128.440000005,18043129.22,42130585.21,4,4,595646.14,282655.36,148911.535,70663.84,2,2,81,0,0,0,1,1,88,15,3.51,308.88,1
Distribuidora Rosario,91132388279,2024-Q4,95,18498726.57,12707076.55,5791650.02,724654.08,23179769.99,2,0,197379.72,0.0,98689.86,0.0,0,0,0,0,0,1,0,0,61,18,0.72,43.92,0
Servicios Vargas,69206941494,2024-Q4,60,9410679.37,6365844.62,3044834.749999999,848756.71,11697406.93,2,0,373434.19,0.0,186717.095,0.0,0,0,0,1,1,0,0,1,81,42,2.35,190.35,1
Servicios Vargas,69206941494,2025-Q2,176,44139622.32,30774113.88,13365508.440000001,20800818.63,58180654.84,1,0,155615.24,0.0,155615.24,0.0,0,0,0,2,0,1,0,1,24,7,1.83,43.92,1
Servicios Vargas,69206941494,2025-Q1,125,26316120.63,20510891.83,5805228.800000001,3428263.02,24500320.44,5,4,877544.01,391924.35,175508.802,97981.0875,0,4,0,0,0,0,1,1,56,31,2.78,155.68,1
Tecnología Río Negro,55080368553,2025-Q2,25,4959220.59,3803475.01,1155745.58,2317747.74,4241632.92,2,0,318580.15,0.0,159290.075,0.0,0,0,0,0,0,0,0,0,25,15,1.46,36.5,1
Tecnología Río Negro,55080368553,2025-Q4,115,43228759.72,32938863.69,10289896.029999997,17873741.37,46183969.98,3,3,184556.33,416650.14,61518.776666666665,138883.38,1,2,68,0,1,0,1,1,63,41,3.76,236.88,1
Grupo Neuquén,36169182149,2024-Q1,159,44460214.1,26034247.28,18425966.82,13029614.63,39098298.16,2,0,214828.38,0.0,107414.19,0.0,0,0,0,2,1,1,0,1,59,65,3.81,224.79,1
Grupo Neuquén,36169182149,2024-Q2,90,26040146.56,24411019.03,1629127.5299999975,8243847.15,27148565.87,4,2,484671.5,195511.33,121167.875,97755.665,1,1,53,0,0,0,1,1,43,57,4.58,196.94,1
Productora Pérez,63822300192,2025-Q1,37,5728525.67,4367469.37,1361056.2999999998,1355177.23,6618522.54,0,0,0.0,0.0,0.0,0.0,0,0,0,1,0,1,0,1,54,0,2.15,116.1,1
Productora Pérez,63822300192,2024-Q1,79,31206792.09,24408639.69,6798152.3999999985,595322.9,27355627.18,4,4,715680.41,748524.63,178920.1025,187131.1575,0,4,0,1,0,1,1,0,85,35,3.43,291.55,1
Productora Pérez,63822300192,2025-Q2,158,16179795.56,15303795.2,876000.3600000013,4357391.91,18804784.42,1,1,88405.44,146573.35,88405.44,146573.35,1,0,36,1,1,0,1,1,27,42,2.83,76.41,1
Industrias Paraná,19338324285,2024-Q4,184,36329546.41,26982331.34,9347215.069999997,670536.51,52892778.29,0,0,0.0,0.0,0.0,0.0,0,0,0,1,1,0,0,1,27,14,3.44,92.88,1
Industrias Paraná,19338324285,2025-Q4,27,18960196.33,12870489.79,6089706.539999999,7780635.27,22020436.13,2,0,248661.74,0.0,124330.87,0.0,0,0,0,1,1,1,0,0,51,62,1.7,86.7,1
Industrias Paraná,19338324285,2024-Q2,165,48594173.45,26027191.89,22566981.560000002,2938188.3,47189353.65,4,0,518454.86,0.0,129613.715,0.0,0,0,0,1,0,1,0,1,40,52,1.23,49.2,1
Industrias Paraná,19338324285,2024-Q1,17,7331261.84,3814296.05,3516965.79,3336891.2,7305311.61,2,0,190534.75,0.0,95267.375,0.0,0,0,0,1,1,0,0,0,41,0,2.21,90.61,0
Alimentos Mendoza,61312687695,2024-Q3,176,40873283.41,26199639.19,14673644.219999995,2516175.1,59537821.25,4,3,223894.5,247453.81,55973.625,82484.60333333333,1,2,81,2,0,1,1,1,52,19,1.99,103.48,1
Alimentos Mendoza,61312687695,2024-Q2,117,47741872.48,44379569.64,3362302.839999996,9070148.54,70646205.94,1,0,52609.29,0.0,52609.29,0.0,0,0,0,2,1,1,0,1,78,38,1.59,124.02,1
Alimentos Mendoza,61312687695,2025-Q1,57,9427955.63,5776186.45,3651769.1800000006,3057908.19,12131504.55,5,2,259680.75,157493.72,51936.15,78746.86,1,1,50,0,1,0,1,0,71,37,4.31,306.01,1
Consultora García,20119198877,2025-Q1,187,17056514.28,15578116.89,1478397.3900000006,359849.62,14587929.08,1,0,158681.36,0.0,158681.36,0.0,0,0,0,0,1,1,0,0,67,20,3.47,232.49,1
Consultora García,20119198877,2024-Q1,16,45724075.48,23485359.19,22238716.289999995,22834604.7,53585015.03,4,0,597090.22,0.0,149272.555,0.0,0,0,0,1,0,1,0,1,45,46,3.47,156.15,1
Consultora García,20119198877,2024-Q3,141,47884378.53,24323867.85,23560510.68,3495191.2,69345884.86,4,1,780136.19,60680.55,195034.0475,60680.55,1,0,83,1,0,0,1,1,49,41,4.59,224.91,1
Consultora García,20119198877,2024-Q4,119,26981655.7,20880764.31,6100891.390000001,3982134.7,37034341.39,5,1,791306.88,63956.79,158261.376,63956.79,0,1,0,0,0,0,1,1,53,23,3.39,179.67,1
Productora Vargas,92995671624,2024-Q3,195,36395626.46,30080929.79,6314696.670000002,15589288.92,51101916.73,0,0,0.0,0.0,0.0,0.0,0,0,0,2,1,0,0,1,54,24,2.17,117.18,1
Productora Vargas,92995671624,2025-Q4,79,16216894.89,9614005.09,6602889.800000001,3348632.63,15321055.2,3,0,371665.34,0.0,123888.44666666667,0.0,0,0,0,1,1,1,0,1,30,49,1.02,30.6,1
Productora Vargas,92995671624,2024-Q2,119,39131938.22,25395874.0,13736064.219999999,12000471.6,53270574.72,4,0,526239.27,0.0,131559.8175,0.0,0,0,0,2,1,1,0,1,62,29,0.92,57.04,1
Productora Vargas,92995671624,2025-Q2,128,24112736.71,13881457.89,10231278.82,1654720.51,30713541.0,1,0,147988.07,0.0,147988.07,0.0,0,0,0,1,0,1,0,0,59,11,1.08,63.72,1
Comercial Paraná,60586378107,2024-Q3,137,37756067.4,33687523.75,4068543.6499999985,9842436.45,56564985.56,0,0,0.0,0.0,0.0,0.0,0,0,0,2,0,1,0,1,39,9,4.51,175.89,1
Comercial Paraná,60586378107,2024-Q2,188,2015462.35,1170803.87,844658.48,240097.89,1830677.44,5,4,632356.92,371461.71,126471.384,92865.4275,3,1,40,1,1,1,1,1,44,52,0.85,37.4,1
Comercial Paraná,60586378107,2025-Q1,165,23281978.29,20527437.45,2754540.84,10306534.23,21572965.73,5,3,473518.7,220377.0,94703.74,73459.0,1,2,73,1,1,0,1,0,76,68,4.18,317.68,1
Comercial Paraná,60586378107,2024-Q1,32,18017079.18,12304315.08,5712764.1,744281.03,20554943.28,0,0,0.0,0.0,0.0,0.0,0,0,0,2,1,1,0,1,64,17,3.69,236.16,1
Cooperativa Paraná,17562516140,2024-Q2,124,13799787.81,12564412.71,1235375.0999999996,150267.42,19532847.36,1,1,185717.4,183555.44,185717.4,183555.44,0,1,0,2,1,0,1,1,29,8,1.26,36.54,0
Cooperativa Paraná,17562516140,2025-Q2,98,30507570.56,26149590.41,4357980.1499999985,2113062.45,38009923.89,4,2,463036.69,240857.83,115759.1725,120428.915,1,1,70,1,0,1,1,0,33,20,3.16,104.28,0
Tecnología Fernández,97611296691,2025-Q4,84,13739881.74,12973647.96,766233.7799999993,6730857.83,19518368.14,2,0,357906.37,0.0,178953.185,0.0,0,0,0,1,1,0,0,0,82,65,4.35,356.7,1
Tecnología Fernández,97611296691,2024-Q3,69,6839982.26,3966908.85,2873073.4099999997,1137876.03,7803723.02,5,2,917945.09,112756.89,183589.01799999998,56378.445,0,2,0,0,0,1,1,0,24,5,2.81,67.44,0
Distribuidora Sánchez,88022322512,2025-Q2,134,38696897.86,26666063.42,12030834.439999998,12901082.59,37435382.95,4,2,679032.14,277405.59,169758.035,138702.795,2,0,76,0,0,1,1,0,63,49,4.08,257.04,1
Distribuidora Sánchez,88022322512,2024-Q3,168,2692889.75,2043683.48,649206.27,577047.5,2890504.77,0,0,0.0,0.0,0.0,0.0,0,0,0,1,1,1,0,0,73,28,1.24,90.52,0
Comercial Rodríguez,02953217846,2025-Q4,109,13289817.72,10189413.61,3100404.1100000013,5622733.23,17289223.96,2,2,364704.85,373813.4,182352.425,186906.7,1,1,63,2,1,1,1,0,80,59,2.69,215.2,1
Comercial Rodríguez,02953217846,2024-Q4,155,47578565.34,26986512.3,20592053.040000003,18218438.38,52308343.27,4,2,715593.7,363842.58,178898.425,181921.29,0,2,0,0,0,1,1,0,80,8,2.73,218.4,1
Comercial Rodríguez,02953217846,2025-Q2,25,19963698.1,10807121.68,9156576.420000002,1435495.03,16397883.15,2,0,379155.42,0.0,189577.71,0.0,0,0,0,0,0,0,0,1,58,60,2.86,165.88,1
Comercial Rodríguez,02953217846,2024-Q2,143,43639393.69,29853534.51,13785859.179999996,1022657.11,41862573.97,0,0,0.0,0.0,0.0,0.0,0,0,0,0,0,1,0,1,85,10,4.38,372.3,1
Comercial García,62647708372,2025-Q4,172,23905275.51,12962659.95,10942615.560000002,4210346.25,19986293.48,1,0,185609.85,0.0,185609.85,0.0,0,0,0,0,1,0,0,0,57,6,3.41,194.37,1
Comercial García,62647708372,2024-Q1,73,38987933.93,21775172.58,17212761.35,7134224.88,44591592.84,2,1,212275.84,92821.96,106137.92,92821.96,0,1,0,0,1,0,1,0,85,65,2.71,230.35,1
Distribuidora García,61408982395,2024-Q3,41,26636425.09,21215766.35,5420658.739999998,1953990.61,23609672.3,3,0,263036.86,0.0,87678.95333333332,0.0,0,0,0,0,1,1,0,0,68,31,1.25,85.0,1
Distribuidora García,61408982395,2024-Q1,136,49031102.69,40300545.96,8730556.729999997,8671790.54,68333543.09,4,2,547592.47,334979.78,136898.1175,167489.89,2,0,46,0,1,1,1,1,82,26,2.77,227.14,1
Distribuidora García,61408982395,2024-Q4,75,24297347.88,18279626.23,6017721.6499999985,7529170.04,28831409.69,1,0,134767.29,0.0,134767.29,0.0,0,0,0,0,1,0,0,0,72,24,4.63,333.36,0
Grupo Fernández,13827112820,2025-Q3,8,35111742.63,26242732.05,8869010.580000002,2546347.35,39200355.65,3,0,480911.47,0.0,160303.82333333333,0.0,0,0,0,1,1,0,0,1,68,4,2.64,179.52,1
Grupo Fernández,13827112820,2025-Q1,81,1400626.97,981055.62,419571.35,457300.62,1751556.64,0,0,0.0,0.0,0.0,0.0,0,0,0,0,0,1,0,0,78,53,0.71,55.38,1
Grupo Fernández,13827112820,2024-Q4,149,48001113.61,33159635.42,14841478.189999998,14423633.76,63399649.81,3,0,346295.31,0.0,115431.77,0.0,0,0,0,1,0,1,0,1,36,63,1.41,50.76,1
Alimentos Mendoza,10095992197,2025-Q4,26,24944074.91,15371991.94,9572082.97,5242538.77,26762887.65,3,0,464686.25,0.0,154895.41666666666,0.0,0,0,0,0,0,0,0,0,51,27,2.72,138.72,1
Alimentos Mendoza,10095992197,2025-Q1,90,47555547.95,30921846.31,16633701.640000004,11157314.18,60355130.19,1,1,105524.86,167860.96,105524.86,167860.96,1,0,89,0,0,0,1,0,41,62,4.66,191.06,1
Alimentos Mendoza,10095992197,2025-Q2,6,12834477.33,11891793.2,942684.1300000008,2876355.02,11014085.8,1,0,70482.28,0.0,70482.28,0.0,0,0,0,0,0,0,0,0,31,21,2.25,69.75,1
Alimentos Mendoza,10095992197,2024-Q2,95,8633855.01,4635410.85,3998444.16,3634122.31,12694286.54,0,0,0.0,0.0,0.0,0.0,0,0,0,2,1,1,0,1,70,61,3.31,231.7,1
Grupo Sánchez,78016926229,2025-Q4,120,14458083.92,8199396.31,6258687.61,29169.88,20756688.99,4,3,280558.45,430336.54,70139.6125,143445.51333333334,2,1,73,1,1,0,1,1,83,56,2.15,178.45,1
Grupo Sánchez,78016926229,2024-Q4,43,33831875.01,22751888.68,11079986.329999998,8802111.16,38506996.21,5,3,762083.1,229636.88,152416.62,76545.62666666666,1,2,83,0,1,0,1,1,42,31,2.7,113.4,1
Grupo Sánchez,78016926229,2024-Q3,192,44102130.24,27998482.12,16103648.120000001,8391175.36,48243217.72,2,0,250353.52,0.0,125176.76,0.0,0,0,0,2,0,1,0,1,48,26,2.03,97.44,0
Consultora Gómez,64404702338,2025-Q3,32,7245108.51,6007573.0,1237535.5099999998,407497.31,9200185.54,0,0,0.0,0.0,0.0,0.0,0,0,0,0,1,0,0,1,48,19,1.62,77.76,0
Consultora Gómez,64404702338,2025-Q2,89,43442283.5,28111906.61,15330376.89,2769134.42,49792060.99,3,0,152072.86,0.0,50690.95333333333,0.0,0,0,0,2,1,1,0,1,65,55,4.25,276.25,1
Consultora Gómez,64404702338,2025-Q1,8,35259601.98,20338313.37,14921288.609999996,3655166.81,34036426.53,0,0,0.0,0.0,0.0,0.0,0,0,0,0,1,0,0,0,82,24,3.86,316.52,1
Consultora Gómez,64404702338,2025-Q4,89,22810896.57,16985052.37,5825844.199999999,880636.53,19135718.51,3,1,200247.65,185105.95,66749.21666666666,185105.95,1,0,47,1,0,1,1,1,50,61,2.88,144.0,1
Tecnología Checo,35084978032,2024-Q1,43,39258009.31,34897747.89,4360261.420000002,4931311.49,55286356.48,0,0,0.0,0.0,0.0,0.0,0,0,0,1,0,1,0,1,52,17,1.22,63.44,0
Tecnología Checo,35084978032,2025-Q4,183,37811204.6,32451415.02,5359789.580000002,12362109.07,41784667.81,1,0,80857.88,0.0,80857.88,0.0,0,0,0,2,0,1,0,1,62,64,3.02,187.24,1
Distribuidora Río Negro,76174051771,2024-Q3,85,13925763.0,10526932.22,3398830.7799999993,2993094.87,19159822.42,0,0,0.0,0.0,0.0,0.0,0,0,0,0,0,1,0,0,57,52,2.88,164.16,1
Distribuidora Río Negro,76174051771,2024-Q2,144,40548590.82,37572539.49,2976051.329999998,13070343.52,52261357.53,5,4,797266.6,754600.07,159453.32,188650.0175,0,4,0,1,0,0,1,1,23,5,1.51,34.73,1
Distribuidora Río Negro,76174051771,2025-Q3,164,27763879.62,16968778.82,10795100.8,2254379.84,36283753.92,0,0,0.0,0.0,0.0,0.0,0,0,0,1,0,0,0,1,64,65,2.12,135.68,1
Industrias Córdoba,52276466143,2025-Q2,80,31516640.23,22044210.83,9472429.400000002,2875733.77,37423736.06,5,4,692465.64,610814.72,138493.128,152703.68,1,3,68,1,1,1,1,0,47,50,3.31,155.57,1
Industrias Córdoba,52276466143,2025-Q1,53,19198116.04,16869099.7,2329016.34,7878823.49,18867176.69,2,0,157529.26,0.0,78764.63,0.0,0,0,0,0,1,1,0,1,76,69,2.55,193.8,1
Alimentos Pérez,12385899895,2024-Q3,13,20086752.21,10331393.6,9755358.610000001,9278519.29,22668571.62,0,0,0.0,0.0,0.0,0.0,0,0,0,1,1,0,0,1,58,48,1.13,65.54,1
Alimentos Pérez,12385899895,2025-Q4,65,47457279.17,23729994.98,23727284.19,5768383.59,43716475.25,0,0,0.0,0.0,0.0,0.0,0,0,0,1,0,1,0,0,25,69,3.73,93.25,1
Alimentos Pérez,12385899895,2025-Q2,83,2298278.16,1534175.99,764102.1700000002,1018938.63,2045428.05,1,0,100000.16,0.0,100000.16,0.0,0,0,0,2,1,1,0,0,52,14,2.08,108.16,1
Alimentos Pérez,12385899895,2025-Q1,169,8239919.84,7173680.33,1066239.5099999998,2719406.73,11311727.08,2,0,179939.4,0.0,89969.7,0.0,0,0,0,1,0,1,0,0,54,69,1.8,97.2,1
Cooperativa Sánchez,96803218934,2024-Q4,54,35601012.06,24238772.23,11362239.830000002,4836101.7,49395962.22,3,0,378176.08,0.0,126058.69333333334,0.0,0,0,0,1,0,1,0,0,35,12,4.41,154.35,0
Cooperativa Sánchez,96803218934,2025-Q3,17,39190478.98,33609316.0,5581162.979999997,6683405.79,49091997.67,5,2,835302.72,111383.62,167060.544,55691.81,1,1,67,2,0,1,1,1,80,59,4.54,363.2,1
Cooperativa Sánchez,96803218934,2024-Q2,109,26821016.54,20052572.63,6768443.91,6316819.84,34863806.14,4,2,473840.69,116426.23,118460.1725,58213.115,0,2,0,1,1,0,1,1,48,33,4.94,237.12,1
Servicios López,82431597406,2024-Q3,196,43305093.78,26138141.94,17166951.84,2756689.29,39778194.99,5,3,745659.08,368618.32,149131.816,122872.77333333333,3,0,49,0,0,0,1,0,52,16,4.42,229.84,0
Servicios López,82431597406,2025-Q3,98,15868171.17,12545345.51,3322825.66,3057825.23,18259054.67,2,2,180374.06,232604.59,90187.03,116302.295,0,2,0,0,0,0,1,1,37,24,2.59,95.83,0
Productora Dondero,76726594680,2024-Q3,115,10717742.1,9879046.49,838695.6099999994,1919268.57,15104683.96,5,5,468779.47,689396.44,93755.894,137879.288,2,3,54,1,1,0,1,1,85,2,4.65,395.25,0
Productora Dondero,76726594680,2024-Q1,35,22208701.66,17803093.12,4405608.539999999,144280.06,21732424.5,1,0,71456.18,0.0,71456.18,0.0,0,0,0,1,0,1,0,0,77,41,4.1,315.7,1
Productora Dondero,76726594680,2024-Q2,170,35493421.85,20907032.85,14586389.0,4405070.44,49673339.89,3,0,244432.62,0.0,81477.54,0.0,0,0,0,1,0,1,0,1,63,32,2.12,133.56,1
Productora Dondero,76726594680,2025-Q2,194,38986887.37,27485237.22,11501650.149999999,8890886.38,43174933.03,5,1,898830.75,179086.37,179766.15,179086.37,0,1,0,0,0,0,1,0,64,57,2.29,146.56,1
Industrias Pérez,66081695748,2025-Q4,106,17305699.7,14967545.49,2338154.209999999,5418662.17,20243119.53,3,0,248082.82,0.0,82694.27333333333,0.0,0,0,0,0,0,1,0,0,45,19,3.5,157.5,1
Industrias Pérez,66081695748,2025-Q2,105,29027786.33,24938547.06,4089239.2699999996,14095597.91,27464514.48,3,0,309820.5,0.0,103273.5,0.0,0,0,0,0,0,0,0,0,77,59,4.16,320.32,1
Industrias Pérez,66081695748,2025-Q3,26,6010441.3,5481483.16,528958.1399999997,2104426.4,6791037.57,2,0,254252.56,0.0,127126.28,0.0,0,0,0,1,0,1,0,0,42,13,2.99,125.58,0
Industrias Pérez,66081695748,2024-Q2,30,21854537.51,15933278.32,5921259.190000001,2189894.27,23931213.71,4,0,263539.85,0.0,65884.9625,0.0,0,0,0,2,1,1,0,0,90,16,0.69,62.1,1
Tecnología Gómez,30816955932,2025-Q1,53,30350164.29,18187292.09,12162872.2,10576486.04,40872481.37,4,0,401009.27,0.0,100252.3175,0.0,0,0,0,0,0,0,0,0,21,50,4.86,102.06,1
Tecnología Gómez,30816955932,2024-Q2,121,23549868.49,13225733.99,10324134.499999998,4858001.3,19092263.94,4,0,496865.35,0.0,124216.3375,0.0,0,0,0,1,0,1,0,0,67,19,1.85,123.95,1
Tecnología Gómez,30816955932,2025-Q4,47,28774362.86,19318552.35,9455810.509999998,3759714.91,37197714.17,0,0,0.0,0.0,0.0,0.0,0,0,0,0,0,1,0,0,72,52,3.32,239.04,1
Alimentos Neuquén,38788807075,2024-Q3,179,49686854.22,36375459.14,13311395.079999998,11023749.19,58577718.62,0,0,0.0,0.0,0.0,0.0,0,0,0,0,0,1,0,1,28,18,0.86,24.08,0
Alimentos Neuquén,38788807075,2025-Q4,139,28054227.71,15562592.27,12491635.440000001,7924780.12,41524874.97,1,0,194577.46,0.0,194577.46,0.0,0,0,0,1,1,0,0,0,24,37,1.66,39.84,1
Alimentos Neuquén,38788807075,2024-Q2,54,36773659.75,27369023.18,9404636.57,1456331.22,35145294.3,1,0,199035.09,0.0,199035.09,0.0,0,0,0,0,0,0,0,0,27,67,4.22,113.94,1
Alimentos Neuquén,38788807075,2025-Q1,94,20139933.98,16325995.59,3813938.3900000006,6240423.99,29967233.8,2,1,378291.03,151339.27,189145.515,151339.27,0,1,0,0,0,1,1,0,48,7,2.37,113.76,1
Distribuidora Gutierrez,08358863544,2024-Q2,79,39541451.88,31929312.01,7612139.870000001,15813363.83,37409463.35,4,2,258994.2,168348.53,64748.55,84174.265,1,1,60,1,0,0,1,1,54,16,1.28,69.12,1
Distribuidora Gutierrez,08358863544,2024-Q4,28,42730664.13,34575158.75,8155505.380000003,8008814.82,37936142.3,5,0,290072.77,0.0,58014.554000000004,0.0,0,0,0,1,1,0,0,0,43,58,3.46,148.78,1
Distribuidora Gutierrez,08358863544,2025-Q1,83,24468024.88,15864864.01,8603160.87,6624687.06,32996672.69,3,1,442788.46,152208.75,147596.15333333335,152208.75,0,1,0,0,1,0,1,0,59,64,0.79,46.61,1
Grupo Salta,52378091293,2025-Q2,18,32191049.59,30453232.18,1737817.4100000001,11177913.24,35331434.85,0,0,0.0,0.0,0.0,0.0,0,0,0,0,1,0,0,0,35,40,0.8,28.0,1
Grupo Salta,52378091293,2024-Q1,5,41990318.23,29208748.89,12781569.339999996,6172755.4,52220884.44,4,3,215231.74,289406.89,53807.935,96468.96333333333,0,3,0,1,1,1,1,1,71,49,0.97,68.87,1
Grupo Salta,52378091293,2025-Q4,71,7280374.31,3912535.01,3367839.3,1334761.27,9893323.36,1,0,89278.66,0.0,89278.66,0.0,0,0,0,0,0,0,0,0,47,36,2.69,126.43,1
Grupo Salta,52378091293,2024-Q2,13,24970823.26,12764598.79,12206224.470000003,4401112.82,33105056.23,4,4,627291.71,459831.59,156822.9275,114957.8975,2,2,49,0,1,0,1,1,82,20,1.42,116.44,1
Cooperativa Rodríguez,11101357814,2025-Q4,179,37523596.17,33669741.2,3853854.969999999,6950160.05,33575990.13,1,0,52812.61,0.0,52812.61,0.0,0,0,0,1,0,1,0,1,59,45,0.66,38.94,1
Cooperativa Rodríguez,11101357814,2024-Q1,9,37512327.5,30584405.09,6927922.41,10184316.39,54967420.31,1,1,68402.24,97630.48,68402.24,97630.48,1,0,31,0,1,1,1,0,67,45,1.04,69.68,1
Cooperativa Rodríguez,11101357814,2025-Q3,53,36109996.25,23240783.41,12869212.84,14057690.77,30107569.41,3,3,341393.7,565361.89,113797.90000000001,188453.96333333335,3,0,78,1,1,1,1,0,38,6,0.7,26.6,0
Distribuidora Vargas,64283455197,2024-Q2,39,7810722.54,6364770.0,1445952.54,2939530.33,7494797.32,5,1,396935.69,103335.35,79387.138,103335.35,1,0,67,2,1,0,1,1,49,21,4.39,215.11,0
Distribuidora Vargas,64283455197,2024-Q1,12,16346579.5,11465284.53,4881294.970000001,5579416.54,19064544.09,5,3,858536.7,416107.78,171707.34,138702.59333333335,2,1,78,0,1,1,1,0,20,30,4.28,85.6,1
Comercial Sánchez,82983848863,2024-Q1,72,30081159.85,21652517.4,8428642.450000003,7081877.5,42867694.35,2,0,397435.24,0.0,198717.62,0.0,0,0,0,3,1,1,0,1,35,43,3.99,139.65,1
Comercial Sánchez,82983848863,2024-Q3,79,42438637.04,28499893.17,13938743.869999997,4893480.75,43344812.04,5,2,728404.74,172373.76,145680.948,86186.88,0,2,0,2,1,1,1,1,73,55,1.49,108.77,1
Comercial Sánchez,82983848863,2025-Q3,61,14715064.78,12355535.34,2359529.4399999995,1571517.44,14892358.2,0,0,0.0,0.0,0.0,0.0,0,0,0,0,1,0,0,0,60,1,3.81,228.6,1
Distribuidora Río Negro,06708797145,2025-Q2,120,2024582.66,1411514.11,613068.5499999998,472200.91,1692886.42,1,0,138103.17,0.0,138103.17,0.0,0,0,0,1,1,1,0,1,67,27,1.07,71.69,0
Distribuidora Río Negro,06708797145,2024-Q3,90,17254109.31,15353186.05,1900923.259999998,1328356.14,16736995.32,0,0,0.0,0.0,0.0,0.0,0,0,0,2,0,1,0,1,78,67,4.65,362.7,1
Distribuidora Río Negro,06708797145,2024-Q4,127,9343463.77,6832307.49,2511156.2799999993,1007403.92,12921621.17,2,1,317775.38,96440.68,158887.69,96440.68,1,0,65,0,0,1,1,0,65,59,1.34,87.1,1
Servicios Buenos Aires,42946791785,2024-Q2,76,34102933.26,24155082.76,9947850.499999996,12433811.16,38248805.16,0,0,0.0,0.0,0.0,0.0,0,0,0,1,0,1,0,0,77,64,2.94,226.38,1
Servicios Buenos Aires,42946791785,2024-Q1,142,33714946.7,22251126.48,11463820.220000003,12415994.09,37844761.36,3,0,158674.47,0.0,52891.49,0.0,0,0,0,2,1,1,0,0,24,10,1.29,30.96,1
Industrias Santa Fe,48241557181,2025-Q1,80,22095774.72,14930866.92,7164907.799999999,2428040.8,21574613.71,1,0,122189.77,0.0,122189.77,0.0,0,0,0,0,0,1,0,1,63,44,0.82,51.66,1
Industrias Santa Fe,48241557181,2025-Q2,148,38175381.68,34448236.7,3727144.9799999967,7349573.0,40058294.0,2,0,176737.3,0.0,88368.65,0.0,0,0,0,0,0,1,0,0,84,48,0.98,82.32,1
Industrias Santa Fe,48241557181,2024-Q1,190,33435706.57,25852216.99,7583489.580000002,3704296.26,40642366.9,1,0,94069.31,0.0,94069.31,0.0,0,0,0,0,0,1,0,0,53,58,4.39,232.67,1
Cooperativa La Pampa,59831164631,2025-Q3,161,41634726.56,23146573.69,18488152.87,6784241.34,38442733.81,3,0,370377.75,0.0,123459.25,0.0,0,0,0,2,1,0,0,1,59,8,1.35,79.65,1
Cooperativa La Pampa,59831164631,2024-Q2,193,7106132.97,4917655.72,2188477.25,2223182.01,6844804.13,5,0,633547.13,0.0,126709.426,0.0,0,0,0,0,0,0,0,0,76,35,2.15,163.4,1
Cooperativa La Pampa,59831164631,2025-Q4,169,48576023.01,40177254.24,8398768.769999996,7411626.69,46751716.6,1,0,81082.85,0.0,81082.85,0.0,0,0,0,1,1,1,0,1,66,44,3.11,205.26,1
Distribuidora Rodríguez,77233062648,2024-Q3,110,33723041.42,23616241.21,10106800.21,14123335.84,37625953.45,2,0,110780.05,0.0,55390.025,0.0,0,0,0,1,1,1,0,0,23,34,3.74,86.02,1
Distribuidora Rodríguez,77233062648,2024-Q2,44,41036112.26,32359324.57,8676787.689999998,18883149.04,52361230.99,2,0,384946.41,0.0,192473.205,0.0,0,0,0,0,0,1,0,0,32,47,1.55,49.6,1
Distribuidora Rodríguez,77233062648,2024-Q1,132,38198534.3,34586154.97,3612379.329999998,5766820.17,43514786.78,1,0,59984.16,0.0,59984.16,0.0,0,0,0,1,1,1,0,0,28,48,3.9,109.2,1
Servicios Gómez,01518119044,2024-Q4,149,30393913.13,19012386.03,11381527.099999998,6994120.24,33484658.2,2,0,217435.74,0.0,108717.87,0.0,0,0,0,1,1,0,0,1,40,42,1.47,58.8,1
Servicios Gómez,01518119044,2025-Q2,39,45847591.83,42472201.01,3375390.8200000003,17986714.68,60080189.15,4,3,529486.8,562093.21,132371.7,187364.40333333332,1,2,86,1,1,0,1,0,62,24,1.56,96.72,1
Servicios Gómez,01518119044,2024-Q1,56,4211919.23,2412258.86,1799660.3700000006,541171.41,4680376.37,5,1,800919.23,123276.85,160183.846,123276.85,1,0,73,1,1,0,1,1,31,56,1.45,44.95,1
Servicios Gómez,01518119044,2025-Q1,183,8966316.91,8198382.17,767934.7400000002,2532227.68,13333358.44,3,1,463590.69,104363.03,154530.23,104363.03,1,0,71,0,0,0,1,1,89,30,1.59,141.51,1
Alimentos Neuquén,15521367360,2025-Q4,120,24773680.98,16345490.29,8428190.690000001,863655.05,24756011.89,4,2,273106.84,138932.85,68276.71,69466.425,2,0,67,0,1,1,1,0,85,22,3.19,271.15,0
Alimentos Neuquén,15521367360,2025-Q1,110,1060617.7,711443.79,349173.9099999999,417734.9,1336198.48,2,0,377970.54,0.0,188985.27,0.0,0,0,0,2,1,1,0,0,64,25,2.14,136.96,0
Alimentos Neuquén,15521367360,2024-Q2,178,8818080.58,6787296.56,2030784.0200000005,2971330.02,11927802.15,2,0,378055.42,0.0,189027.71,0.0,0,0,0,2,1,1,0,0,57,41,1.38,78.66,1
Grupo Paraná,98038419572,2025-Q2,197,17511878.27,12947366.21,4564512.059999999,840874.25,23589913.22,4,3,245549.66,548406.55,61387.415,182802.18333333335,3,0,69,0,0,1,1,0,80,46,0.94,75.2,1
Grupo Paraná,98038419572,2024-Q4,59,6338169.86,5429876.61,908293.25,842710.31,7646768.97,5,1,863002.31,58389.22,172600.462,58389.22,1,0,50,0,0,1,1,1,53,3,4.7,249.1,1
Distribuidora Buenos Aires,93546623701,2025-Q2,9,13222074.94,8568099.9,4653975.039999999,2342612.82,19016946.81,1,0,158349.29,0.0,158349.29,0.0,0,0,0,2,1,1,0,1,58,54,4.43,256.94,1
Distribuidora Buenos Aires,93546623701,2025-Q3,93,30477644.64,27296073.07,3181571.5700000003,3017996.25,40159533.29,3,0,280003.9,0.0,93334.63333333335,0.0,0,0,0,0,0,0,0,0,66,3,1.74,114.84,1
Distribuidora Buenos Aires,93546623701,2024-Q2,174,27721809.46,18925212.62,8796596.84,12434284.43,36373813.38,2,0,258077.63,0.0,129038.815,0.0,0,0,0,1,1,1,0,0,39,69,1.93,75.27,1
Distribuidora Buenos Aires,93546623701,2025-Q4,63,33770135.64,20390206.24,13379929.400000002,8217983.04,32494529.15,5,3,789661.21,414449.47,157932.242,138149.82333333333,2,1,77,1,1,1,1,0,76,23,0.5,38.0,1
Distribuidora Fernández,09225392586,2025-Q3,150,28259733.96,23481106.91,4778627.050000001,9600164.92,25896488.7,0,0,0.0,0.0,0.0,0.0,0,0,0,1,0,1,0,1,53,24,1.06,56.18,1
Distribuidora Fernández,09225392586,2025-Q2,129,4373894.0,3388423.54,985470.46,1016125.84,5049503.46,3,1,507359.36,185271.73,169119.78666666665,185271.73,1,0,57,1,0,0,1,1,45,61,1.94,87.3,1
Distribuidora Fernández,09225392586,2024-Q1,166,25445214.26,13687162.15,11758052.110000001,8360336.45,24440177.27,0,0,0.0,0.0,0.0,0.0,0,0,0,0,0,1,0,1,61,16,3.28,200.08,0
Distribuidora Fernández,09225392586,2024-Q4,172,45625591.47,35560908.53,10064682.939999998,17913102.61,40184394.55,3,1,438344.37,101431.32,146114.79,101431.32,1,0,32,3,1,1,1,1,52,54,2.64,137.28,1
Tecnología Rodríguez,07455925040,2024-Q2,147,19495959.61,17863748.0,1632211.6099999994,8643541.76,22634399.7,5,1,607701.66,98161.51,121540.33200000001,98161.51,1,0,88,1,1,1,1,0,72,25,1.76,126.72,0
Tecnología Rodríguez,07455925040,2025-Q1,98,45305343.35,33264202.46,12041140.89,20880136.52,41986780.48,5,4,563309.55,522116.44,112661.91,130529.11,4,0,83,1,1,0,1,1,75,44,3.83,287.25,1
Industrias Fernández,51417124114,2024-Q1,84,13886495.43,9132717.06,4753778.369999999,347494.59,12003031.25,3,0,181599.74,0.0,60533.246666666666,0.0,0,0,0,0,0,0,0,0,78,65,3.36,262.08,1
Industrias Fernández,51417124114,2025-Q3,136,46946981.68,32713359.06,14233622.620000001,10554147.76,42065837.23,1,0,53002.06,0.0,53002.06,0.0,0,0,0,1,1,0,0,0,53,32,2.28,120.84,1
Industrias Fernández,51417124114,2025-Q2,77,34605817.24,27837220.73,6768596.510000002,12550590.05,47272084.12,4,4,460164.23,563715.14,115041.0575,140928.785,4,0,79,3,1,1,1,1,46,34,4.67,214.82,1
Industrias Fernández,51417124114,2024-Q3,114,9070104.23,4848095.09,4222009.140000001,3003638.99,9490789.57,0,0,0.0,0.0,0.0,0.0,0,0,0,1,0,1,0,0,37,15,4.78,176.86,0
Consultora Santa Fe,55871353372,2024-Q4,51,41011917.75,22985951.62,18025966.13,17795014.8,51731586.5,4,0,622881.56,0.0,155720.39,0.0,0,0,0,1,0,0,0,1,40,8,4.26,170.4,0
Consultora Santa Fe,55871353372,2025-Q3,98,46649409.19,23858357.67,22791051.519999996,7728884.59,42399266.92,1,0,78788.96,0.0,78788.96,0.0,0,0,0,0,1,0,0,1,62,18,4.48,277.76,1
Consultora Santa Fe,55871353372,2025-Q4,114,25613687.77,20107974.5,5505713.27,2588647.14,21489010.24,4,4,328186.39,229036.31,82046.5975,57259.0775,1,3,61,0,0,0,1,1,21,9,1.37,28.77,0
Consultora Santa Fe,55871353372,2025-Q2,107,41897546.01,26103974.1,15793571.909999996,3152730.73,43950044.64,5,0,907127.89,0.0,181425.578,0.0,0,0,0,3,1,1,0,1,31,64,4.62,143.22,1
Consultora Sánchez,88534808581,2025-Q2,41,13072893.18,11642152.04,1430741.1400000006,2621302.32,10951878.13,1,1,95669.1,141860.53,95669.1,141860.53,1,0,45,1,0,0,1,1,54,29,4.73,255.42,1
Consultora Sánchez,88534808581,2025-Q1,169,26876563.42,17600506.94,9276056.48,5558098.61,27397986.49,0,0,0.0,0.0,0.0,0.0,0,0,0,1,1,0,0,0,62,33,4.67,289.54,1
Consultora Sánchez,88534808581,2025-Q4,129,12597541.95,6710289.01,5887252.9399999995,3865421.24,12786827.24,1,0,174780.01,0.0,174780.01,0.0,0,0,0,0,1,1,0,0,34,9,2.78,94.52,1
Consultora Sánchez,88534808581,2025-Q3,200,42158005.47,37899367.19,4258638.280000001,18023221.44,37957215.4,2,0,328082.43,0.0,164041.215,0.0,0,0,0,0,0,0,0,0,82,4,1.72,141.04,0
Distribuidora Pérez,82927479607,2024-Q1,118,47293988.33,26340489.0,20953499.33,1747437.04,48177548.99,2,0,207006.37,0.0,103503.185,0.0,0,0,0,3,1,1,0,1,59,49,2.18,128.62,1
Distribuidora Pérez,82927479607,2025-Q1,21,24078470.95,12604817.39,11473653.559999999,7315783.4,31091865.67,4,4,621634.03,673744.12,155408.5075,168436.03,4,0,78,2,1,0,1,1,66,18,4.52,298.32,1
Distribuidora Pérez,82927479607,2025-Q4,124,18507574.33,17461669.24,1045905.0899999999,6287646.41,26680168.73,4,4,265497.43,276501.66,66374.3575,69125.415,3,1,49,1,0,1,1,0,85,41,0.73,62.05,1
Grupo López,34641534599,2024-Q4,79,1906531.1,1422972.68,483558.42000000016,266747.35,2735824.3,4,1,329212.63,108219.11,82303.1575,108219.11,1,0,67,0,1,0,1,1,37,40,1.91,70.67,1
Grupo López,34641534599,2025-Q1,51,29144036.19,27164267.22,1979768.9700000025,12863925.45,39296138.38,5,5,877578.21,860136.9,175515.642,172027.38,0,5,0,1,1,0,1,0,43,66,3.37,144.91,1
Grupo López,34641534599,2024-Q2,155,44820753.88,32273836.69,12546917.190000001,2629120.64,56738674.37,1,0,190981.58,0.0,190981.58,0.0,0,0,0,1,0,0,0,1,60,1,3.61,216.6,0
Grupo López,34641534599,2025-Q3,198,46031955.71,40781462.57,5250493.140000001,17674329.05,64303932.17,0,0,0.0,0.0,0.0,0.0,0,0,0,0,0,0,0,1,88,17,2.93,257.84,1
Comercial Córdoba,91083224146,2024-Q4,120,39411506.09,32805157.12,6606348.9700000025,6898081.09,35366226.69,1,1,197986.57,186920.39,197986.57,186920.39,1,0,77,0,1,0,1,1,57,14,0.73,41.61,1
Comercial Córdoba,91083224146,2025-Q1,54,42634035.04,22363282.05,20270752.99,11779588.3,61397039.53,4,1,202605.17,110349.33,50651.2925,110349.33,0,1,0,0,1,0,1,1,52,47,3.95,205.4,1
Comercial Córdoba,91083224146,2025-Q3,127,47862860.45,34991058.2,12871802.25,7167715.35,66315542.31,3,3,292027.24,202070.25,97342.41333333333,67356.75,3,0,54,1,1,1,1,1,75,50,4.9,367.5,1
Alimentos Martínez,33046581929,2025-Q3,38,2139355.0,1365958.17,773396.8300000001,602069.01,2830873.34,1,0,105404.32,0.0,105404.32,0.0,0,0,0,0,0,0,0,0,70,47,2.5,175.0,1
Alimentos Martínez,33046581929,2024-Q2,78,46708302.56,42322123.08,4386179.480000004,22462465.42,39967464.22,1,0,171728.06,0.0,171728.06,0.0,0,0,0,0,0,0,0,0,51,69,2.49,126.99,1
Alimentos Martínez,33046581929,2024-Q4,166,44380093.49,30399844.26,13980249.23,9586227.01,42967575.88,3,2,589114.16,339072.77,196371.3866666667,169536.385,2,0,38,1,1,0,1,1,25,0,3.08,77.0,1
Consultora Buenos Aires,55293710309,2025-Q3,99,4752219.46,4034488.25,717731.21,435203.16,5654941.04,0,0,0.0,0.0,0.0,0.0,0,0,0,0,1,1,0,0,53,64,4.85,257.05,1
Consultora Buenos Aires,55293710309,2025-Q2,156,1937791.87,1691865.91,245925.9600000002,114959.62,2519708.25,4,2,627007.13,346967.34,156751.7825,173483.67,1,1,88,0,0,0,1,0,73,12,0.89,64.97,1
Consultora Buenos Aires,55293710309,2025-Q1,59,44240980.12,28445669.91,15795310.209999997,8876771.0,42059491.4,5,0,392189.39,0.0,78437.878,0.0,0,0,0,2,1,0,0,1,53,24,4.56,241.68,1
Consultora Buenos Aires,55293710309,2025-Q4,124,49863769.25,43597863.33,6265905.920000002,5746672.42,49402025.55,2,0,381994.9,0.0,190997.45,0.0,0,0,0,0,0,0,0,0,21,12,2.89,60.69,0
Distribuidora Paraná,43062640805,2025-Q3,72,39278241.35,30219401.91,9058839.440000001,17639871.67,41461506.64,2,2,327642.3,247713.08,163821.15,123856.54,1,1,64,1,1,1,1,0,41,69,2.76,113.16,1
Distribuidora Paraná,43062640805,2024-Q4,38,41006056.35,24913798.52,16092257.830000002,7107192.82,33608149.9,5,5,401990.92,403969.28,80398.184,80793.856,5,0,44,1,0,1,1,0,20,3,4.74,94.8,1
Consultora Gómez,90731496644,2025-Q2,180,22753980.09,21225607.29,1528372.8000000007,4813534.49,20172332.31,4,0,354830.69,0.0,88707.6725,0.0,0,0,0,0,0,1,0,0,84,29,3.94,330.96,1
Consultora Gómez,90731496644,2024-Q3,87,39685111.5,27313159.53,12371951.969999999,13962175.63,50219782.55,1,0,67671.92,0.0,67671.92,0.0,0,0,0,2,0,1,0,1,89,70,3.9,347.1,1
Grupo Mendoza,83772334412,2024-Q3,44,35579789.55,25238893.4,10340896.149999999,395752.03,49528010.92,3,2,282537.13,235011.65,94179.04333333333,117505.825,1,1,43,2,0,1,1,1,56,37,3.38,189.28,1
Grupo Mendoza,83772334412,2024-Q4,114,46053918.99,25132965.93,20920953.060000002,16228650.97,44885818.93,1,0,172856.32,0.0,172856.32,0.0,0,0,0,2,1,1,0,0,43,19,3.84,165.12,1
Productora Pérez,00790531322,2025-Q4,166,22549801.69,14439134.92,8110666.770000001,1777736.01,26424176.21,2,1,137186.53,88773.9,68593.265,88773.9,1,0,59,0,1,1,1,1,80,21,1.58,126.4,0
Productora Pérez,00790531322,2025-Q2,80,16495212.79,8461605.0,8033607.789999999,4664037.65,17840753.23,3,2,151709.27,205847.8,50569.75666666666,102923.9,1,1,41,0,1,0,1,1,72,42,4.55,327.6,1
Productora Pérez,00790531322,2024-Q4,177,35407670.46,22727142.54,12680527.920000002,8558547.87,46342870.11,0,0,0.0,0.0,0.0,0.0,0,0,0,1,1,0,0,0,63,56,4.18,263.34,1
Alimentos Gómez,88366784674,2024-Q2,41,7363017.8,4128065.15,3234952.65,1940407.19,9604747.11,1,1,195866.49,58700.02,195866.49,58700.02,1,0,87,1,1,0,1,0,51,9,2.79,142.29,1
Alimentos Gómez,88366784674,2024-Q1,122,5016304.28,4572054.16,444250.1200000001,653732.34,5712101.75,4,0,333690.96,0.0,83422.74,0.0,0,0,0,1,1,0,0,0,66,44,2.76,182.16,1
Alimentos Gómez,88366784674,2025-Q2,113,46456502.06,36269911.74,10186590.32,215679.84,56587598.02,2,0,309814.37,0.0,154907.185,0.0,0,0,0,2,1,1,0,0,27,54,3.37,90.99,1
Alimentos Gómez,88366784674,2025-Q4,139,28486031.87,16032236.54,12453795.330000002,11516899.87,32249036.12,3,0,377083.73,0.0,125694.57666666666,0.0,0,0,0,0,1,1,0,1,61,29,3.61,220.21,1
Distribuidora La Pampa,01597341722,2024-Q3,170,33627445.77,23081599.24,10545846.530000005,881165.46,41975230.76,5,5,549193.08,285196.28,109838.616,57039.25600000001,2,3,57,2,1,1,1,1,59,68,3.14,185.26,1
Distribuidora La Pampa,01597341722,2025-Q2,147,9685702.95,7707206.03,1978496.919999999,2095841.6,8638478.97,0,0,0.0,0.0,0.0,0.0,0,0,0,1,1,1,0,0,60,25,4.52,271.2,1
Distribuidora La Pampa,01597341722,2024-Q1,132,15595802.23,9444969.98,6150832.25,6761903.8,15810333.39,2,2,117444.51,272515.43,58722.255,136257.715,2,0,50,0,1,0,1,1,37,51,1.62,59.94,1
Distribuidora La Pampa,01597341722,2024-Q2,44,31854720.0,20687589.41,11167130.59,1279116.66,27144391.34,0,0,0.0,0.0,0.0,0.0,0,0,0,0,0,0,0,0,67,66,2.55,170.85,1
Tecnología Sánchez,16187932322,2025-Q1,122,33137914.29,17280138.94,15857775.349999998,5217310.02,29834541.66,1,0,145911.25,0.0,145911.25,0.0,0,0,0,1,0,1,0,0,31,55,3.32,102.92,1
Tecnología Sánchez,16187932322,2024-Q1,24,5741281.18,4096303.77,1644977.4099999997,378134.17,7705945.05,3,3,476512.24,290413.54,158837.41333333333,96804.51333333332,1,2,86,1,1,0,1,1,68,29,2.83,192.44,1
Distribuidora Neuquén,29739483280,2025-Q1,169,8524968.95,7858286.62,666682.3299999991,3795758.33,7428207.88,2,0,119324.69,0.0,59662.345,0.0,0,0,0,1,1,0,0,0,56,25,4.01,224.56,1
Distribuidora Neuquén,29739483280,2025-Q4,184,14136820.07,7927568.82,6209251.25,563543.34,18518973.39,1,0,98703.89,0.0,98703.89,0.0,0,0,0,2,1,1,0,1,72,61,2.41,173.52,1
Distribuidora Neuquén,29739483280,2025-Q2,87,44696573.87,30400926.36,14295647.509999998,21898368.08,58440117.29,4,0,679461.72,0.0,169865.43,0.0,0,0,0,0,1,1,0,0,49,52,1.45,71.05,1
Productora Fernández,71956606318,2024-Q3,32,12583504.77,7254602.72,5328902.05,4950626.05,10204912.78,5,2,575241.97,372254.68,115048.394,186127.34,2,0,66,2,0,1,1,1,87,8,4.48,389.76,1
Productora Fernández,71956606318,2025-Q1,78,49187239.95,46532747.01,2654492.940000005,9356288.48,57867538.05,5,2,731033.5,210036.9,146206.7,105018.45,1,1,83,1,1,0,1,1,86,62,1.98,170.28,1
Distribuidora La Pampa,22855789878,2025-Q4,196,37421200.61,24066399.65,13354800.96,5823100.31,46237077.24,3,0,347135.4,0.0,115711.8,0.0,0,0,0,2,1,1,0,0,68,48,1.87,127.16,1
Distribuidora La Pampa,22855789878,2024-Q2,98,12974595.21,8877420.39,4097174.8200000003,3246015.3,17740636.9,0,0,0.0,0.0,0.0,0.0,0,0,0,1,0,0,0,1,37,57,3.37,124.69,1
Cooperativa La Pampa,32267204787,2024-Q1,18,28613283.8,26273764.97,2339518.830000002,12947018.75,32566141.58,5,0,917812.61,0.0,183562.522,0.0,0,0,0,1,1,0,0,1,76,22,1.35,102.6,0
Cooperativa La Pampa,32267204787,2025-Q2,157,31965765.17,28923789.89,3041975.280000001,11071095.3,29310350.68,0,0,0.0,0.0,0.0,0.0,0,0,0,1,0,1,0,0,49,23,2.93,143.57,0
Cooperativa La Pampa,32267204787,2024-Q3,186,21691545.57,12825693.52,8865852.05,10508695.64,27704775.32,3,2,188912.88,139992.07,62970.96,69996.035,1,1,35,3,1,1,1,1,75,40,3.51,263.25,1
Cooperativa Salta,42195407351,2025-Q2,91,14627614.43,13055858.26,1571756.17,246135.97,14559611.86,1,1,100163.56,117015.18,100163.56,117015.18,1,0,77,3,1,1,1,1,32,36,1.13,36.16,1
Cooperativa Salta,42195407351,2024-Q1,26,42625975.01,30640069.37,11985905.639999997,18811618.92,47332192.54,1,0,96410.53,0.0,96410.53,0.0,0,0,0,2,1,0,0,1,38,4,3.38,128.44,0
Cooperativa Salta,42195407351,2025-Q3,35,15965511.04,14017907.56,1947603.4799999986,6009276.75,13513582.65,5,5,513594.82,314478.23,102718.964,62895.64599999999,3,2,34,0,0,1,1,0,67,57,4.71,315.57,1
Productora Checo,95329474568,2024-Q1,115,13260460.43,11012142.73,2248317.6999999993,831584.53,13727466.83,5,2,917368.61,363967.36,183473.722,181983.68,2,0,79,2,0,1,1,1,82,38,4.6,377.2,1
Productora Checo,95329474568,2024-Q4,80,4909488.95,3710902.14,1198586.81,1289541.57,5091426.54,5,0,516917.47,0.0,103383.49399999999,0.0,0,0,0,1,1,1,0,0,88,11,4.26,374.88,1
Productora Checo,95329474568,2025-Q3,84,21216281.7,17533980.08,3682301.620000001,8329183.77,22992961.35,0,0,0.0,0.0,0.0,0.0,0,0,0,0,1,0,0,0,86,12,3.42,294.12,0
Grupo García,48335660434,2024-Q2,92,45979306.32,37708846.99,8270459.329999998,15138518.35,42185928.42,0,0,0.0,0.0,0.0,0.0,0,0,0,0,0,0,0,1,74,16,4.66,344.84,1
Grupo García,48335660434,2025-Q4,132,1647144.06,1394751.34,252392.71999999997,30533.84,1633677.04,2,0,138875.63,0.0,69437.815,0.0,0,0,0,0,0,0,0,1,21,4,3.76,78.96,1
Grupo García,48335660434,2024-Q3,47,33212802.98,25703472.24,7509330.740000002,11469195.37,32395894.9,4,1,573714.47,156689.7,143428.6175,156689.7,1,0,33,2,1,1,1,1,56,41,1.41,78.96,1
Grupo García,48335660434,2025-Q1,127,11191021.27,5790406.4,5400614.869999999,2834265.63,11183562.89,3,0,184270.74,0.0,61423.579999999994,0.0,0,0,0,0,1,1,0,1,75,19,2.15,161.25,1
Cooperativa La Pampa,80551002145,2024-Q2,94,34503531.4,28026526.99,6477004.41,14048908.39,49498438.13,2,1,141315.29,126135.36,70657.645,126135.36,1,0,74,1,1,1,1,0,31,11,1.3,40.3,1
Cooperativa La Pampa,80551002145,2024-Q4,84,24114205.15,14445842.59,9668362.559999999,2852120.44,23855014.68,1,0,179038.27,0.0,179038.27,0.0,0,0,0,1,1,0,0,0,57,13,4.68,266.76,1
Distribuidora Mendoza,56499874212,2024-Q2,62,35409054.16,31095814.03,4313240.129999995,11472143.05,43680550.72,0,0,0.0,0.0,0.0,0.0,0,0,0,0,0,1,0,0,68,22,3.25,221.0,1
Distribuidora Mendoza,56499874212,2025-Q4,35,19112407.38,14209396.69,4903010.6899999995,4718760.76,28198157.37,1,0,135463.93,0.0,135463.93,0.0,0,0,0,1,1,1,0,1,34,31,0.85,28.9,1
Tecnología García,64752531868,2025-Q4,141,42204759.54,25235281.98,16969477.56,7389442.79,54456914.67,0,0,0.0,0.0,0.0,0.0,0,0,0,0,1,0,0,0,61,49,2.69,164.09,1
Tecnología García,64752531868,2025-Q1,192,16527408.46,9239208.13,7288200.33,6559573.63,20767576.1,3,3,490791.3,474901.07,163597.1,158300.35666666666,0,3,0,1,1,1,1,0,88,59,1.9,167.2,1
Tecnología García,64752531868,2024-Q3,114,12070016.66,8611671.58,3458345.08,744365.22,14189414.04,3,2,474578.72,172767.84,158192.90666666665,86383.92,2,0,69,1,0,0,1,1,86,44,1.71,147.06,1
Tecnología García,64752531868,2024-Q4,158,10413553.07,8124990.99,2288562.08,5179847.87,9703931.54,4,0,324913.19,0.0,81228.2975,0.0,0,0,0,0,0,0,0,1,74,32,3.29,243.46,1
Servicios Sánchez,48639954957,2024-Q2,118,26233434.68,23028064.27,3205370.41,9670557.52,29362585.53,5,1,563341.65,170074.63,112668.33,170074.63,0,1,0,0,0,0,1,1,81,66,2.84,230.04,1
Servicios Sánchez,48639954957,2024-Q1,196,49646058.85,35187428.76,14458630.090000004,20206012.32,70875461.43,4,0,470668.6,0.0,117667.15,0.0,0,0,0,1,1,0,0,0,87,39,4.17,362.79,1
Distribuidora López,64817256821,2025-Q2,200,35702183.7,18955451.48,16746732.220000003,5644895.76,43842164.68,1,1,155681.31,60043.92,155681.31,60043.92,1,0,53,0,0,0,1,1,52,45,4.33,225.16,1
Distribuidora López,64817256821,2024-Q1,92,25685679.25,14770277.8,10915401.45,5629306.52,25000385.65,3,3,310982.31,156621.51,103660.77,52207.170000000006,0,3,0,0,1,0,1,1,80,66,2.11,168.8,1
Distribuidora López,64817256821,2024-Q3,174,26877963.17,16631405.12,10246558.050000003,9328750.83,24167835.94,5,5,254327.7,325770.47,50865.54,65154.094,1,4,36,2,1,1,1,0,70,65,4.64,324.8,1
Distribuidora López,64817256821,2024-Q4,20,21911898.45,13513341.22,8398557.229999999,10675060.37,29551276.88,3,0,309786.58,0.0,103262.19333333334,0.0,0,0,0,1,0,1,0,1,35,39,2.98,104.3,1
Comercial Santa Fe,04968826458,2024-Q3,77,18276459.85,9717454.26,8559005.590000002,5658526.82,16225962.34,0,0,0.0,0.0,0.0,0.0,0,0,0,1,1,0,0,0,83,9,4.42,366.86,1
Comercial Santa Fe,04968826458,2025-Q1,107,22318794.83,14675106.15,7643688.679999998,2550178.94,25230375.68,1,0,123702.91,0.0,123702.91,0.0,0,0,0,0,1,0,0,0,54,32,2.46,132.84,1
Industrias Rosario,56584041608,2025-Q4,102,9473583.89,6671551.75,2802032.1400000006,1696810.0,13618745.48,0,0,0.0,0.0,0.0,0.0,0,0,0,2,1,1,0,0,86,56,4.98,428.28,1
Industrias Rosario,56584041608,2024-Q4,112,29246776.4,24000994.28,5245782.119999997,11354385.86,26855583.27,1,0,154819.21,0.0,154819.21,0.0,0,0,0,1,0,0,0,1,45,50,3.56,160.2,1
Industrias Rosario,56584041608,2025-Q2,65,17137815.78,12761414.46,4376401.32,3117851.06,20227267.19,1,0,151878.83,0.0,151878.83,0.0,0,0,0,1,0,1,0,1,58,59,1.49,86.42,1
Grupo Santa Fe,40770191890,2025-Q1,104,27132545.37,14185740.03,12946805.340000002,3840284.21,26442689.13,4,4,352399.67,692493.79,88099.9175,173123.4475,2,2,68,0,0,0,1,0,20,10,2.23,44.6,0
Grupo Santa Fe,40770191890,2025-Q4,137,28110233.48,16701928.18,11408305.3,677526.97,32149858.52,1,0,96403.7,0.0,96403.7,0.0,0,0,0,1,0,1,0,0,70,63,3.3,231.0,1
Grupo Santa Fe,40770191890,2024-Q3,184,38099580.38,23528545.48,14571034.900000002,15458611.0,54010971.09,5,0,380556.43,0.0,76111.286,0.0,0,0,0,0,0,1,0,1,39,56,3.73,145.47,1
Tecnología Fernández,62994256380,2024-Q2,157,36321493.22,31882830.86,4438662.359999999,3335401.5,38386806.51,4,0,381408.78,0.0,95352.195,0.0,0,0,0,2,0,1,0,1,40,22,3.59,143.6,0
Tecnología Fernández,62994256380,2025-Q1,12,34114771.56,30344578.4,3770193.160000004,9009110.45,33185150.33,0,0,0.0,0.0,0.0,0.0,0,0,0,0,1,1,0,1,55,19,1.24,68.2,1
Tecnología Fernández,62994256380,2024-Q1,181,21666031.29,13645068.51,8020962.779999999,7458936.49,28682520.1,0,0,0.0,0.0,0.0,0.0,0,0,0,0,0,1,0,1,60,52,4.79,287.4,1
Tecnología Fernández,62994256380,2024-Q3,9,39460163.98,33571862.35,5888301.629999995,14771832.66,39073705.37,4,2,403653.71,266899.2,100913.4275,133449.6,0,2,0,2,0,1,1,1,76,42,2.37,180.12,1
Alimentos Salta,21865230344,2024-Q1,196,11591316.44,10910727.07,680589.3699999992,1370089.84,16242721.07,1,0,126828.92,0.0,126828.92,0.0,0,0,0,1,0,0,0,1,88,56,3.76,330.88,1
Alimentos Salta,21865230344,2025-Q3,148,31158095.7,25387094.97,5771000.73,1773885.94,35228811.68,3,0,303178.04,0.0,101059.34666666666,0.0,0,0,0,0,0,1,0,0,36,28,4.54,163.44,1
Alimentos Salta,21865230344,2025-Q4,59,26989007.92,18905008.46,8083999.460000001,4639049.64,35893614.25,1,0,63204.81,0.0,63204.81,0.0,0,0,0,1,0,0,0,1,28,32,1.97,55.16,1
Alimentos Salta,21865230344,2024-Q4,32,12665532.94,9344907.11,3320625.83,1249149.36,13076320.89,2,0,202833.48,0.0,101416.74,0.0,0,0,0,1,0,1,0,0,28,42,4.93,138.04,1
Cooperativa García,88082311445,2025-Q3,106,46967267.21,40602338.67,6364928.539999999,3875073.84,68906327.61,2,0,119384.9,0.0,59692.45,0.0,0,0,0,0,0,1,0,0,83,61,2.01,166.83,1
Cooperativa García,88082311445,2025-Q1,120,13969871.34,9540737.21,4429134.129999999,2874510.08,12085326.29,1,0,139168.2,0.0,139168.2,0.0,0,0,0,1,1,1,0,1,21,13,2.77,58.17,0
Cooperativa García,88082311445,2025-Q2,32,36397844.87,24090654.36,12307190.509999998,16171453.73,32436745.38,0,0,0.0,0.0,0.0,0.0,0,0,0,2,1,1,0,0,43,43,3.73,160.39,1
Cooperativa García,88082311445,2025-Q4,165,3839627.02,3318902.21,520724.81000000006,632684.36,3638201.99,0,0,0.0,0.0,0.0,0.0,0,0,0,0,1,0,0,1,55,70,4.29,235.95,1
Cooperativa Salta,93293242779,2024-Q3,57,47362751.31,35366263.8,11996487.510000005,3409476.16,45919646.11,2,0,168434.71,0.0,84217.355,0.0,0,0,0,2,0,1,0,1,82,56,1.96,160.72,1
Cooperativa Salta,93293242779,2025-Q2,110,24526579.56,15689905.05,8836674.509999998,8598526.5,23222674.63,1,0,193301.51,0.0,193301.51,0.0,0,0,0,2,1,1,0,1,52,36,4.32,224.64,1
Consultora Sánchez,49211787220,2025-Q2,132,39797685.11,29676177.34,10121507.77,9479903.81,44603720.85,2,0,177536.53,0.0,88768.265,0.0,0,0,0,1,1,1,0,0,35,45,4.6,161.0,1
Consultora Sánchez,49211787220,2025-Q1,11,27607009.19,23284860.44,4322148.75,9171134.14,22543009.53,0,0,0.0,0.0,0.0,0.0,0,0,0,0,0,0,0,0,23,24,2.86,65.78,0
Consultora Sánchez,49211787220,2024-Q2,88,46958918.57,32026722.5,14932196.07,16661263.84,50239209.39,1,0,51364.91,0.0,51364.91,0.0,0,0,0,2,1,1,0,0,85,8,2.28,193.8,1
Consultora Sánchez,49211787220,2024-Q1,154,17995786.07,13334750.98,4661035.09,8659794.34,20419851.44,2,1,327188.49,58632.21,163594.245,58632.21,1,0,83,0,0,1,1,0,21,61,1.99,41.79,1
Tecnología Santa Fe,07841734941,2024-Q3,171,46627533.95,41640899.0,4986634.950000003,21702167.58,44791586.73,3,0,190809.49,0.0,63603.16333333333,0.0,0,0,0,1,1,0,0,0,25,51,2.03,50.75,1
Tecnología Santa Fe,07841734941,2025-Q3,170,15378946.11,8369339.38,7009606.7299999995,3670397.34,18335339.7,5,3,400202.69,548016.86,80040.538,182672.28666666665,2,1,81,0,0,0,1,0,81,2,1.9,153.9,0
Tecnología Santa Fe,07841734941,2025-Q2,183,5350892.14,3320658.81,2030233.3299999996,439539.09,6117374.9,3,3,336329.31,243534.72,112109.77,81178.24,1,2,84,1,0,0,1,1,71,15,1.07,75.97,1
Cooperativa Córdoba,83293366014,2024-Q3,109,31265216.86,17921204.83,13344012.030000001,5499435.74,40721010.88,1,0,81319.77,0.0,81319.77,0.0,0,0,0,0,1,0,0,1,69,4,1.26,86.94,1
Cooperativa Córdoba,83293366014,2025-Q1,122,36886749.87,26466705.86,10420044.009999998,13164492.34,40678355.88,4,2,599043.44,197132.4,149760.86,98566.2,1,1,32,0,0,1,1,0,28,68,3.85,107.8,1
Consultora La Pampa,16819088654,2025-Q2,5,43675390.96,34508458.53,9166932.43,12139772.39,59100180.44,1,0,115398.89,0.0,115398.89,0.0,0,0,0,2,1,0,0,1,80,26,2.52,201.6,1
Consultora La Pampa,16819088654,2024-Q2,5,39408045.72,32157175.71,7250870.009999998,5821355.65,33715126.89,3,0,531100.08,0.0,177033.36,0.0,0,0,0,0,0,1,0,1,61,60,3.2,195.2,1
Comercial Checo,53314727568,2024-Q3,19,47522646.31,29199791.44,18322854.87,9469174.51,63959008.57,2,1,176252.27,65140.47,88126.135,65140.47,1,0,59,1,1,1,1,1,47,47,3.8,178.6,1
Comercial Checo,53314727568,2024-Q4,168,3888692.81,2612770.02,1275922.79,322155.44,3809824.89,2,2,191147.06,127291.81,95573.53,63645.905,0,2,0,1,0,0,1,1,69,65,4.01,276.69,1
Comercial Neuquén,97133431490,2025-Q2,198,46161552.18,23373367.26,22788184.919999998,19744840.26,51516737.77,5,2,434732.37,337200.31,86946.474,168600.155,2,0,52,1,0,0,1,1,62,28,2.55,158.1,0
Comercial Neuquén,97133431490,2024-Q3,62,28139883.1,26567776.33,1572106.7700000033,9066928.28,29365724.64,3,3,351503.87,337376.0,117167.95666666667,112458.66666666667,1,2,68,0,1,1,1,1,28,62,3.47,97.16,1
Comercial Neuquén,97133431490,2024-Q2,58,11583072.36,9118150.19,2464922.17,4764463.9,9456651.17,4,0,224247.23,0.0,56061.8075,0.0,0,0,0,0,0,1,0,1,65,67,4.97,323.05,1
Comercial Neuquén,97133431490,2025-Q4,6,29253443.51,19521997.85,9731445.66,14473561.56,30413996.27,4,1,280524.08,182432.15,70131.02,182432.15,0,1,0,1,0,0,1,1,68,54,0.74,50.32,1
Productora Córdoba,65397648868,2025-Q2,175,14807854.47,9628327.62,5179526.8500000015,4268625.12,13144726.91,5,4,903612.81,561522.22,180722.562,140380.555,2,2,77,0,0,0,1,1,77,21,1.93,148.61,1
Productora Córdoba,65397648868,2025-Q3,92,38210693.87,36051097.28,2159596.589999996,1793830.02,51616332.63,1,0,166840.3,0.0,166840.3,0.0,0,0,0,0,0,0,0,0,43,59,4.69,201.67,1
Productora Córdoba,65397648868,2024-Q4,103,18973294.6,16730269.53,2243025.070000002,6246447.0,25936759.67,5,1,469423.33,93033.7,93884.666,93033.7,1,0,42,1,1,0,1,1,78,64,2.94,229.32,1
Productora Córdoba,65397648868,2024-Q3,194,46684142.09,39601352.13,7082789.960000001,4611319.38,47985173.32,2,0,243503.94,0.0,121751.97,0.0,0,0,0,1,1,0,0,1,71,55,2.34,166.14,1
Grupo Checo,37062327695,2024-Q2,182,25587585.86,17918096.48,7669489.379999999,8119213.46,21134412.31,3,1,316626.57,117067.39,105542.19,117067.39,0,1,0,0,1,1,1,1,74,34,3.24,239.76,1
Grupo Checo,37062327695,2024-Q1,170,15106322.25,9881383.3,5224938.949999999,3194016.16,12579389.81,3,0,542072.38,0.0,180690.79333333333,0.0,0,0,0,0,1,0,0,1,67,20,4.34,290.78,0
Grupo Checo,37062327695,2025-Q2,194,32975760.58,29526566.98,3449193.5999999978,4460626.52,41949272.86,2,0,190667.75,0.0,95333.875,0.0,0,0,0,0,1,0,0,0,51,68,3.73,190.23,1
Servicios Rosario,26716467700,2024-Q3,138,10852814.71,5522731.39,5330083.320000001,3279202.9,10513947.57,5,5,277008.7,960467.46,55401.740000000005,192093.492,3,2,61,0,1,1,1,0,58,70,0.89,51.62,1
Servicios Rosario,26716467700,2024-Q4,107,8643282.82,6617901.32,2025381.5,1104873.31,12880839.51,2,0,135471.61,0.0,67735.805,0.0,0,0,0,1,1,1,0,0,87,43,1.91,166.17,1
Servicios Rosario,26716467700,2025-Q1,140,20178801.66,11503580.78,8675220.88,1758764.93,19349395.52,5,1,837372.76,145347.18,167474.552,145347.18,1,0,59,1,1,1,1,1,69,35,3.84,264.96,1
Servicios Rosario,26716467700,2024-Q1,10,15515053.46,8574219.9,6940833.5600000005,5930577.4,21064238.68,2,0,161857.8,0.0,80928.9,0.0,0,0,0,1,1,1,0,0,29,66,4.84,140.36,1
Comercial Gutierrez,31011383612,2024-Q4,25,28958614.08,18051174.12,10907439.959999997,4802819.43,42914639.81,5,2,812814.5,130829.08,162562.9,65414.54,2,0,80,0,0,0,1,0,34,48,0.6,20.4,1
Comercial Gutierrez,31011383612,2025-Q3,102,45014365.31,27504141.52,17510223.790000003,16475311.59,51671707.48,4,2,627104.26,288580.0,156776.065,144290.0,2,0,57,2,1,0,1,1,83,42,1.38,114.54,1
Comercial Gutierrez,31011383612,2024-Q2,31,17951532.98,15484311.42,2467221.5600000005,1098128.89,18771852.74,0,0,0.0,0.0,0.0,0.0,0,0,0,2,0,1,0,1,56,0,2.05,114.8,0
Grupo Martínez,51412435055,2025-Q4,55,19847833.87,15539827.24,4308006.630000001,390754.66,27893546.67,2,0,165465.01,0.0,82732.505,0.0,0,0,0,0,0,0,0,1,22,69,1.65,36.3,1
Grupo Martínez,51412435055,2024-Q2,36,27141518.75,15552918.02,11588600.73,11885648.64,27687825.46,5,1,528098.04,94465.41,105619.60800000001,94465.41,1,0,89,1,1,0,1,0,86,22,3.02,259.72,0
Grupo Martínez,51412435055,2025-Q2,66,4291369.66,3737001.33,554368.3300000001,1125433.45,3831516.02,5,1,587893.18,159062.16,117578.63600000001,159062.16,1,0,49,1,1,0,1,0,50,33,0.57,28.5,1
Grupo Martínez,51412435055,2024-Q1,16,38295538.24,22778021.12,15517517.120000001,3582171.86,53427832.37,0,0,0.0,0.0,0.0,0.0,0,0,0,0,0,0,0,1,77,53,0.85,65.45,1
Consultora Fernández,72494007655,2024-Q4,97,17939236.71,10491677.24,7447559.470000001,3201248.69,18290896.1,0,0,0.0,0.0,0.0,0.0,0,0,0,0,0,0,0,1,45,3,3.3,148.5,1
Consultora Fernández,72494007655,2025-Q2,23,6020219.24,5394595.49,625623.75,1879839.28,7748689.74,0,0,0.0,0.0,0.0,0.0,0,0,0,0,0,1,0,0,88,36,2.76,242.88,1
Consultora Fernández,72494007655,2025-Q1,105,11790126.12,6024636.75,5765489.369999999,1995177.86,15203382.01,5,4,922164.34,591834.76,184432.868,147958.69,0,4,0,0,1,1,1,0,31,18,3.69,114.39,1
Servicios Pérez,44586362938,2025-Q4,79,49283033.73,27571787.02,21711246.709999997,13426811.05,68191230.27,1,0,136949.4,0.0,136949.4,0.0,0,0,0,0,0,0,0,1,30,56,0.61,18.3,1
Servicios Pérez,44586362938,2025-Q2,31,24221478.07,12448041.13,11773436.94,1959277.27,34743099.18,0,0,0.0,0.0,0.0,0.0,0,0,0,3,1,1,0,1,44,0,2.17,95.48,1
Servicios Pérez,44586362938,2024-Q2,96,36725020.89,19653502.78,17071518.11,3784212.46,30341634.48,4,2,656153.28,202435.89,164038.32,101217.945,0,2,0,0,0,1,1,0,58,10,3.3,191.4,1
Servicios Pérez,44586362938,2024-Q4,35,25099044.81,17778262.16,7320782.6499999985,10468476.63,27367841.48,1,0,116971.16,0.0,116971.16,0.0,0,0,0,0,1,1,0,0,35,5,2.31,80.85,1
Cooperativa Buenos Aires,14862901978,2025-Q4,112,38463332.55,22410116.12,16053216.429999996,4311428.83,52015426.44,0,0,0.0,0.0,0.0,0.0,0,0,0,1,1,1,0,1,74,23,3.51,259.74,0
Cooperativa Buenos Aires,14862901978,2024-Q2,172,12846087.43,7283026.37,5563061.06,406836.4,14520040.75,1,0,148636.89,0.0,148636.89,0.0,0,0,0,1,1,0,0,0,57,70,4.2,239.4,1
Cooperativa Buenos Aires,14862901978,2024-Q1,53,35762768.35,20954681.31,14808087.040000003,671316.99,37294900.14,5,3,706166.98,363513.43,141233.396,121171.14333333333,0,3,0,2,1,1,1,0,27,7,2.21,59.67,0
Cooperativa Buenos Aires,14862901978,2025-Q3,170,47095820.95,25635449.56,21460371.390000004,4033477.12,50832062.46,4,2,329635.22,226696.49,82408.805,113348.245,2,0,82,1,0,0,1,1,30,70,1.59,47.7,1
Distribuidora Córdoba,28970495054,2024-Q1,22,31495653.04,18996465.72,12499187.32,4390646.65,41621268.01,4,2,780773.23,363331.29,195193.3075,181665.645,0,2,0,0,0,0,1,1,44,31,4.1,180.4,1
Distribuidora Córdoba,28970495054,2024-Q4,50,33097527.68,20236073.8,12861453.879999999,15490483.93,29262436.66,3,0,446971.55,0.0,148990.51666666666,0.0,0,0,0,2,1,1,0,1,28,20,4.47,125.16,1
Distribuidora Córdoba,28970495054,2025-Q3,12,4690458.0,2716823.01,1973634.9900000002,1507045.45,6169147.15,2,0,227117.04,0.0,113558.52,0.0,0,0,0,2,1,0,0,1,63,52,2.14,134.82,1
Distribuidora Córdoba,28970495054,2024-Q2,96,32162909.02,28321921.44,3840987.579999998,11759083.19,46698213.41,4,1,612170.38,96318.54,153042.595,96318.54,0,1,0,0,0,0,1,0,51,51,2.53,129.03,1
Comercial Salta,39717334296,2025-Q4,123,16626418.29,13381902.66,3244515.629999999,453904.17,19028725.39,2,0,374214.64,0.0,187107.32,0.0,0,0,0,1,0,1,0,1,76,22,2.82,214.32,0
Comercial Salta,39717334296,2025-Q3,72,33566869.69,20109490.04,13457379.649999999,15730179.86,27556462.8,3,1,457497.15,156426.02,152499.05000000002,156426.02,0,1,0,0,1,1,1,1,27,31,2.45,66.15,1
Comercial Salta,39717334296,2025-Q2,196,36370350.58,24590336.84,11780013.739999998,2881843.87,47205508.67,3,2,164538.64,131399.33,54846.21333333334,65699.665,2,0,76,1,0,0,1,1,27,65,1.82,49.14,1
Industrias Fernández,46422879065,2025-Q2,185,24379492.93,12648062.58,11731430.35,9951740.98,35664298.83,3,0,544628.54,0.0,181542.84666666668,0.0,0,0,0,2,0,1,0,1,55,32,4.13,227.15,1
Industrias Fernández,46422879065,2024-Q1,125,8614682.33,5192087.95,3422594.38,766173.33,7584346.53,0,0,0.0,0.0,0.0,0.0,0,0,0,0,0,1,0,0,72,51,4.15,298.8,1
Industrias Fernández,46422879065,2024-Q2,140,6841795.13,4290066.55,2551728.58,1181641.47,9019540.35,4,0,617434.3,0.0,154358.575,0.0,0,0,0,1,0,1,0,0,77,9,0.92,70.84,0
Industrias Fernández,46422879065,2024-Q3,46,16589615.98,10396687.42,6192928.5600000005,5246836.02,14530188.44,5,4,704529.75,674139.46,140905.95,168534.865,1,3,69,2,1,1,1,0,40,50,4.74,189.6,1
Alimentos Pérez,70135966612,2024-Q4,141,41527011.25,35380156.57,6146854.68,981613.96,50017192.73,0,0,0.0,0.0,0.0,0.0,0,0,0,2,1,1,0,1,71,3,0.64,45.44,1
Alimentos Pérez,70135966612,2024-Q1,91,2403581.85,1942759.8,460822.05000000005,450303.86,2088090.44,4,1,337909.79,129714.33,84477.4475,129714.33,1,0,33,0,0,0,1,0,79,54,3.18,251.22,1
Alimentos Pérez,70135966612,2025-Q4,88,21619066.81,15359994.52,6259072.289999999,3967816.37,32222327.73,3,0,442039.51,0.0,147346.50333333333,0.0,0,0,0,1,1,1,0,1,27,14,1.2,32.4,0
Alimentos Pérez,70135966612,2024-Q3,101,15658991.37,14163141.13,1495850.2399999984,185375.43,23033726.71,3,0,464747.28,0.0,154915.76,0.0,0,0,0,0,1,0,0,0,47,27,1.26,59.22,1
Grupo Río Negro,66847272045,2025-Q1,154,27994662.68,15868728.16,12125934.52,3055585.19,40237167.35,4,4,537312.24,353831.2,134328.06,88457.8,1,3,84,0,1,1,1,1,64,21,4.38,280.32,0
Grupo Río Negro,66847272045,2024-Q2,176,41701266.24,38851143.12,2850123.120000005,10287412.72,37248038.75,5,2,331186.15,226625.36,66237.23000000001,113312.68,0,2,0,1,0,1,1,0,86,3,2.72,233.92,1
Grupo Río Negro,66847272045,2024-Q1,156,5428066.93,4754866.53,673200.3999999994,2055727.0,7788955.12,1,0,163950.71,0.0,163950.71,0.0,0,0,0,0,0,0,0,0,42,13,0.78,32.76,0
Grupo Río Negro,66847272045,2024-Q3,24,23750264.34,18214131.87,5536132.469999999,7744054.19,33692408.21,4,2,552319.05,356722.01,138079.7625,178361.005,2,0,74,0,0,0,1,1,34,44,3.66,124.44,1
Industrias García,62894812479,2024-Q1,47,5842698.46,3780288.51,2062409.9500000002,1621389.79,5510640.55,3,0,470425.69,0.0,156808.56333333332,0.0,0,0,0,1,0,1,0,1,84,9,3.82,320.88,0
Industrias García,62894812479,2024-Q4,110,44180145.61,37808592.19,6371553.420000002,9593945.62,64003886.21,2,0,289949.88,0.0,144974.94,0.0,0,0,0,2,1,1,0,0,25,10,0.58,14.5,0
Industrias García,62894812479,2025-Q4,106,7411257.51,6690337.95,720919.5599999996,2848744.95,6610460.71,2,0,339546.9,0.0,169773.45,0.0,0,0,0,0,0,1,0,0,32,3,1.17,37.44,1
Servicios Santa Fe,01567494411,2025-Q1,72,26874742.31,19215717.52,7659024.789999999,4816382.77,31686367.65,4,0,429837.92,0.0,107459.48,0.0,0,0,0,1,0,1,0,1,68,2,3.79,257.72,0
Servicios Santa Fe,01567494411,2025-Q4,63,31657096.08,24338340.98,7318755.099999998,5832847.17,31119656.95,1,1,195865.53,57669.85,195865.53,57669.85,0,1,0,2,0,1,1,1,54,4,4.93,266.22,0
Distribuidora Rodríguez,71264354827,2024-Q3,43,30740376.87,28832420.19,1907956.6799999997,13168092.92,36041254.72,1,0,140296.82,0.0,140296.82,0.0,0,0,0,0,0,1,0,0,81,51,2.18,176.58,1
Distribuidora Rodríguez,71264354827,2025-Q4,122,16736606.65,10606202.36,6130404.290000001,6318022.09,20667493.98,1,1,118921.3,195506.37,118921.3,195506.37,1,0,53,1,1,0,1,0,65,11,1.7,110.5,1
Distribuidora Rodríguez,71264354827,2024-Q2,90,48068586.05,32200402.8,15868183.249999996,11001435.8,57618092.28,3,0,188448.42,0.0,62816.14000000001,0.0,0,0,0,1,0,1,0,0,30,57,0.96,28.8,1
Productora García,06154618442,2024-Q3,174,49769006.75,41193616.86,8575389.89,395286.39,55915667.52,2,0,250763.05,0.0,125381.525,0.0,0,0,0,1,0,1,0,1,59,42,4.48,264.32,1
Productora García,06154618442,2025-Q3,63,43163474.61,37593568.86,5569905.75,18554656.56,51955000.78,5,2,600404.55,303262.93,120080.91,151631.465,1,1,78,2,1,0,1,1,29,22,4.03,116.87,1
Productora García,06154618442,2025-Q4,76,13102422.72,10558211.56,2544211.16,4518882.11,11853429.77,0,0,0.0,0.0,0.0,0.0,0,0,0,0,0,0,0,0,41,34,1.68,68.88,1
Servicios Córdoba,36208923598,2024-Q4,191,12812280.21,6573446.57,6238833.640000001,5092485.93,15476295.3,4,0,727538.27,0.0,181884.5675,0.0,0,0,0,0,1,1,0,1,72,36,2.83,203.76,1
Servicios Córdoba,36208923598,2024-Q2,98,8725737.99,8134577.72,591160.2700000005,2416276.05,10189488.63,3,0,437602.25,0.0,145867.41666666666,0.0,0,0,0,1,1,0,0,0,24,21,4.33,103.92,1
Servicios Córdoba,36208923598,2025-Q2,140,14619350.0,11682423.02,2936926.9800000004,4012890.37,17343132.65,2,1,244061.61,98542.83,122030.805,98542.83,1,0,67,0,0,0,1,0,28,37,3.97,111.16,1
Servicios Córdoba,36208923598,2024-Q3,59,7536632.31,5476292.93,2060339.38,1411360.68,8731077.82,1,1,84586.22,148600.89,84586.22,148600.89,0,1,0,1,1,1,1,1,72,50,1.33,95.76,1
Cooperativa Pérez,60375548256,2024-Q2,35,4051319.92,3186764.94,864554.98,157755.13,4170846.45,0,0,0.0,0.0,0.0,0.0,0,0,0,0,0,1,0,0,57,31,0.74,42.18,1
Cooperativa Pérez,60375548256,2024-Q4,164,28461931.99,20220875.57,8241056.419999998,11070995.02,33405566.38,3,2,255846.12,213201.99,85282.04,106600.995,2,0,41,1,1,1,1,0,85,51,3.72,316.2,1
Cooperativa Pérez,60375548256,2025-Q2,146,45363256.63,30406169.95,14957086.680000003,6521918.16,45532006.73,4,4,212481.27,365689.45,53120.3175,91422.3625,1,3,38,1,1,1,1,0,50,32,3.08,154.0,1
Productora Pérez,86918234154,2024-Q3,132,42174348.41,30391285.58,11783062.829999998,7960376.71,57990466.32,5,3,641992.18,432776.93,128398.43600000002,144258.97666666665,3,0,30,2,1,1,1,0,46,47,2.48,114.08,1
Productora Pérez,86918234154,2025-Q3,18,12333015.13,9588544.66,2744470.4700000007,6087558.76,16090146.87,4,2,236056.15,146006.08,59014.0375,73003.04,1,1,47,3,1,1,1,1,31,20,4.36,135.16,0
Productora Pérez,86918234154,2024-Q2,193,29975595.57,22619151.45,7356444.120000001,1558885.24,24706435.06,2,0,323264.17,0.0,161632.085,0.0,0,0,0,0,0,1,0,0,77,5,2.86,220.22,1
Servicios Córdoba,87205417086,2025-Q1,126,28669586.44,18114785.25,10554801.190000001,14330408.46,40635361.12,2,0,106290.25,0.0,53145.125,0.0,0,0,0,1,1,0,0,1,63,68,4.97,313.11,1
Servicios Córdoba,87205417086,2025-Q4,102,32374953.15,17949741.43,14425211.719999999,10470920.72,41858357.06,3,0,291307.46,0.0,97102.48666666668,0.0,0,0,0,0,0,0,0,0,59,66,3.32,195.88,1
Servicios Córdoba,87205417086,2025-Q2,31,26564028.31,17320443.93,9243584.379999999,9285593.1,28919531.44,3,2,569950.97,360922.0,189983.65666666665,180461.0,0,2,0,2,1,1,1,1,75,21,2.98,223.5,1
Servicios Córdoba,87205417086,2024-Q2,172,35712047.58,18840059.04,16871988.54,4174647.63,32032420.06,5,0,365453.34,0.0,73090.668,0.0,0,0,0,0,0,0,0,0,56,2,4.2,235.2,1
Servicios Río Negro,66677720046,2024-Q1,97,10436018.81,9876820.52,559198.290000001,1157655.93,11972104.2,1,0,67712.71,0.0,67712.71,0.0,0,0,0,2,0,1,0,1,41,29,4.34,177.94,1
Servicios Río Negro,66677720046,2024-Q3,141,24326385.24,21736438.33,2589946.91,5053058.53,30510838.64,4,1,553896.78,106922.21,138474.195,106922.21,1,0,54,1,0,0,1,1,59,47,2.89,170.51,1
Tecnología Dondero,38206080155,2024-Q2,112,33421950.18,19467187.8,13954762.379999999,12493428.56,31008779.81,3,2,214597.94,250252.56,71532.64666666667,125126.28,0,2,0,0,0,1,1,0,61,62,0.94,57.34,1
Tecnología Dondero,38206080155,2025-Q2,146,45202549.55,40459322.45,4743227.099999994,4875718.49,52277771.71,2,2,169234.9,294879.26,84617.45,147439.63,1,1,33,1,1,1,1,0,39,59,3.41,132.99,1
Tecnología Dondero,38206080155,2025-Q3,108,31223068.32,15821265.85,15401802.47,645041.4,46731734.85,5,5,717874.35,561129.62,143574.87,112225.924,5,0,52,2,0,1,1,1,43,32,2.26,97.18,1
Industrias Rosario,16566665848,2025-Q4,13,24372028.17,13494964.41,10877063.760000002,5613407.7,28470919.84,3,0,205494.98,0.0,68498.32666666668,0.0,0,0,0,2,1,1,0,1,57,53,2.28,129.96,1
Industrias Rosario,16566665848,2024-Q1,199,20339760.32,12455719.08,7884041.24,5577034.76,29473547.2,5,3,912552.8,460635.98,182510.56,153545.32666666666,1,2,69,3,1,1,1,1,22,69,3.74,82.28,1
Industrias Rosario,16566665848,2024-Q2,130,39161954.37,23603389.23,15558565.139999997,14871797.33,31997588.64,1,0,73181.77,0.0,73181.77,0.0,0,0,0,0,0,1,0,1,66,54,3.74,246.84,1
Industrias Gutierrez,53703748344,2024-Q3,126,1847815.83,1256213.92,591601.9100000001,31417.97,1843925.11,2,0,337529.51,0.0,168764.755,0.0,0,0,0,2,1,1,0,1,82,51,0.91,74.62,1
Industrias Gutierrez,53703748344,2025-Q2,9,8643775.81,4913839.5,3729936.3100000005,427014.54,12099599.23,0,0,0.0,0.0,0.0,0.0,0,0,0,0,1,0,0,0,81,67,0.6,48.6,1
Industrias Gutierrez,53703748344,2024-Q1,125,5196322.6,3772036.86,1424285.7399999998,1348658.15,5663706.74,3,1,597300.89,67277.21,199100.29666666666,67277.21,0,1,0,1,1,0,1,0,86,43,0.92,79.12,1
Tecnología Vargas,62117516486,2024-Q4,41,28584043.65,14779584.38,13804459.269999998,7288802.88,29608817.12,0,0,0.0,0.0,0.0,0.0,0,0,0,0,0,1,0,0,39,22,2.29,89.31,1
Tecnología Vargas,62117516486,2024-Q1,169,16704323.15,10165271.94,6539051.210000001,7082074.08,23684821.81,4,4,634138.44,596495.24,158534.61,149123.81,1,3,58,0,0,0,1,0,40,34,4.79,191.6,1
Consultora Vargas,22355305209,2025-Q1,194,27784392.37,20220500.97,7563891.400000002,13748023.05,33260958.07,4,0,477946.59,0.0,119486.6475,0.0,0,0,0,0,1,0,0,0,73,11,0.75,54.75,0
Consultora Vargas,22355305209,2025-Q3,77,25339646.6,18607925.82,6731720.780000001,7342979.71,24135936.52,0,0,0.0,0.0,0.0,0.0,0,0,0,0,0,0,0,0,80,62,0.97,77.6,1
Consultora Vargas,22355305209,2024-Q1,32,23544135.73,19453449.96,4090685.7699999996,11660178.47,31397038.92,3,0,175197.62,0.0,58399.206666666665,0.0,0,0,0,0,0,0,0,1,34,29,1.27,43.18,1
Servicios Santa Fe,62058605097,2025-Q2,81,43182297.47,23368210.99,19814086.48,5607668.07,41313237.46,3,0,213439.6,0.0,71146.53333333334,0.0,0,0,0,1,1,0,0,0,20,35,1.07,21.4,1
Servicios Santa Fe,62058605097,2025-Q1,97,10696005.44,6197178.12,4498827.319999999,2874896.04,13324993.39,0,0,0.0,0.0,0.0,0.0,0,0,0,0,1,0,0,1,25,4,1.31,32.75,1
Servicios Santa Fe,62058605097,2024-Q3,129,16215690.36,14976488.31,1239202.0499999989,7082644.49,21640223.48,1,0,61170.55,0.0,61170.55,0.0,0,0,0,1,0,1,0,1,69,0,1.76,121.44,1
Grupo La Pampa,88134269613,2025-Q2,89,44565322.84,41119191.49,3446131.3500000015,19024030.03,55786890.77,1,1,110090.91,131370.26,110090.91,131370.26,1,0,50,1,0,1,1,0,20,45,3.46,69.2,1
Grupo La Pampa,88134269613,2024-Q4,173,23889560.89,20485012.95,3404547.9400000013,676265.1,35444341.15,5,0,716717.6,0.0,143343.52,0.0,0,0,0,2,0,1,0,1,44,47,2.02,88.88,1
Grupo La Pampa,88134269613,2024-Q3,36,18552422.41,10865480.57,7686941.84,2417363.7,21972847.43,2,0,396840.96,0.0,198420.48,0.0,0,0,0,0,0,1,0,0,69,5,1.33,91.77,1
Grupo La Pampa,88134269613,2025-Q1,178,40363798.6,22161342.65,18202455.950000003,2102648.75,53668425.65,4,0,392369.46,0.0,98092.365,0.0,0,0,0,1,1,1,0,0,81,35,3.48,281.88,1
Alimentos Rosario,03473795437,2024-Q2,45,25454064.98,21321154.68,4132910.3000000007,12709115.42,27878044.9,1,0,54960.16,0.0,54960.16,0.0,0,0,0,1,1,0,0,1,44,41,1.17,51.48,1
Alimentos Rosario,03473795437,2025-Q4,112,30153428.54,19682604.7,10470823.84,9061990.14,25050096.18,3,0,554805.39,0.0,184935.13,0.0,0,0,0,0,0,0,0,1,35,9,3.32,116.2,0
Alimentos Rosario,03473795437,2024-Q3,157,49079596.09,30325419.79,18754176.300000004,19755691.88,43371537.73,1,0,105204.44,0.0,105204.44,0.0,0,0,0,1,1,1,0,0,48,3,4.56,218.88,0
Alimentos Rosario,03473795437,2025-Q1,156,27687163.69,15497268.61,12189895.080000002,1801119.2,22907977.23,3,0,158938.35,0.0,52979.450000000004,0.0,0,0,0,0,1,1,0,0,61,36,4.24,258.64,1
Productora Sánchez,15444904905,2024-Q1,172,17459710.33,13600334.55,3859375.7799999975,1898112.78,21109027.5,0,0,0.0,0.0,0.0,0.0,0,0,0,0,1,0,0,0,65,41,2.27,147.55,1
Productora Sánchez,15444904905,2025-Q4,31,7978593.48,5877604.09,2100989.3900000006,104333.87,10652002.43,2,0,382314.26,0.0,191157.13,0.0,0,0,0,2,1,0,0,1,90,49,1.56,140.4,1
Productora Sánchez,15444904905,2024-Q3,102,16300251.66,15354073.76,946177.9000000004,4304337.64,23598334.82,5,4,934482.21,333321.88,186896.44199999998,83330.47,3,1,41,1,1,0,1,0,51,51,1.19,60.69,1
Grupo Gutierrez,70030179956,2025-Q2,48,14453317.78,10269350.31,4183967.469999999,1726872.22,20184288.05,3,0,529991.49,0.0,176663.83,0.0,0,0,0,0,0,1,0,0,70,18,1.75,122.5,1
Grupo Gutierrez,70030179956,2024-Q2,17,4121468.43,3724692.03,396776.4000000004,873252.23,4376382.44,0,0,0.0,0.0,0.0,0.0,0,0,0,1,0,0,0,1,50,13,1.02,51.0,1
Grupo Gutierrez,70030179956,2025-Q4,161,47603864.75,35867621.37,11736243.380000003,22885224.05,63648835.5,0,0,0.0,0.0,0.0,0.0,0,0,0,2,1,1,0,1,30,50,2.03,60.9,1
Servicios Vargas,38857247995,2024-Q1,187,44581259.46,29287823.72,15293435.740000002,11457432.83,50177094.61,0,0,0.0,0.0,0.0,0.0,0,0,0,0,0,0,0,0,25,36,0.95,23.75,1
Servicios Vargas,38857247995,2024-Q3,120,1195959.32,951086.05,244873.27000000002,197545.96,1198142.25,3,0,448086.08,0.0,149362.02666666667,0.0,0,0,0,0,0,0,0,0,53,41,2.44,129.32,1
Consultora López,90408796347,2024-Q4,69,39731322.51,30405296.62,9326025.889999997,4752699.65,37601108.02,1,0,84938.99,0.0,84938.99,0.0,0,0,0,1,0,1,0,0,51,64,4.85,247.35,1
Consultora López,90408796347,2024-Q1,56,14711652.06,12876689.98,1834962.08,4900566.81,22030937.23,3,0,515748.56,0.0,171916.18666666668,0.0,0,0,0,3,1,1,0,1,20,1,1.4,28.0,0
Consultora López,90408796347,2024-Q3,93,34405659.28,17605991.1,16799668.18,6782615.82,47262147.44,5,2,462690.17,168988.51,92538.034,84494.255,1,1,62,0,0,0,1,0,58,56,3.44,199.52,1
Servicios Santa Fe,41661561530,2025-Q3,43,20351199.28,18503545.83,1847653.450000003,8789840.71,23057885.03,4,4,568443.41,245310.64,142110.8525,61327.66,1,3,50,0,1,1,1,1,77,65,2.51,193.27,1
Servicios Santa Fe,41661561530,2025-Q4,45,33789713.14,19119137.07,14670576.07,10147541.57,47936247.48,1,0,125077.92,0.0,125077.92,0.0,0,0,0,0,0,1,0,0,34,63,4.09,139.06,1
Servicios Santa Fe,41661561530,2025-Q2,169,37150748.89,28602318.17,8548430.719999999,2112854.64,30381477.58,0,0,0.0,0.0,0.0,0.0,0,0,0,1,1,1,0,1,33,64,4.13,136.29,1
Consultora Checo,63395702266,2025-Q4,175,17385270.46,10376729.79,7008540.670000002,7703640.87,14952303.31,1,1,58869.92,144420.32,58869.92,144420.32,1,0,30,0,0,1,1,0,32,1,0.63,20.16,1
Consultora Checo,63395702266,2024-Q1,116,32537302.23,18033188.32,14504113.91,8451203.1,41623335.42,1,0,50871.98,0.0,50871.98,0.0,0,0,0,0,1,0,0,1,68,69,1.7,115.6,1
Consultora Checo,63395702266,2024-Q2,18,10422793.33,7311979.61,3110813.7199999997,4589927.28,9652055.0,5,0,331947.97,0.0,66389.594,0.0,0,0,0,1,0,0,0,1,58,39,3.04,176.32,1
Consultora Checo,63395702266,2024-Q4,132,17318743.66,9750298.25,7568445.41,1477434.84,25693580.3,1,1,150686.77,57612.38,150686.77,57612.38,0,1,0,2,1,1,1,0,52,66,3.43,178.36,1
Comercial Dondero,60955293279,2025-Q4,183,18178371.46,10881303.99,7297067.470000001,4097066.31,16991677.56,0,0,0.0,0.0,0.0,0.0,0,0,0,2,1,1,0,1,24,70,3.11,74.64,1
Comercial Dondero,60955293279,2025-Q2,21,36693885.12,30469037.83,6224847.289999999,13850334.03,52648188.13,4,2,767437.15,253841.35,191859.2875,126920.675,1,1,89,0,1,0,1,1,27,4,4.56,123.12,0
Comercial Dondero,60955293279,2025-Q3,181,21573543.79,18340623.56,3232920.2300000004,9248411.04,23551994.21,5,3,589608.76,330803.5,117921.75200000001,110267.83333333333,1,2,65,1,1,0,1,0,88,28,2.2,193.6,1
Comercial Dondero,60955293279,2024-Q1,142,6082314.29,3685510.46,2396803.83,1002888.55,6736430.73,1,0,141989.13,0.0,141989.13,0.0,0,0,0,2,0,1,0,1,26,33,4.37,113.62,1
Grupo Pérez,37890965851,2025-Q2,104,41482004.18,34661833.26,6820170.920000002,649346.23,62198246.06,1,0,110259.27,0.0,110259.27,0.0,0,0,0,1,1,0,0,0,35,70,1.07,37.45,1
Grupo Pérez,37890965851,2025-Q1,45,4600359.64,3944307.57,656052.0699999998,1869001.72,5236878.91,2,1,130470.11,71452.97,65235.055,71452.97,1,0,76,1,1,0,1,1,55,56,2.29,125.95,1
Cooperativa Fernández,48010413184,2024-Q1,145,49112783.02,28623193.59,20489589.430000003,19313047.42,64907570.89,4,4,346285.44,708138.18,86571.36,177034.545,0,4,0,0,0,1,1,0,89,34,1.62,144.18,1
Cooperativa Fernández,48010413184,2025-Q2,118,41339904.91,34891759.41,6448145.5,18132537.63,58792908.44,1,0,52180.32,0.0,52180.32,0.0,0,0,0,0,0,0,0,0,29,0,3.57,103.53,1
Cooperativa Fernández,48010413184,2025-Q1,175,15277837.24,10730408.45,4547428.790000001,272248.06,17398402.09,3,1,176155.12,84684.25,58718.37333333333,84684.25,1,0,31,0,1,0,1,0,31,43,2.77,85.87,1
Cooperativa Fernández,48010413184,2025-Q4,170,32457930.47,30822131.39,1635799.0799999982,11654551.46,28711444.26,3,2,340958.87,267571.58,113652.95666666667,133785.79,0,2,0,0,1,1,1,1,34,14,4.97,168.98,1
Productora Pérez,46586154614,2024-Q4,86,15550141.91,10587350.58,4962791.33,2288464.31,13310244.79,3,0,353460.04,0.0,117820.01333333332,0.0,0,0,0,0,0,0,0,0,21,51,2.98,62.58,1
Productora Pérez,46586154614,2025-Q1,21,48283716.66,33987042.97,14296673.689999998,11854530.95,42774623.57,2,0,398903.01,0.0,199451.505,0.0,0,0,0,1,0,0,0,1,48,13,2.68,128.64,1
Distribuidora Fernández,04618090353,2025-Q4,5,30654363.96,25833593.06,4820770.900000002,14324112.51,39660648.67,1,0,140316.77,0.0,140316.77,0.0,0,0,0,0,0,0,0,0,56,41,3.38,189.28,1
Distribuidora Fernández,04618090353,2025-Q2,121,1843191.53,1209491.57,633699.96,46285.69,1498799.35,0,0,0.0,0.0,0.0,0.0,0,0,0,0,0,1,0,1,31,65,1.89,58.59,1
Distribuidora Fernández,04618090353,2024-Q2,113,43164177.89,32616698.43,10547479.46,6886053.38,35045303.16,2,0,184129.83,0.0,92064.915,0.0,0,0,0,1,1,0,0,0,39,13,3.17,123.63,1
Distribuidora Fernández,04618090353,2025-Q1,51,20225075.64,13840029.73,6385045.91,1379701.77,26901795.34,1,0,111381.28,0.0,111381.28,0.0,0,0,0,1,0,0,0,1,81,13,2.53,204.93,0
Grupo Sánchez,22346685078,2024-Q4,171,3314714.6,1765450.42,1549264.1800000002,978431.25,4189104.53,4,4,461649.44,203395.76,115412.36,50848.94,3,1,37,2,1,1,1,0,44,5,0.96,42.24,1
Grupo Sánchez,22346685078,2024-Q3,63,3027589.63,2009856.75,1017732.8799999999,877206.72,3743836.96,4,1,425790.55,128125.18,106447.6375,128125.18,1,0,32,0,1,0,1,0,88,22,4.74,417.12,0
Grupo Sánchez,22346685078,2024-Q1,191,30965322.65,19479536.68,11485785.969999999,6210085.06,40663581.57,1,1,155118.32,150866.46,155118.32,150866.46,0,1,0,0,0,0,1,0,43,56,1.81,77.83,1
Cooperativa Vargas,18717545442,2025-Q3,31,3318513.71,1810203.77,1508309.94,1645314.04,4210622.15,2,0,214640.26,0.0,107320.13,0.0,0,0,0,0,1,1,0,1,45,30,2.68,120.6,0
Cooperativa Vargas,18717545442,2025-Q4,75,27408924.46,15359196.84,12049727.620000001,10847317.52,28809577.36,2,1,264323.97,140170.78,132161.985,140170.78,1,0,35,0,0,0,1,0,28,50,1.06,29.68,1
Consultora Salta,87848294935,2025-Q3,108,39537730.62,31617011.18,7920719.439999998,3707741.22,42977971.27,1,1,92123.44,183321.0,92123.44,183321.0,0,1,0,0,1,0,1,1,67,23,3.13,209.71,1
Consultora Salta,87848294935,2024-Q1,7,16586808.94,8299503.88,8287305.06,4004426.34,23051291.86,4,3,552153.72,217344.36,138038.43,72448.12,3,0,67,3,1,1,1,1,35,28,1.43,50.05,0
Industrias Rodríguez,70189162624,2024-Q4,154,42864548.79,36916691.3,5947857.490000002,12566539.2,52415961.15,4,1,372690.13,145801.52,93172.5325,145801.52,1,0,52,0,0,1,1,0,43,12,3.64,156.52,1
Industrias Rodríguez,70189162624,2025-Q2,56,30557626.34,24669924.91,5887701.43,1134882.18,32128523.22,4,3,691740.25,491086.41,172935.0625,163695.47,3,0,72,1,1,1,1,0,31,26,4.09,126.79,1
Distribuidora Vargas,17117288741,2024-Q4,16,3701894.28,2079753.72,1622140.5599999998,1185412.17,5206222.91,5,1,679011.47,51732.73,135802.294,51732.73,1,0,68,0,1,1,1,0,46,31,4.25,195.5,1
Distribuidora Vargas,17117288741,2024-Q2,104,17365116.52,12762153.19,4602963.33,6203924.11,18198910.37,4,3,616824.59,435849.23,154206.1475,145283.07666666666,1,2,50,2,1,0,1,1,55,12,3.87,212.85,1
Distribuidora Vargas,17117288741,2025-Q3,152,16872018.84,11444304.44,5427714.4,6656198.55,23116363.35,2,0,170572.28,0.0,85286.14,0.0,0,0,0,0,1,1,0,1,22,21,0.74,16.28,0
Distribuidora Neuquén,81868457361,2024-Q2,119,33468081.4,21787404.31,11680677.09,4363443.68,41936568.41,0,0,0.0,0.0,0.0,0.0,0,0,0,0,0,1,0,0,66,66,2.42,159.72,1
Distribuidora Neuquén,81868457361,2025-Q3,20,5488152.93,5041398.25,446754.6799999997,1735933.23,7657194.65,1,0,172938.14,0.0,172938.14,0.0,0,0,0,0,0,0,0,1,54,13,1.54,83.16,0
Distribuidora Neuquén,81868457361,2025-Q1,56,10373711.11,7382397.66,2991313.4499999993,4616058.05,13934581.68,1,0,116941.7,0.0,116941.7,0.0,0,0,0,0,0,0,0,0,88,66,3.74,329.12,1
Distribuidora Neuquén,81868457361,2024-Q3,63,1312284.0,1062146.11,250137.8899999999,406556.37,1298511.34,4,3,319166.52,400144.2,79791.63,133381.4,3,0,52,0,0,1,1,0,38,23,3.89,147.82,1
Industrias Mendoza,75830038635,2025-Q2,74,31442568.88,28339500.06,3103068.8200000003,3188535.77,43279053.47,0,0,0.0,0.0,0.0,0.0,0,0,0,0,0,0,0,0,72,33,3.11,223.92,1
Industrias Mendoza,75830038635,2024-Q1,102,44034512.08,24799972.86,19234539.22,13722510.5,62070693.98,3,0,158035.28,0.0,52678.426666666666,0.0,0,0,0,0,0,1,0,0,41,15,3.36,137.76,1
Industrias Mendoza,75830038635,2025-Q4,172,32794121.92,26593757.79,6200364.130000003,9029684.33,45914328.64,4,4,646506.88,316830.51,161626.72,79207.6275,1,3,30,0,0,0,1,0,51,4,2.63,134.13,1
Tecnología Santa Fe,54057692942,2025-Q2,145,18984636.68,16727112.57,2257524.1099999994,2379490.26,19212717.17,2,2,205641.58,289374.38,102820.79,144687.19,2,0,40,1,0,1,1,1,47,5,2.35,110.45,0
Tecnología Santa Fe,54057692942,2025-Q4,113,32790335.96,16878236.19,15912099.77,3178016.61,44185917.37,5,1,511304.24,113155.16,102260.848,113155.16,0,1,0,0,0,0,1,0,24,31,2.74,65.76,1
Tecnología Santa Fe,54057692942,2024-Q2,21,43662737.61,32941428.67,10721308.939999998,17583961.12,45559122.31,5,5,962552.59,509669.34,192510.51799999998,101933.868,0,5,0,2,0,1,1,1,83,44,2.84,235.72,1
Tecnología Santa Fe,54057692942,2025-Q3,118,12036383.12,11054837.0,981546.1199999992,1471354.82,11916456.8,4,2,429149.61,229756.49,107287.4025,114878.245,2,0,51,1,0,0,1,1,21,46,4.58,96.18,1
Cooperativa Río Negro,75682218837,2024-Q1,90,4004429.61,2089386.08,1915043.5299999998,1927762.16,3652216.58,2,0,348670.78,0.0,174335.39,0.0,0,0,0,0,1,0,0,0,49,57,4.19,205.31,1
Cooperativa Río Negro,75682218837,2025-Q2,170,23912979.38,20715345.97,3197633.41,4106359.9,32160443.46,2,2,131185.66,116765.71,65592.83,58382.855,0,2,0,2,1,1,1,0,40,6,1.87,74.8,0
Cooperativa Río Negro,75682218837,2024-Q4,83,16970283.99,11047585.72,5922698.269999998,8326081.81,14934866.25,2,0,296451.93,0.0,148225.965,0.0,0,0,0,1,1,0,0,1,36,33,4.7,169.2,1
Tecnología Salta,13107826954,2024-Q1,134,40422654.92,20436169.26,19986485.66,3653526.72,46004868.82,5,4,499141.65,742714.9,99828.33,185678.725,2,2,87,1,0,0,1,1,62,3,4.19,259.78,1
Tecnología Salta,13107826954,2025-Q3,84,15533300.51,12414570.92,3118729.59,6695680.95,14491030.66,3,0,217610.01,0.0,72536.67,0.0,0,0,0,0,1,1,0,1,76,9,1.91,145.16,1
Productora López,62494659819,2024-Q1,103,40946122.0,34486235.3,6459886.700000003,5211865.4,33853317.71,1,0,106302.73,0.0,106302.73,0.0,0,0,0,0,0,0,0,0,31,9,3.83,118.73,1
Productora López,62494659819,2024-Q2,180,46329908.02,27727779.07,18602128.950000003,3951782.15,53713787.55,2,0,111861.42,0.0,55930.71,0.0,0,0,0,3,1,1,0,1,33,10,2.87,94.71,1
Productora López,62494659819,2024-Q4,57,41696432.51,29522810.02,12173622.489999998,10269485.54,57171259.08,5,4,870213.23,439086.09,174042.646,109771.5225,0,4,0,0,0,0,1,0,84,36,3.52,295.68,1
Productora López,62494659819,2025-Q1,131,29466546.81,17512563.76,11953983.049999997,4462632.32,23810110.33,4,1,425151.93,196993.25,106287.9825,196993.25,0,1,0,0,1,1,1,1,53,5,1.15,60.95,1
Alimentos Rosario,16044592545,2024-Q2,73,14738571.61,13349679.75,1388891.8599999994,6150227.12,12418186.31,0,0,0.0,0.0,0.0,0.0,0,0,0,1,0,0,0,1,74,63,1.72,127.28,1
Alimentos Rosario,16044592545,2024-Q3,43,14728770.2,10160817.54,4567952.66,3815314.94,15454923.54,1,1,193024.16,194179.76,193024.16,194179.76,1,0,34,1,0,0,1,1,51,10,3.11,158.61,1
Servicios Paraná,72651684415,2024-Q4,67,8114093.81,5174585.86,2939507.9499999993,128029.98,10974001.52,2,0,123968.53,0.0,61984.265,0.0,0,0,0,0,0,0,0,0,28,32,1.54,43.12,1
Servicios Paraná,72651684415,2025-Q1,136,44129921.81,33097371.79,11032550.020000003,10842661.1,35714849.91,2,0,364407.57,0.0,182203.785,0.0,0,0,0,0,0,0,0,0,86,34,4.32,371.52,1
Servicios Paraná,72651684415,2025-Q2,125,30029339.13,15105820.78,14923518.35,6984431.61,42537864.73,0,0,0.0,0.0,0.0,0.0,0,0,0,0,1,1,0,0,70,33,3.91,273.7,1
Servicios Paraná,72651684415,2025-Q3,53,18838383.68,10290075.45,8548308.23,1537107.32,26039917.19,4,1,549669.91,185485.35,137417.4775,185485.35,0,1,0,1,1,0,1,1,52,57,3.46,179.92,1
Comercial Rosario,09044786725,2025-Q2,25,9681147.55,7928719.3,1752428.250000001,1290628.35,8492280.24,0,0,0.0,0.0,0.0,0.0,0,0,0,1,0,1,0,0,87,63,1.55,134.85,1
Comercial Rosario,09044786725,2025-Q3,175,21598812.75,11083966.9,10514845.85,9644182.9,24568838.55,5,4,769571.04,526457.82,153914.208,131614.455,3,1,53,1,1,1,1,0,48,35,4.09,196.32,1
Comercial Rosario,09044786725,2024-Q2,105,35604798.66,20335699.58,15269099.079999998,6984830.64,49368663.43,0,0,0.0,0.0,0.0,0.0,0,0,0,0,1,0,0,0,84,40,2.06,173.04,1
Alimentos López,16950081731,2024-Q4,177,7738974.08,5143032.7,2595941.38,3581181.64,6870624.6,4,0,339937.64,0.0,84984.41,0.0,0,0,0,1,1,1,0,0,76,23,3.48,264.48,1
Alimentos López,16950081731,2025-Q1,5,27168779.08,16685038.58,10483740.499999998,7014666.74,39036368.86,1,0,107258.71,0.0,107258.71,0.0,0,0,0,1,0,1,0,0,67,50,0.63,42.21,1
Alimentos López,16950081731,2024-Q3,194,45136521.31,32677587.34,12458933.970000003,8642573.47,56842166.6,3,0,430893.66,0.0,143631.22,0.0,0,0,0,0,1,0,0,0,85,44,0.97,82.45,1
Tecnología Mendoza,19730168754,2025-Q1,136,27787169.17,15793230.77,11993938.400000002,1368136.88,35034923.74,5,1,555388.34,169203.57,111077.66799999999,169203.57,0,1,0,1,0,0,1,1,23,8,3.91,89.93,1
Tecnología Mendoza,19730168754,2024-Q2,156,25656437.92,12947802.42,12708635.500000002,11816362.26,21560653.59,4,4,345577.37,638144.92,86394.3425,159536.23,1,3,51,2,0,1,1,1,56,14,0.6,33.6,0
Grupo Buenos Aires,51560411708,2025-Q1,181,48376886.98,36074332.45,12302554.529999994,15088724.89,43755392.95,0,0,0.0,0.0,0.0,0.0,0,0,0,0,1,0,0,0,90,35,0.86,77.4,1
Grupo Buenos Aires,51560411708,2025-Q4,139,43226871.98,30242419.26,12984452.719999995,9589029.61,38024324.02,0,0,0.0,0.0,0.0,0.0,0,0,0,1,0,1,0,0,29,16,1.0,29.0,0
Grupo Buenos Aires,51560411708,2025-Q2,133,9653667.31,7877821.74,1775845.5700000003,4328968.7,10157687.96,4,0,472175.35,0.0,118043.8375,0.0,0,0,0,0,0,0,0,1,88,39,3.9,343.2,1
Grupo Buenos Aires,51560411708,2024-Q3,132,23672035.79,20054574.74,3617461.0500000007,8612817.93,33876135.62,3,2,489258.19,161485.94,163086.06333333332,80742.97,0,2,0,0,1,0,1,1,37,59,2.46,91.02,1
Alimentos Río Negro,44957999994,2024-Q1,118,19453567.31,15747305.87,3706261.4399999995,2831439.38,17085960.29,4,0,699982.15,0.0,174995.5375,0.0,0,0,0,1,0,1,0,0,74,3,0.7,51.8,1
Alimentos Río Negro,44957999994,2025-Q3,65,15672194.82,10583377.96,5088816.859999999,564544.93,15023353.96,5,0,437168.68,0.0,87433.736,0.0,0,0,0,0,0,0,0,1,63,41,0.69,43.47,1
Alimentos Río Negro,44957999994,2024-Q2,176,20096946.32,12715192.38,7381753.9399999995,3067727.96,23616682.94,5,3,311005.46,519854.13,62201.092000000004,173284.71,1,2,36,2,0,1,1,1,28,2,3.14,87.92,1
Alimentos Río Negro,44957999994,2025-Q2,88,44785603.42,41811471.87,2974131.5500000045,9626782.12,45570029.46,1,0,117003.94,0.0,117003.94,0.0,0,0,0,0,0,0,0,1,42,34,3.77,158.34,1
Servicios Santa Fe,56199550461,2024-Q1,91,6012136.02,3641308.34,2370827.6799999997,2746812.37,5223888.14,2,0,199527.09,0.0,99763.545,0.0,0,0,0,1,0,1,0,0,22,31,1.63,35.86,1
Servicios Santa Fe,56199550461,2025-Q4,14,48802499.88,39271150.07,9531349.810000002,1986228.24,70864864.34,4,1,671244.02,172472.47,167811.005,172472.47,0,1,0,0,1,1,1,1,27,30,2.45,66.15,0
Servicios Santa Fe,56199550461,2024-Q3,166,41544447.3,29250594.04,12293853.259999998,8813465.29,35741889.23,2,0,383714.05,0.0,191857.025,0.0,0,0,0,1,0,1,0,1,43,4,3.48,149.64,1
Servicios Santa Fe,56199550461,2025-Q1,19,5652347.32,4389179.0,1263168.3200000003,1744242.26,7773475.12,0,0,0.0,0.0,0.0,0.0,0,0,0,2,1,1,0,1,37,56,3.91,144.67,1
Consultora Rodríguez,82055379110,2024-Q2,82,39623321.32,28713396.56,10909924.760000002,12882829.23,46969336.65,1,1,91696.44,163596.99,91696.44,163596.99,1,0,69,2,1,1,1,1,79,5,1.23,97.17,0
Consultora Rodríguez,82055379110,2024-Q4,112,5815514.9,4451054.95,1364459.9500000002,975263.01,8061352.02,0,0,0.0,0.0,0.0,0.0,0,0,0,2,1,1,0,0,57,1,2.53,144.21,0
Consultora Rodríguez,82055379110,2024-Q1,33,43033206.01,23580253.28,19452952.729999997,2423286.76,61191808.1,4,1,442280.18,76251.85,110570.045,76251.85,0,1,0,0,0,1,1,1,56,60,4.26,238.56,1
Cooperativa La Pampa,37076051537,2025-Q2,199,12240341.87,10743560.74,1496781.129999999,3957727.89,14124522.73,4,4,406557.63,677957.59,101639.4075,169489.3975,2,2,90,0,0,1,1,0,87,49,2.6,226.2,1
Cooperativa La Pampa,37076051537,2024-Q2,177,34871267.33,24525227.53,10346039.799999997,3345833.0,41741079.61,2,0,238017.19,0.0,119008.595,0.0,0,0,0,0,0,0,0,1,27,8,1.19,32.13,0
Cooperativa La Pampa,37076051537,2025-Q1,13,26193636.56,18900259.9,7293376.66,11321284.55,30646076.94,0,0,0.0,0.0,0.0,0.0,0,0,0,1,1,0,0,1,23,65,0.59,13.57,1
Grupo Buenos Aires,52197528335,2025-Q4,70,17923158.14,16811846.09,1111312.0500000007,7135405.84,14421230.31,4,1,485948.83,198681.25,121487.2075,198681.25,1,0,74,0,0,0,1,0,79,10,1.8,142.2,1
Grupo Buenos Aires,52197528335,2024-Q3,97,5297099.23,5006305.44,290793.79000000004,1488429.86,6881135.42,2,2,362373.75,191999.49,181186.875,95999.745,0,2,0,0,1,0,1,0,85,1,1.37,116.45,1
Grupo Buenos Aires,52197528335,2025-Q2,113,22221267.21,12678861.59,9542405.620000001,7262822.84,23993624.44,2,0,394716.86,0.0,197358.43,0.0,0,0,0,0,0,1,0,1,50,0,3.29,164.5,1
Grupo Buenos Aires,52197528335,2024-Q2,88,14450252.68,7717624.24,6732628.4399999995,5915463.12,19229351.77,5,3,933296.9,391934.72,186659.38,130644.90666666666,0,3,0,1,0,0,1,1,60,23,3.94,236.4,1
Consultora Fernández,38278628662,2024-Q1,172,30038449.88,25905582.36,4132867.5199999996,5480607.64,25604415.7,0,0,0.0,0.0,0.0,0.0,0,0,0,1,0,0,0,1,50,48,4.66,233.0,1
Consultora Fernández,38278628662,2025-Q4,182,8995953.58,7798899.14,1197054.4400000004,3904196.17,10697045.54,5,0,624869.16,0.0,124973.83200000001,0.0,0,0,0,0,0,0,0,1,41,63,3.93,161.13,1
Consultora Fernández,38278628662,2024-Q3,87,27386906.74,16880361.44,10506545.299999997,11823775.98,28225607.75,1,0,163569.62,0.0,163569.62,0.0,0,0,0,1,0,0,0,1,81,51,1.69,136.89,1
Consultora Fernández,38278628662,2024-Q2,59,26354881.65,21837998.32,4516883.329999998,2820241.97,37639725.87,0,0,0.0,0.0,0.0,0.0,0,0,0,2,1,1,0,0,71,4,1.92,136.32,0
Distribuidora Gutierrez,91521907561,2024-Q2,108,29133329.07,17191215.21,11942113.86,7564310.42,38705010.05,5,1,785273.06,110681.52,157054.61200000002,110681.52,0,1,0,0,1,0,1,0,68,57,2.51,170.68,1
Distribuidora Gutierrez,91521907561,2025-Q1,58,45958727.18,43220351.01,2738376.170000002,19108244.65,42612538.59,0,0,0.0,0.0,0.0,0.0,0,0,0,2,1,1,0,1,59,21,1.63,96.17,1
Tecnología Gutierrez,41337728195,2025-Q4,59,2443282.17,2175129.89,268152.2799999998,589818.72,2186599.04,5,2,464230.24,152078.92,92846.048,76039.46,1,1,85,1,0,1,1,1,76,56,2.43,184.68,1
Tecnología Gutierrez,41337728195,2024-Q2,92,19670394.48,12102484.29,7567910.190000001,298616.18,25325418.56,3,2,455931.96,373334.96,151977.32,186667.48,1,1,59,1,1,0,1,1,34,39,3.97,134.98,1
Tecnología Gutierrez,41337728195,2025-Q1,77,14528301.78,11433804.44,3094497.34,4647757.03,11970005.16,0,0,0.0,0.0,0.0,0.0,0,0,0,0,1,0,0,0,40,44,0.76,30.4,1
Servicios Río Negro,54172741425,2024-Q3,192,19296378.17,14327032.51,4969345.660000002,7201011.2,27450897.2,1,0,78926.69,0.0,78926.69,0.0,0,0,0,1,0,0,0,1,46,12,2.63,120.98,1
Servicios Río Negro,54172741425,2025-Q4,100,30398453.84,18884765.85,11513687.989999998,9985103.84,39679233.91,1,1,80557.68,61664.47,80557.68,61664.47,1,0,53,0,1,0,1,0,83,68,2.03,168.49,1
Alimentos Pérez,15122489870,2025-Q3,74,17252888.19,14948349.04,2304539.1500000022,5003433.78,17274414.29,4,0,281551.78,0.0,70387.945,0.0,0,0,0,0,0,0,0,1,74,8,2.06,152.44,0
Alimentos Pérez,15122489870,2024-Q2,131,38421321.59,26948554.38,11472767.210000005,9345572.59,47689762.85,4,1,354478.32,158810.75,88619.58,158810.75,1,0,71,2,1,0,1,1,27,36,2.39,64.53,1
Alimentos Pérez,15122489870,2025-Q4,133,28787698.44,22118106.34,6669592.1000000015,5000955.8,35581831.67,1,0,118865.74,0.0,118865.74,0.0,0,0,0,1,0,1,0,1,71,41,1.01,71.71,1
Tecnología Fernández,04838458658,2024-Q2,94,27151244.24,25457363.21,1693881.0299999975,6372284.47,30767854.56,0,0,0.0,0.0,0.0,0.0,0,0,0,2,1,1,0,0,35,6,4.87,170.45,1
Tecnología Fernández,04838458658,2025-Q2,56,48692121.85,29219672.76,19472449.09,16250352.47,54171623.43,2,0,124108.48,0.0,62054.24,0.0,0,0,0,0,0,1,0,1,20,66,3.75,75.0,1
Tecnología Fernández,04838458658,2024-Q4,96,37888477.42,27994316.02,9894161.400000002,7801398.61,50928648.13,4,2,513374.58,259487.59,128343.645,129743.795,0,2,0,0,0,1,1,0,84,64,1.26,105.84,1
Tecnología Vargas,48746866626,2024-Q3,95,25933593.26,16023666.74,9909926.520000001,11190792.97,38307720.44,5,0,677790.18,0.0,135558.03600000002,0.0,0,0,0,1,0,0,0,1,22,33,4.99,109.78,1
Tecnología Vargas,48746866626,2024-Q2,110,49509498.11,30601621.57,18907876.54,23913741.27,47469832.67,1,0,155504.71,0.0,155504.71,0.0,0,0,0,0,0,1,0,1,54,27,3.57,192.78,0
Servicios Gómez,87236404351,2025-Q1,47,3072150.35,1786835.96,1285314.3900000001,1164391.36,3109508.88,2,0,195012.41,0.0,97506.205,0.0,0,0,0,0,0,1,0,1,67,56,1.25,83.75,1
Servicios Gómez,87236404351,2024-Q1,170,22066125.68,13776338.4,8289787.279999999,7339164.49,27418906.67,5,3,512802.8,509699.91,102560.56,169899.97,3,0,59,1,1,0,1,1,62,70,3.77,233.74,1
Servicios Gómez,87236404351,2025-Q2,66,24759937.1,15411642.11,9348294.990000002,2873149.1,24218077.41,5,2,817259.57,157623.88,163451.914,78811.94,2,0,86,0,0,1,1,0,61,36,2.33,142.13,1
Servicios Gómez,87236404351,2024-Q3,75,7664027.85,6672528.86,991498.9899999993,2932843.16,6240383.19,5,0,340144.17,0.0,68028.834,0.0,0,0,0,0,0,0,0,1,33,68,1.39,45.87,1
Distribuidora Santa Fe,72876054481,2024-Q3,152,35329302.74,27466925.91,7862376.830000002,7716291.82,39422712.35,5,3,989302.45,500208.92,197860.49,166736.30666666667,2,1,39,1,1,0,1,1,81,29,2.53,204.93,1
Distribuidora Santa Fe,72876054481,2025-Q1,103,28104043.66,24149745.61,3954298.0500000007,13879746.52,27533835.09,3,0,426911.04,0.0,142303.68,0.0,0,0,0,0,0,1,0,0,54,41,1.96,105.84,1
Distribuidora Santa Fe,72876054481,2024-Q4,126,24863018.0,16608715.29,8254302.710000001,7383485.05,36296896.99,5,2,899711.54,173846.79,179942.30800000002,86923.395,1,1,80,1,0,1,1,0,85,38,2.96,251.6,1
Distribuidora Santa Fe,72876054481,2025-Q4,97,21496869.99,11074361.31,10422508.679999998,68268.1,21330086.66,3,2,262520.16,331194.99,87506.71999999999,165597.495,0,2,0,0,1,0,1,0,58,53,0.69,40.02,1
Servicios Rodríguez,84017254186,2025-Q3,36,38405746.51,34298443.98,4107302.530000001,13964686.1,42055429.37,4,0,210587.56,0.0,52646.89,0.0,0,0,0,0,0,1,0,0,65,54,0.83,53.95,1
Servicios Rodríguez,84017254186,2025-Q2,103,9210082.67,6791772.89,2418309.7800000003,4008675.86,10090735.23,1,0,100590.03,0.0,100590.03,0.0,0,0,0,1,1,0,0,0,41,42,1.65,67.65,1
Alimentos La Pampa,04612271425,2025-Q1,195,5207415.28,4021795.37,1185619.9100000001,547877.59,4911443.83,0,0,0.0,0.0,0.0,0.0,0,0,0,2,0,1,0,1,73,31,4.76,347.48,1
Alimentos La Pampa,04612271425,2025-Q2,68,29489632.68,22761966.64,6727666.039999999,7181045.86,28958385.2,0,0,0.0,0.0,0.0,0.0,0,0,0,0,1,1,0,1,28,62,3.44,96.32,1
Alimentos La Pampa,04612271425,2025-Q4,40,28559932.15,21402282.57,7157649.579999998,57657.26,26488918.43,0,0,0.0,0.0,0.0,0.0,0,0,0,0,0,1,0,1,88,51,4.36,383.68,1
Alimentos La Pampa,04612271425,2024-Q3,133,11843818.84,7887387.06,3956431.7800000003,3656110.72,11210246.81,3,0,578625.59,0.0,192875.19666666666,0.0,0,0,0,0,0,0,0,0,80,40,2.85,228.0,1
Productora Vargas,15074053665,2025-Q2,46,42997228.17,30314054.31,12683173.860000003,3470986.22,42784620.81,3,0,566429.51,0.0,188809.83666666667,0.0,0,0,0,2,1,0,0,1,75,53,1.56,117.0,1
Productora Vargas,15074053665,2025-Q1,172,11690635.96,7129481.68,4561154.280000001,5320695.99,16734780.88,5,2,915912.76,381587.92,183182.552,190793.96,2,0,77,2,1,0,1,1,23,49,3.13,71.99,1
Productora Vargas,52274629107,2025-Q2,130,3676871.43,2550008.63,1126862.8000000003,1621539.32,4668582.15,0,0,0.0,0.0,0.0,0.0,0,0,0,0,0,0,0,0,57,64,2.71,154.47,1
Productora Vargas,52274629107,2024-Q2,42,16343803.19,12217028.95,4126774.24,2341340.22,21403821.03,1,0,155326.42,0.0,155326.42,0.0,0,0,0,0,0,1,0,1,28,70,2.6,72.8,1
Productora Vargas,52274629107,2024-Q1,39,25699467.13,15863900.72,9835566.409999998,4348903.25,30343001.16,4,2,614393.1,136218.45,153598.275,68109.225,2,0,83,0,1,0,1,0,34,49,0.96,32.64,1
Servicios Gutierrez,80496177888,2025-Q4,32,34289920.26,20882944.82,13406975.439999998,13216132.2,43513228.63,4,3,579248.65,453132.43,144812.1625,151044.14333333334,0,3,0,1,1,0,1,0,45,42,3.69,166.05,1
Servicios Gutierrez,80496177888,2025-Q1,134,42658938.19,39643439.6,3015498.589999996,10288494.8,62115853.69,5,3,308461.17,482966.79,61692.234,160988.93,3,0,65,0,1,0,1,0,66,19,0.99,65.34,1
Servicios Gutierrez,80496177888,2024-Q3,139,28605419.25,23590429.96,5014989.289999999,6329600.62,25769518.23,5,1,280909.7,66507.02,56181.94,66507.02,1,0,47,0,0,0,1,1,41,0,1.22,50.02,0
Cooperativa Mendoza,55028004364,2024-Q3,81,38858280.22,27472043.51,11386236.709999997,8206505.29,36263013.09,2,0,355427.13,0.0,177713.565,0.0,0,0,0,2,1,0,0,1,65,20,3.4,221.0,1
Cooperativa Mendoza,55028004364,2025-Q3,105,9621893.69,6812485.7,2809407.9899999993,2414013.61,13679325.41,4,2,710332.07,275587.56,177583.0175,137793.78,0,2,0,0,0,0,1,1,26,56,4.58,119.08,1
Cooperativa Mendoza,55028004364,2024-Q1,79,36658211.5,33659802.14,2998409.3599999994,15204669.22,45390813.81,3,2,414641.8,226835.73,138213.93333333332,113417.865,0,2,0,1,1,1,1,0,74,13,3.08,227.92,1
Industrias Martínez,70585844167,2025-Q3,33,26791891.19,25318359.08,1473532.1100000031,9154464.27,33865976.22,1,0,133054.41,0.0,133054.41,0.0,0,0,0,1,1,0,0,0,49,50,0.8,39.2,1
Industrias Martínez,70585844167,2024-Q1,65,15791740.0,13607619.35,2184120.6500000004,2578831.98,18769390.1,5,4,570747.91,331152.11,114149.58200000001,82788.0275,1,3,40,0,1,0,1,0,37,40,4.77,176.49,1
Grupo Fernández,13787239051,2024-Q2,29,30350121.6,24626237.77,5723883.830000002,9462680.78,30824764.57,5,1,395551.8,55241.56,79110.36,55241.56,1,0,44,2,0,1,1,1,27,50,4.12,111.24,1
Grupo Fernández,13787239051,2025-Q2,150,13082866.81,7589728.1,5493138.710000001,5387889.98,10540085.83,3,0,547398.18,0.0,182466.06000000003,0.0,0,0,0,1,1,0,0,0,25,8,1.32,33.0,1
Grupo Fernández,13787239051,2025-Q3,53,16749413.39,13556113.36,3193300.030000001,1483071.72,18470095.65,3,0,191550.16,0.0,63850.05333333334,0.0,0,0,0,1,1,0,0,1,60,61,0.5,30.0,1
Consultora Córdoba,49486054177,2024-Q1,159,45445867.04,31969855.41,13476011.629999999,11578670.52,59666804.41,0,0,0.0,0.0,0.0,0.0,0,0,0,0,0,0,0,0,66,6,4.84,319.44,1
Consultora Córdoba,49486054177,2024-Q4,48,20154556.21,18168257.02,1986299.1900000013,6322493.56,29712481.34,1,0,92783.3,0.0,92783.3,0.0,0,0,0,1,0,1,0,0,33,10,3.3,108.9,0
Consultora Córdoba,49486054177,2024-Q2,24,34607469.24,22263372.26,12344096.98,4587057.45,45730253.94,5,3,624369.14,587698.07,124873.82800000001,195899.35666666666,2,1,86,0,1,0,1,0,48,4,1.82,87.36,0
Distribuidora Checo,87103650454,2025-Q3,14,1430870.05,816987.82,613882.2300000001,193203.36,1970002.9,4,4,359565.09,674011.14,89891.2725,168502.785,1,3,49,1,0,0,1,1,48,45,2.19,105.12,1
Distribuidora Checo,87103650454,2024-Q2,196,36823056.7,26165151.78,10657904.920000002,11947486.34,36343103.69,3,2,533083.6,199936.49,177694.53333333333,99968.245,1,1,33,3,1,1,1,1,52,46,3.69,191.88,1
Comercial López,47719543701,2025-Q1,195,24563558.41,22722232.05,1841326.3599999994,11048096.7,27346553.92,4,4,345627.88,599584.13,86406.97,149896.0325,3,1,35,2,1,0,1,1,65,4,1.52,98.8,1
Comercial López,47719543701,2025-Q4,10,13957748.28,11233060.88,2724687.3999999985,1064678.51,15891436.13,1,1,68054.65,198940.21,68054.65,198940.21,0,1,0,1,0,1,1,1,35,37,1.45,50.75,1
Comercial López,47719543701,2024-Q1,130,3248577.53,1837901.3,1410676.2299999997,853602.79,3731245.91,4,4,492169.39,772815.08,123042.3475,193203.77,0,4,0,2,0,1,1,1,56,24,4.44,248.64,1
Comercial López,47719543701,2024-Q2,14,15758014.52,10700583.88,5057430.639999999,7412753.37,23526003.02,5,4,904341.47,643252.8,180868.294,160813.2,2,2,65,0,1,0,1,1,25,7,3.38,84.5,1
Servicios Sánchez,87989922666,2024-Q4,151,5318281.22,4821781.53,496499.6899999995,2376148.43,5410300.24,2,2,355838.87,202524.01,177919.435,101262.005,1,1,58,0,1,1,1,0,45,63,4.06,182.7,1
Servicios Sánchez,87989922666,2025-Q1,64,7211088.82,4951537.44,2259551.38,1048558.74,8235404.2,4,2,325891.46,154261.35,81472.865,77130.675,0,2,0,1,1,1,1,1,49,23,4.8,235.2,0
Servicios Sánchez,87989922666,2025-Q4,139,3267576.4,2275296.58,992279.8199999998,806351.3,4467380.15,0,0,0.0,0.0,0.0,0.0,0,0,0,1,1,0,0,1,22,53,2.44,53.68,1
Industrias Dondero,35833364672,2024-Q4,146,45961641.87,39888127.44,6073514.43,16345148.46,68331518.95,1,0,189176.58,0.0,189176.58,0.0,0,0,0,2,1,1,0,1,43,53,0.86,36.98,1
Industrias Dondero,35833364672,2025-Q3,173,33684428.75,24452714.5,9231714.25,10473817.22,47374300.72,5,4,753949.2,598569.26,150789.84,149642.315,3,1,33,0,0,0,1,0,38,68,4.72,179.36,1
Industrias Dondero,35833364672,2024-Q2,24,49279087.77,45841804.9,3437282.870000005,3534495.89,57394653.46,3,0,546262.0,0.0,182087.33333333334,0.0,0,0,0,2,1,1,0,1,39,42,2.74,106.86,1
Industrias Dondero,35833364672,2025-Q1,7,24844173.14,18161100.92,6683072.219999999,3429926.81,31127686.86,0,0,0.0,0.0,0.0,0.0,0,0,0,2,0,1,0,1,38,11,2.22,84.36,1
Productora Checo,72826580063,2025-Q3,97,41557480.19,31118904.3,10438575.889999997,19385766.9,47446323.03,0,0,0.0,0.0,0.0,0.0,0,0,0,1,0,1,0,0,87,40,2.69,234.03,1
Productora Checo,72826580063,2024-Q1,24,24284169.87,19485744.57,4798425.300000001,4003126.1,32406125.74,1,0,115082.36,0.0,115082.36,0.0,0,0,0,1,1,0,0,1,84,27,1.5,126.0,1
Productora Checo,72826580063,2024-Q4,105,2597291.1,2371751.0,225540.1000000001,179392.77,2496638.47,2,2,136021.14,228512.62,68010.57,114256.31,0,2,0,1,0,1,1,0,29,67,3.25,94.25,1
Distribuidora Paraná,20376300272,2024-Q2,153,27534405.71,18524712.5,9009693.21,9599532.83,23166611.91,2,2,200160.44,191495.22,100080.22,95747.61,2,0,56,0,0,0,1,0,57,13,0.82,46.74,0
Distribuidora Paraná,20376300272,2025-Q4,27,25250214.98,16721782.78,8528432.200000001,32823.12,24551873.66,5,5,416068.69,970402.63,83213.738,194080.526,0,5,0,2,1,1,1,0,83,17,3.33,276.39,1
Distribuidora Paraná,20376300272,2024-Q4,25,12063328.57,11400769.62,662558.9500000011,5243423.1,9903047.76,0,0,0.0,0.0,0.0,0.0,0,0,0,1,0,1,0,1,45,10,1.1,49.5,1
Distribuidora Paraná,20376300272,2024-Q1,38,34555043.59,24515624.83,10039418.760000005,4826626.16,48714436.46,3,1,299283.93,165244.01,99761.31,165244.01,1,0,53,0,0,0,1,0,65,13,3.63,235.95,1
Comercial Rodríguez,63940429487,2025-Q2,94,36466988.58,31379635.94,5087352.639999997,15974624.18,48561465.64,0,0,0.0,0.0,0.0,0.0,0,0,0,1,1,0,0,0,78,30,2.66,207.48,0
Comercial Rodríguez,63940429487,2025-Q3,122,10239379.45,5742374.43,4497005.02,354940.92,14458919.38,0,0,0.0,0.0,0.0,0.0,0,0,0,1,0,1,0,0,25,63,3.28,82.0,1
Comercial Rodríguez,63940429487,2024-Q1,170,20252672.6,10624284.53,9628388.070000002,8520075.63,20158238.92,1,0,159974.69,0.0,159974.69,0.0,0,0,0,0,0,0,0,0,80,16,4.94,395.2,1
Servicios López,18015449723,2024-Q2,107,3651884.76,2651883.27,1000001.4899999998,584954.05,5064518.59,4,1,474111.14,110800.55,118527.785,110800.55,1,0,54,0,0,1,1,0,61,17,1.85,112.85,0
Servicios López,18015449723,2025-Q4,37,2214237.42,1443233.21,771004.21,13083.09,2172960.01,3,3,275119.77,582573.38,91706.59000000001,194191.12666666668,0,3,0,0,0,1,1,0,62,10,3.45,213.9,1
Servicios Neuquén,78137105844,2024-Q2,188,2846749.6,2676803.98,169945.6200000001,432938.76,2619063.63,0,0,0.0,0.0,0.0,0.0,0,0,0,0,0,0,0,0,86,43,2.82,242.52,1
Servicios Neuquén,78137105844,2025-Q4,16,48056427.81,37226445.08,10829982.730000004,16968963.44,66676085.66,4,1,352492.91,186109.58,88123.2275,186109.58,1,0,84,0,1,0,1,0,54,62,4.41,238.14,1
Servicios Neuquén,78137105844,2025-Q3,149,13998908.04,10206005.64,3792902.3999999985,6430344.12,16607164.81,5,0,835200.09,0.0,167040.01799999998,0.0,0,0,0,2,1,1,0,1,43,28,3.36,144.48,1
Productora Fernández,47460987099,2025-Q1,165,30468466.86,17982314.91,12486151.95,3921185.23,37269973.34,4,0,201002.03,0.0,50250.5075,0.0,0,0,0,0,1,1,0,0,85,33,1.7,144.5,1
Productora Fernández,47460987099,2024-Q1,48,15540632.84,13790643.91,1749988.9299999997,1089848.6,16512131.83,2,0,274718.0,0.0,137359.0,0.0,0,0,0,2,1,1,0,0,76,42,2.34,177.84,1
Productora Fernández,47460987099,2025-Q3,168,36498112.46,21697147.73,14800964.73,7770579.16,49182338.67,1,0,53127.95,0.0,53127.95,0.0,0,0,0,2,1,1,0,1,86,65,1.37,117.82,1
Grupo Dondero,08104031562,2025-Q3,55,30675701.71,23690817.19,6984884.52,9374916.04,30675632.3,2,1,215289.15,168166.82,107644.575,168166.82,1,0,59,1,1,0,1,0,68,28,4.41,299.88,0
Grupo Dondero,08104031562,2024-Q1,120,5802496.18,5405419.38,397076.7999999998,1989950.11,5122342.96,3,1,280799.96,126165.0,93599.98666666668,126165.0,1,0,73,0,0,0,1,0,61,34,4.0,244.0,1
Grupo Dondero,08104031562,2025-Q2,198,18187538.91,16792988.99,1394549.9200000018,2189225.45,23221669.84,3,1,424655.75,102800.38,141551.91666666666,102800.38,1,0,65,1,1,1,1,0,45,27,1.44,64.8,1
Servicios Paraná,25890650585,2024-Q1,21,29520591.56,26267083.35,3253508.209999997,14515075.59,35486538.76,3,0,476436.13,0.0,158812.04333333333,0.0,0,0,0,1,1,0,0,1,42,32,4.61,193.62,1
Servicios Paraná,25890650585,2025-Q2,173,19572260.32,12072108.36,7500151.960000001,1328836.09,15836404.11,4,0,220714.51,0.0,55178.6275,0.0,0,0,0,0,0,0,0,0,48,43,1.89,90.72,1
Comercial Sánchez,52440493101,2025-Q3,163,2437263.58,1511196.53,926067.05,11946.63,2355668.63,3,3,583856.18,202506.49,194618.72666666668,67502.16333333333,3,0,60,1,1,0,1,1,51,55,0.84,42.84,1
Comercial Sánchez,52440493101,2024-Q4,44,43198879.2,29156125.87,14042753.330000002,7413839.63,53124899.98,5,0,565941.92,0.0,113188.384,0.0,0,0,0,1,0,0,0,1,25,39,3.92,98.0,1
Comercial Sánchez,52440493101,2025-Q2,167,17137729.84,15064790.21,2072939.629999999,1383147.01,17471201.89,3,0,499728.89,0.0,166576.29666666666,0.0,0,0,0,1,1,0,0,0,68,35,0.69,46.92,1
Grupo Mendoza,90839002891,2024-Q1,49,12691408.58,9347376.93,3344031.6500000004,4650772.92,16373621.86,4,0,275401.48,0.0,68850.37,0.0,0,0,0,1,0,1,0,0,38,60,2.0,76.0,1
Grupo Mendoza,90839002891,2025-Q1,118,49984299.72,28388474.38,21595825.34,12429319.69,45898166.64,4,0,669583.75,0.0,167395.9375,0.0,0,0,0,1,1,0,0,0,37,18,4.77,176.49,1
Comercial Gómez,61336985138,2024-Q4,108,48727933.52,28075001.54,20652931.980000004,17337249.98,71782845.67,4,0,343156.49,0.0,85789.1225,0.0,0,0,0,1,1,0,0,0,21,32,4.66,97.86,1
Comercial Gómez,61336985138,2025-Q3,185,37379919.36,19962210.98,17417708.38,17357532.47,41707643.95,1,0,179680.7,0.0,179680.7,0.0,0,0,0,0,1,0,0,1,70,6,3.41,238.7,1
Comercial Gómez,61336985138,2025-Q2,85,33522991.65,29783999.89,3738991.759999998,6720863.87,49160836.99,0,0,0.0,0.0,0.0,0.0,0,0,0,0,0,0,0,0,61,42,3.73,227.53,1
Comercial Gómez,61336985138,2025-Q4,141,28613056.17,25303672.08,3309384.0900000036,9894082.73,28129182.81,4,2,304148.09,330899.32,76037.0225,165449.66,1,1,57,2,1,1,1,0,35,48,1.02,35.7,1
Consultora Gómez,31747848590,2024-Q4,23,34871997.13,31915361.19,2956635.9400000013,17410125.85,30946008.97,1,0,70446.17,0.0,70446.17,0.0,0,0,0,1,0,1,0,0,72,3,4.72,339.84,1
Consultora Gómez,31747848590,2024-Q2,50,49296037.82,32255299.34,17040738.48,7153637.96,54515704.45,0,0,0.0,0.0,0.0,0.0,0,0,0,0,0,0,0,0,53,8,3.49,184.97,1
Consultora Gómez,31747848590,2024-Q1,173,45489520.49,28382521.29,17106999.200000003,13840450.54,53016760.68,5,3,902117.49,338244.66,180423.498,112748.21999999999,0,3,0,0,0,0,1,0,75,68,0.72,54.0,1
Productora Gómez,13811139145,2024-Q2,6,46568261.1,35931023.52,10637237.579999998,9697017.36,42593163.72,4,4,732320.82,289943.88,183080.205,72485.97,2,2,66,0,0,1,1,0,70,11,2.92,204.4,1
Productora Gómez,13811139145,2024-Q4,69,16928896.07,15582562.66,1346333.4100000001,5369348.75,15644116.54,4,4,418302.29,733855.17,104575.5725,183463.7925,2,2,35,0,1,1,1,0,35,61,3.14,109.9,1
Productora Gómez,13811139145,2025-Q4,37,10654168.24,8078236.51,2575931.7300000004,3885314.64,14059437.57,3,0,193037.79,0.0,64345.93,0.0,0,0,0,2,1,1,0,0,58,25,2.1,121.8,1
Comercial Salta,84482149532,2025-Q1,70,42175887.62,23711464.93,18464422.689999998,7655746.84,55292645.34,1,0,103055.13,0.0,103055.13,0.0,0,0,0,3,1,1,0,1,73,43,4.04,294.92,1
Comercial Salta,84482149532,2024-Q3,46,13256217.07,10582406.04,2673811.030000001,5426784.62,13140891.75,0,0,0.0,0.0,0.0,0.0,0,0,0,0,0,0,0,0,24,24,1.1,26.4,1
Productora Vargas,18047547991,2025-Q3,26,35808848.95,20159125.97,15649722.980000004,315840.88,31527108.71,3,3,482372.92,279981.53,160790.97333333333,93327.17666666668,0,3,0,0,0,0,1,0,90,40,3.05,274.5,1
Productora Vargas,18047547991,2024-Q3,61,24274130.15,16131555.64,8142574.509999998,7023867.9,20171304.58,5,5,295285.0,562672.44,59057.0,112534.48799999998,5,0,31,1,0,0,1,1,69,8,3.32,229.08,0
Productora Vargas,18047547991,2025-Q2,27,38546834.04,26044685.24,12502148.8,4289264.63,45002654.42,4,0,526477.1,0.0,131619.275,0.0,0,0,0,1,0,1,0,0,87,5,2.36,205.32,1
Comercial Rosario,60604237577,2025-Q1,69,41548419.92,30348400.63,11200019.290000003,5146031.83,37292553.37,3,2,169747.2,311629.66,56582.4,155814.83,0,2,0,2,0,1,1,1,44,9,4.87,214.28,1
Comercial Rosario,60604237577,2025-Q3,52,41538766.6,23202665.8,18336100.8,1849854.63,45724495.63,4,0,693652.16,0.0,173413.04,0.0,0,0,0,1,1,0,0,0,30,50,1.18,35.4,1
Comercial Rosario,60604237577,2025-Q2,174,35072615.27,20327827.95,14744787.320000004,11154561.3,30098926.44,5,2,332658.7,129428.35,66531.74,64714.175,1,1,70,0,0,0,1,0,66,21,1.33,87.78,1
Comercial Rosario,60604237577,2024-Q1,87,10578939.33,7453048.94,3125890.3899999997,4731838.55,8990511.69,4,0,404995.89,0.0,101248.9725,0.0,0,0,0,1,0,0,0,1,81,29,2.84,230.04,1
Comercial Pérez,95705329304,2024-Q3,171,21057057.21,19783481.81,1273575.4000000022,4621754.54,21151504.15,3,0,503869.71,0.0,167956.57,0.0,0,0,0,1,1,1,0,1,73,21,0.58,42.34,1
Comercial Pérez,95705329304,2025-Q2,180,1974068.83,1525329.87,448738.95999999996,775981.49,2549491.6,3,0,356871.72,0.0,118957.23999999999,0.0,0,0,0,1,0,1,0,1,82,22,1.96,160.72,1
Comercial Pérez,95705329304,2024-Q4,182,5171851.53,2795807.91,2376043.62,1608509.87,6498804.85,5,3,882397.44,271078.81,176479.48799999998,90359.60333333333,2,1,63,1,0,1,1,0,67,50,3.06,205.02,1
Comercial Pérez,95705329304,2024-Q1,44,17886540.87,13645982.38,4240558.49,5928740.16,15281905.31,0,0,0.0,0.0,0.0,0.0,0,0,0,1,0,1,0,1,40,33,3.84,153.6,1
Cooperativa Martínez,41675301243,2025-Q3,46,27780983.7,21442983.53,6338000.169999998,9554457.95,34625198.71,4,4,711179.8,639044.6,177794.95,159761.15,0,4,0,1,0,0,1,1,86,51,1.39,119.54,1
Cooperativa Martínez,41675301243,2024-Q4,22,33465756.05,27356629.54,6109126.510000002,8586862.8,35622274.73,2,2,342165.08,352322.0,171082.54,176161.0,2,0,67,0,0,1,1,0,36,14,4.0,144.0,1
Cooperativa Martínez,41675301243,2024-Q2,84,4986612.49,4382688.56,603923.9300000006,1124747.52,4575798.74,3,0,500699.17,0.0,166899.72333333333,0.0,0,0,0,0,1,0,0,0,26,65,4.29,111.54,1
Cooperativa Martínez,41675301243,2024-Q3,71,34517716.55,26390026.7,8127689.849999998,2462557.39,29233703.58,5,0,900702.56,0.0,180140.51200000002,0.0,0,0,0,0,1,0,0,0,64,9,3.05,195.2,1
Productora Checo,67837457530,2024-Q3,30,5578976.3,3718560.83,1860415.4699999997,2725701.67,6554482.84,2,0,107875.88,0.0,53937.94,0.0,0,0,0,2,1,0,0,1,48,35,0.51,24.48,1
Productora Checo,67837457530,2025-Q4,100,47168061.18,25106154.07,22061907.11,14936108.71,44311857.84,4,1,539303.55,105658.09,134825.8875,105658.09,0,1,0,3,1,1,1,1,52,37,0.61,31.72,1
Productora Checo,67837457530,2024-Q2,140,48091549.9,32006966.08,16084583.82,16456874.18,49126466.49,4,2,308098.62,139239.76,77024.655,69619.88,1,1,30,1,0,1,1,1,79,44,0.54,42.66,1
Productora Checo,67837457530,2025-Q1,50,24992647.01,22973111.33,2019535.6800000034,3625470.51,22786920.39,3,0,557682.72,0.0,185894.24,0.0,0,0,0,2,0,1,0,1,48,24,4.81,230.88,1
Industrias Rosario,33973616803,2025-Q2,119,24215147.13,16949686.44,7265460.689999998,6564120.75,29647026.57,1,0,160495.32,0.0,160495.32,0.0,0,0,0,3,1,1,0,1,34,3,1.9,64.6,0
Industrias Rosario,33973616803,2025-Q4,172,41015718.8,31916960.45,9098758.349999998,9882757.61,60895341.23,5,2,662333.71,106804.21,132466.742,53402.105,0,2,0,2,1,0,1,1,53,31,4.47,236.91,1
Industrias Rosario,33973616803,2024-Q1,155,21122685.72,11925897.12,9196788.6,8220599.15,22017063.84,1,0,109046.44,0.0,109046.44,0.0,0,0,0,1,1,0,0,1,71,41,0.78,55.38,1
Industrias Rosario,33973616803,2025-Q1,84,21624864.69,10815942.14,10808922.55,7036150.11,30447050.95,2,0,350087.86,0.0,175043.93,0.0,0,0,0,0,0,1,0,0,30,2,4.02,120.6,1
Comercial Gutierrez,27199803919,2024-Q4,113,8559757.96,6942277.29,1617480.6700000009,390168.26,12641656.97,5,3,295584.76,233693.2,59116.952000000005,77897.73333333334,1,2,32,1,0,1,1,0,54,68,4.34,234.36,1
Comercial Gutierrez,27199803919,2025-Q1,103,17660548.13,9886556.76,7773991.369999999,5811325.09,14461724.97,2,1,337528.46,110098.85,168764.23,110098.85,0,1,0,2,1,1,1,0,41,45,4.82,197.62,1
Distribuidora Rosario,37808166363,2025-Q1,25,39764141.27,27716003.36,12048137.910000004,8420595.77,33617710.36,4,1,402821.12,65947.22,100705.28,65947.22,1,0,38,0,0,0,1,0,62,38,1.04,64.48,1
Distribuidora Rosario,37808166363,2025-Q4,15,14710098.95,9352441.94,5357657.01,2460095.27,16635344.75,4,0,412438.16,0.0,103109.54,0.0,0,0,0,1,0,1,0,0,78,33,4.01,312.78,1
Distribuidora Rosario,37808166363,2025-Q3,27,48623042.44,38403199.98,10219842.46,4701562.57,53600401.5,1,0,62541.43,0.0,62541.43,0.0,0,0,0,0,0,0,0,0,85,32,3.81,323.85,1
Distribuidora Rosario,37808166363,2024-Q2,85,41495102.18,27710867.89,13784234.29,17104667.54,34310180.7,4,0,541101.27,0.0,135275.3175,0.0,0,0,0,0,0,1,0,1,58,25,1.04,60.32,1
Tecnología Salta,92852133881,2025-Q4,67,39328986.42,23565580.51,15763405.91,16947083.36,53035590.51,5,4,258415.85,241204.46,51683.17,60301.115,0,4,0,1,0,0,1,1,52,29,2.19,113.88,0
Tecnología Salta,92852133881,2024-Q2,170,7788175.93,3944101.94,3844073.9899999998,3204811.97,10412909.39,2,0,185625.06,0.0,92812.53,0.0,0,0,0,0,1,1,0,1,55,25,2.28,125.4,1
Tecnología Salta,92852133881,2025-Q3,177,20822072.68,14443095.36,6378977.32,930323.13,26193383.75,4,1,375218.45,70728.55,93804.6125,70728.55,0,1,0,2,0,1,1,1,76,1,4.14,314.64,1
Tecnología Salta,92852133881,2025-Q1,147,5265180.26,3840515.84,1424664.42,476305.26,5971973.58,1,0,136109.93,0.0,136109.93,0.0,0,0,0,1,1,0,0,1,61,40,4.22,257.42,1
Alimentos Sánchez,11574887423,2024-Q4,187,18974382.42,17792979.25,1181403.1700000018,1584746.07,17394457.49,2,2,304681.01,121888.45,152340.505,60944.225,0,2,0,0,0,0,1,0,73,8,1.53,111.69,1
Alimentos Sánchez,11574887423,2025-Q2,75,6636261.95,3716909.49,2919352.46,2160549.0,5935837.58,5,1,263132.73,105221.82,52626.545999999995,105221.82,1,0,84,2,0,1,1,1,40,54,2.2,88.0,1
Alimentos Río Negro,76964392567,2024-Q2,157,37898982.51,34122775.66,3776206.8500000015,17827687.29,56038574.37,0,0,0.0,0.0,0.0,0.0,0,0,0,1,1,0,0,0,20,31,1.08,21.6,1
Alimentos Río Negro,76964392567,2025-Q1,180,38221395.46,25925768.23,12295627.23,10698189.34,44823993.62,5,4,648854.78,564010.8,129770.956,141002.7,4,0,85,1,0,0,1,1,48,36,1.46,70.08,1
Alimentos Río Negro,76964392567,2025-Q4,200,26322754.45,15013661.21,11309093.239999998,1220304.63,27768744.26,5,1,967395.23,102727.34,193479.046,102727.34,1,0,68,1,1,0,1,0,31,21,2.3,71.3,1
Consultora Mendoza,30602472536,2024-Q4,147,23027312.9,15835017.28,7192295.619999999,751694.32,26139300.39,3,2,350282.5,320095.5,116760.83333333333,160047.75,0,2,0,0,1,1,1,0,20,19,4.34,86.8,0
Consultora Mendoza,30602472536,2025-Q3,116,16139886.52,13351224.33,2788662.1899999995,5545839.92,23612669.84,4,1,447385.24,177681.87,111846.31,177681.87,0,1,0,2,1,1,1,1,74,70,1.72,127.28,1
Servicios Paraná,05989151834,2025-Q4,198,22007892.69,17611533.03,4396359.66,2241362.7,17762247.48,5,5,505674.29,378625.57,101134.858,75725.114,1,4,43,0,0,1,1,1,69,34,2.17,149.73,1
Servicios Paraná,05989151834,2024-Q4,154,8772260.03,5378231.87,3394028.159999999,2499394.53,9847907.94,5,5,544564.8,758900.93,108912.96,151780.18600000002,1,4,68,0,0,1,1,0,21,58,4.29,90.09,1
Alimentos Martínez,41033929988,2025-Q3,193,38266874.93,32986327.44,5280547.489999998,5517773.99,55011852.54,3,1,254648.76,136261.71,84882.92,136261.71,1,0,42,1,0,1,1,0,56,41,1.26,70.56,1
Alimentos Martínez,41033929988,2025-Q4,53,42942325.8,24604302.63,18338023.169999998,1426609.34,51738167.44,5,3,353884.02,576847.39,70776.804,192282.46333333335,2,1,87,0,0,0,1,1,66,7,2.78,183.48,1
Alimentos Martínez,41033929988,2024-Q2,98,9428600.98,7885408.61,1543192.37,1454830.17,12391239.15,1,0,197372.35,0.0,197372.35,0.0,0,0,0,2,1,1,0,0,89,46,3.57,317.73,1
Servicios Gutierrez,02994952773,2025-Q4,75,31349690.92,20334193.58,11015497.340000004,13181855.46,31400179.77,1,0,148039.76,0.0,148039.76,0.0,0,0,0,0,1,1,0,1,30,36,0.96,28.8,1
Servicios Gutierrez,02994952773,2025-Q1,24,8323257.34,6839677.09,1483580.25,1561303.16,7943062.09,5,0,373987.29,0.0,74797.458,0.0,0,0,0,1,1,0,0,1,74,26,0.67,49.58,0
Servicios Gutierrez,02994952773,2025-Q3,99,30639408.03,19199121.17,11440286.86,7028164.18,26264248.03,3,0,245981.23,0.0,81993.74333333333,0.0,0,0,0,2,1,0,0,1,41,68,2.28,93.48,1
Comercial Mendoza,80888663554,2024-Q4,188,25287752.6,18668383.55,6619369.050000001,177066.57,25988992.73,2,0,186937.61,0.0,93468.805,0.0,0,0,0,1,1,0,0,1,68,49,3.3,224.4,1
Comercial Mendoza,80888663554,2024-Q2,21,30448704.21,24935638.68,5513065.530000001,6814854.9,27681157.75,0,0,0.0,0.0,0.0,0.0,0,0,0,1,0,0,0,1,24,41,0.58,13.92,1
Comercial Mendoza,80888663554,2025-Q4,46,43789246.27,37310437.8,6478808.470000006,2905066.32,40251222.25,2,0,265816.19,0.0,132908.095,0.0,0,0,0,0,0,1,0,0,82,47,2.26,185.32,1
Comercial Mendoza,80888663554,2025-Q3,145,22366950.54,16159364.59,6207585.949999999,4565167.21,19334901.06,1,0,198863.27,0.0,198863.27,0.0,0,0,0,3,1,1,0,1,29,53,0.95,27.55,1
Alimentos López,28249008238,2024-Q1,58,28785764.3,16963646.52,11822117.780000001,725182.48,28703728.59,5,1,577726.66,176566.37,115545.33200000001,176566.37,1,0,83,0,0,0,1,1,58,22,1.21,70.18,0
Alimentos López,28249008238,2024-Q3,10,4131025.89,3813455.97,317569.9199999999,1936251.6,4718730.36,0,0,0.0,0.0,0.0,0.0,0,0,0,2,0,1,0,1,36,53,0.87,31.32,1
Alimentos López,28249008238,2025-Q4,21,31366327.3,28144169.69,3222157.6099999994,3940665.92,35823520.2,3,0,320128.46,0.0,106709.48666666668,0.0,0,0,0,1,1,0,0,1,39,34,2.81,109.59,1
Alimentos López,28249008238,2024-Q2,140,10383610.09,6723072.05,3660538.04,777591.05,9691858.82,4,4,346148.36,419310.5,86537.09,104827.625,0,4,0,1,0,0,1,1,30,19,4.01,120.3,1
Productora La Pampa,74873163210,2024-Q3,38,10335221.04,5606555.86,4728665.179999999,2583513.15,13254110.66,1,0,133977.35,0.0,133977.35,0.0,0,0,0,0,1,1,0,1,39,4,3.58,139.62,1
Productora La Pampa,74873163210,2024-Q1,96,39938649.76,32108468.53,7830181.229999997,5096464.87,45449618.95,3,0,418128.1,0.0,139376.03333333333,0.0,0,0,0,2,1,0,0,1,45,19,3.1,139.5,1
Productora La Pampa,74873163210,2025-Q3,139,40912292.6,34415993.32,6496299.280000001,7776609.7,37969476.66,1,0,61286.24,0.0,61286.24,0.0,0,0,0,2,0,1,0,1,34,64,4.83,164.22,1
Productora La Pampa,74873163210,2025-Q2,168,7792198.89,5246252.12,2545946.7699999996,1597453.2,10281855.45,0,0,0.0,0.0,0.0,0.0,0,0,0,1,1,0,0,0,38,20,1.34,50.92,1
Consultora Paraná,39263960900,2025-Q1,43,46483049.87,40452004.24,6031045.629999995,21072303.93,68800124.99,4,4,658589.54,609502.58,164647.385,152375.645,3,1,75,0,0,0,1,0,23,18,2.87,66.01,1
Consultora Paraná,39263960900,2025-Q3,163,29000997.72,25248331.48,3752666.2399999984,11622382.06,26429222.47,0,0,0.0,0.0,0.0,0.0,0,0,0,0,0,0,0,0,45,63,3.2,144.0,1
Consultora Paraná,39263960900,2025-Q4,130,36859811.16,26181605.97,10678205.189999998,16049036.52,35702153.46,4,0,324254.92,0.0,81063.73,0.0,0,0,0,0,0,0,0,0,23,21,1.25,28.75,0
Consultora Paraná,39263960900,2024-Q4,21,4569798.25,3817246.87,752551.3799999999,1102924.31,4337335.25,5,2,699903.62,110718.63,139980.724,55359.315,2,0,52,0,0,1,1,0,57,56,2.52,143.64,1
Industrias Salta,37241963853,2024-Q1,99,41398704.97,36800966.09,4597738.879999995,9365803.34,60588444.31,1,0,133350.66,0.0,133350.66,0.0,0,0,0,0,1,0,0,1,24,44,4.34,104.16,1
Industrias Salta,37241963853,2024-Q4,169,17378378.79,14258551.31,3119827.4799999986,5631319.35,21508770.37,4,0,368016.08,0.0,92004.02,0.0,0,0,0,2,0,1,0,1,89,60,4.86,432.54,1
Distribuidora Paraná,71929824477,2025-Q3,67,9053141.21,5152448.32,3900692.8900000006,1536736.19,9625785.9,2,0,329608.3,0.0,164804.15,0.0,0,0,0,0,0,1,0,1,49,24,4.92,241.08,1
Distribuidora Paraná,71929824477,2025-Q1,165,31488624.18,28110664.75,3377959.4299999997,1734044.28,44002060.94,1,0,154435.58,0.0,154435.58,0.0,0,0,0,0,0,0,0,0,70,1,1.68,117.6,1
Distribuidora Paraná,71929824477,2024-Q2,65,21259149.43,15060263.13,6198886.299999999,9303944.67,28035091.08,1,0,58762.59,0.0,58762.59,0.0,0,0,0,1,1,1,0,0,60,37,1.97,118.2,1
Distribuidora Paraná,71929824477,2025-Q4,106,41889562.56,21902332.27,19987230.290000003,20518849.28,39371505.66,1,0,164866.39,0.0,164866.39,0.0,0,0,0,1,0,1,0,0,47,21,4.64,218.08,0
Tecnología Mendoza,85491954601,2024-Q4,142,39982801.02,35600064.56,4382736.460000001,19100380.55,46119850.12,4,3,465771.02,498297.64,116442.755,166099.21333333335,3,0,69,0,0,1,1,0,66,33,4.81,317.46,1
Tecnología Mendoza,85491954601,2024-Q1,74,12764411.61,10521812.04,2242599.5700000003,1289142.51,18950123.19,5,2,501305.17,355230.3,100261.034,177615.15,1,1,73,1,1,0,1,1,54,31,1.02,55.08,1
Cooperativa Salta,59805808197,2025-Q2,200,7041551.17,4164774.55,2876776.62,876385.58,6377779.83,1,0,65807.81,0.0,65807.81,0.0,0,0,0,1,1,1,0,0,68,64,2.64,179.52,1
Cooperativa Salta,59805808197,2025-Q3,197,43464090.73,32612138.73,10851951.999999996,16945773.99,49880201.27,2,0,353600.86,0.0,176800.43,0.0,0,0,0,3,1,1,0,1,77,28,3.71,285.67,1
Servicios García,93733217271,2025-Q1,109,11528328.31,8995855.92,2532472.3900000006,1825312.63,9393303.86,4,3,562528.81,468174.57,140632.2025,156058.19,1,2,57,1,0,1,1,0,38,54,3.5,133.0,1
Servicios García,93733217271,2024-Q1,114,38008810.13,19980586.72,18028223.410000004,14341714.6,33226829.67,2,1,299604.01,81155.47,149802.005,81155.47,1,0,40,1,0,1,1,1,35,68,3.03,106.05,1
Servicios García,93733217271,2025-Q4,177,8594984.37,6442665.67,2152318.6999999993,398229.12,12098939.86,2,1,306028.27,71198.63,153014.135,71198.63,0,1,0,1,0,1,1,0,71,59,2.63,186.73,1
Servicios García,93733217271,2025-Q3,38,8863629.91,7581381.73,1282248.1799999997,4431105.14,12027308.03,3,0,590626.99,0.0,196875.66333333333,0.0,0,0,0,2,1,0,0,1,42,65,4.34,182.28,1
Servicios Río Negro,92512062353,2025-Q2,55,40076808.79,23050398.34,17026410.45,10256020.83,44751787.98,3,0,225244.56,0.0,75081.52,0.0,0,0,0,1,0,1,0,1,57,34,1.94,110.58,1
Servicios Río Negro,92512062353,2024-Q2,182,46944149.7,36298808.16,10645341.540000007,7600549.07,41341073.91,2,0,123247.56,0.0,61623.78,0.0,0,0,0,0,0,1,0,1,38,25,1.71,64.98,1
Servicios Río Negro,92512062353,2025-Q1,137,14755415.94,9464327.35,5291088.59,5420837.99,15318076.78,0,0,0.0,0.0,0.0,0.0,0,0,0,0,1,0,0,0,55,22,1.94,106.7,1
Servicios Río Negro,92512062353,2024-Q1,191,15495199.39,9767342.17,5727857.220000001,658047.86,14101056.71,4,3,535834.22,537649.31,133958.555,179216.43666666668,3,0,31,0,0,1,1,0,33,21,4.76,157.08,0
Consultora Neuquén,56582730977,2024-Q3,115,16818814.96,12633720.99,4185093.9700000007,6367601.21,16197195.96,0,0,0.0,0.0,0.0,0.0,0,0,0,0,1,1,0,0,56,16,0.99,55.44,1
Consultora Neuquén,56582730977,2024-Q1,131,41870044.03,29944590.95,11925453.080000002,19810982.27,54132645.69,5,3,597741.67,244962.31,119548.334,81654.10333333333,1,2,50,0,0,0,1,0,59,40,0.59,34.81,1
Consultora Neuquén,56582730977,2025-Q3,17,8353450.23,5381721.89,2971728.340000001,2126207.28,9702118.49,5,1,365638.37,115206.77,73127.674,115206.77,0,1,0,2,1,0,1,1,67,30,4.49,300.83,0
Consultora Neuquén,56582730977,2025-Q1,32,24322985.1,22556740.63,1766244.4700000025,8363498.74,25710166.91,2,1,234776.47,168945.53,117388.235,168945.53,0,1,0,0,0,0,1,0,58,28,1.15,66.7,0
Consultora Gutierrez,54435025922,2024-Q2,180,46487137.88,36289181.77,10197956.11,13004618.89,61882681.9,5,3,472506.85,513550.01,94501.37,171183.33666666667,2,1,81,2,1,1,1,0,29,36,1.03,29.87,1
Consultora Gutierrez,54435025922,2025-Q1,26,8270239.95,6782473.23,1487766.7199999997,1854192.3,9048944.17,4,2,387210.51,246350.56,96802.6275,123175.28,2,0,73,0,0,0,1,0,41,3,4.41,180.81,1
Consultora Gutierrez,54435025922,2024-Q3,95,16351597.19,12645693.81,3705903.379999999,1586585.41,19108056.5,1,0,74464.16,0.0,74464.16,0.0,0,0,0,0,1,1,0,0,89,21,1.01,89.89,0
Alimentos Neuquén,01031312260,2024-Q1,121,5985490.95,4973333.19,1012157.7599999998,357398.48,5763977.43,1,0,166524.24,0.0,166524.24,0.0,0,0,0,3,1,1,0,1,89,52,1.71,152.19,1
Alimentos Neuquén,01031312260,2025-Q4,51,30756634.77,21384101.53,9372533.239999998,9317189.02,38987767.51,1,0,143386.67,0.0,143386.67,0.0,0,0,0,0,1,0,0,0,88,66,3.18,279.84,1
Servicios Córdoba,87102589859,2024-Q2,141,24544696.18,21184777.56,3359918.620000001,10161280.89,22250827.23,1,0,137134.29,0.0,137134.29,0.0,0,0,0,0,0,1,0,1,63,25,4.96,312.48,0
Servicios Córdoba,87102589859,2025-Q4,46,12940585.0,11101831.24,1838753.7599999998,829708.84,18064640.03,1,0,178550.93,0.0,178550.93,0.0,0,0,0,0,0,1,0,1,62,32,2.23,138.26,1
Servicios Córdoba,87102589859,2025-Q2,83,13262212.11,12060683.2,1201528.9100000001,6213910.79,11599938.61,4,0,418222.04,0.0,104555.51,0.0,0,0,0,0,1,0,0,0,27,14,3.49,94.23,0
Grupo Vargas,84782466496,2024-Q4,117,43547383.39,28077681.1,15469702.29,8176616.43,53738886.29,3,0,226364.71,0.0,75454.90333333334,0.0,0,0,0,0,1,1,0,0,49,49,1.28,62.72,1
Grupo Vargas,84782466496,2024-Q3,180,19734745.3,13280532.36,6454212.940000001,2985045.43,26859208.2,3,0,317107.44,0.0,105702.48,0.0,0,0,0,2,1,1,0,0,26,63,3.11,80.86,1
Industrias Paraná,69065252386,2024-Q4,141,18833066.73,13852430.53,4980636.200000001,3320504.34,26748555.64,0,0,0.0,0.0,0.0,0.0,0,0,0,0,0,1,0,0,65,7,4.33,281.45,1
Industrias Paraná,69065252386,2024-Q3,59,14433149.3,13314985.26,1118164.040000001,4370656.44,16134529.55,4,4,300182.83,490578.7,75045.7075,122644.675,4,0,33,3,1,1,1,1,41,47,1.79,73.39,1
Alimentos Dondero,59484682861,2025-Q4,32,7145467.72,5869735.19,1275732.5299999993,1139200.38,9265185.12,1,0,109150.92,0.0,109150.92,0.0,0,0,0,1,1,1,0,1,73,12,3.68,268.64,0
Alimentos Dondero,59484682861,2024-Q3,138,12124730.53,6183148.96,5941581.569999999,3159787.66,14538381.49,1,0,180404.5,0.0,180404.5,0.0,0,0,0,0,1,0,0,0,31,63,4.46,138.26,1
Alimentos Dondero,59484682861,2024-Q4,176,21395509.7,19867294.48,1528215.2199999988,7594112.0,29775746.3,2,0,245207.0,0.0,122603.5,0.0,0,0,0,1,1,0,0,0,46,36,0.85,39.1,1
Alimentos Dondero,59484682861,2025-Q2,196,8586470.22,4786487.32,3799982.9000000004,1236297.59,12223872.56,2,1,249501.25,51153.55,124750.625,51153.55,0,1,0,0,0,0,1,1,62,52,2.58,159.96,1
Industrias La Pampa,94324160888,2024-Q3,17,3979960.11,2288414.25,1691545.8599999999,119316.51,4786318.92,1,1,141141.43,85168.49,141141.43,85168.49,1,0,60,2,1,1,1,1,30,43,2.26,67.8,1
Industrias La Pampa,94324160888,2025-Q3,119,45037571.88,25998076.22,19039495.660000004,6138721.32,58814814.34,5,5,849363.21,806635.7,169872.642,161327.13999999998,2,3,69,0,1,1,1,1,25,21,0.86,21.5,1
Industrias La Pampa,94324160888,2024-Q2,82,6057096.22,4179312.29,1877783.9299999997,2105313.66,7745040.84,1,1,71262.42,94546.37,71262.42,94546.37,1,0,75,0,0,0,1,0,27,31,1.25,33.75,1
Industrias La Pampa,94324160888,2025-Q4,52,9321572.18,7227852.72,2093719.46,3727740.56,7961421.64,4,0,586985.04,0.0,146746.26,0.0,0,0,0,1,1,0,0,1,36,31,0.74,26.64,1
Consultora Neuquén,12605602719,2025-Q4,56,23953075.66,16653298.04,7299777.620000001,2590050.32,26557857.24,5,1,439266.69,158025.49,87853.338,158025.49,1,0,33,0,0,0,1,1,82,48,2.31,189.42,1
Consultora Neuquén,12605602719,2024-Q1,74,9360315.68,7771474.63,1588841.0499999998,2315844.12,8250277.3,5,2,748265.33,124258.33,149653.066,62129.165,2,0,72,1,0,0,1,1,37,11,4.35,160.95,0
Tecnología Vargas,28188837566,2025-Q1,157,44001794.52,31041834.62,12959959.900000002,3242366.71,49685409.46,1,0,85374.45,0.0,85374.45,0.0,0,0,0,1,1,0,0,0,31,31,3.43,106.33,1
Tecnología Vargas,28188837566,2024-Q4,50,3432217.81,2310575.31,1121642.5,1313501.65,2881120.78,5,4,652098.34,581990.92,130419.66799999999,145497.73,0,4,0,1,0,1,1,0,75,61,4.11,308.25,1
Tecnología Vargas,28188837566,2025-Q3,47,23149780.55,19066667.07,4083113.4800000004,5102013.57,30891530.93,5,4,706636.19,566495.79,141327.23799999998,141623.9475,4,0,43,1,1,0,1,1,46,67,0.56,25.76,1
Alimentos Paraná,47501133385,2025-Q1,126,24173540.48,18230363.16,5943177.32,3339829.64,21453087.93,5,2,743780.52,287141.57,148756.104,143570.785,1,1,50,1,0,0,1,1,47,1,4.83,227.01,0
Alimentos Paraná,47501133385,2025-Q2,195,48141190.86,27026355.11,21114835.75,21702982.98,68700679.52,1,0,171943.69,0.0,171943.69,0.0,0,0,0,2,0,1,0,1,39,24,1.52,59.28,0
Alimentos Paraná,47501133385,2024-Q1,156,8820322.93,7135979.53,1684343.3999999994,2306360.83,9355272.26,4,0,268358.87,0.0,67089.7175,0.0,0,0,0,1,0,0,0,1,28,5,2.68,75.04,1
Alimentos Paraná,47501133385,2025-Q4,156,13853849.35,10769431.03,3084418.3200000003,6610785.63,11956558.67,0,0,0.0,0.0,0.0,0.0,0,0,0,2,0,1,0,1,67,26,3.3,221.1,1
Distribuidora Rosario,55131928347,2025-Q1,95,5658447.32,4531571.56,1126875.7600000007,1846.7,7684662.02,2,1,230824.79,56040.45,115412.395,56040.45,1,0,52,2,1,0,1,1,66,30,3.56,234.96,1
Distribuidora Rosario,55131928347,2024-Q3,147,7319495.97,6132906.43,1186589.54,2550056.29,7286300.83,0,0,0.0,0.0,0.0,0.0,0,0,0,2,1,1,0,1,59,65,3.99,235.41,1
Tecnología Buenos Aires,19263183779,2024-Q1,163,29120890.27,21731507.34,7389382.93,6748304.51,39072236.29,3,1,566619.03,89268.21,188873.01,89268.21,1,0,88,0,1,1,1,0,22,24,3.28,72.16,0
Tecnología Buenos Aires,19263183779,2024-Q3,196,14765643.9,12174094.33,2591549.5700000003,580288.68,12141523.61,1,0,65391.29,0.0,65391.29,0.0,0,0,0,0,0,0,0,0,35,51,3.93,137.55,1
Tecnología Buenos Aires,19263183779,2025-Q1,183,44996577.11,41335046.07,3661531.039999999,11871539.64,40498366.62,5,4,772819.81,253594.37,154563.962,63398.5925,0,4,0,2,1,0,1,1,40,8,1.58,63.2,0
Tecnología Buenos Aires,19263183779,2025-Q3,47,43927831.8,38809845.18,5117986.619999997,2516894.62,35181776.61,4,2,291123.69,186653.86,72780.9225,93326.93,1,1,67,0,0,1,1,0,86,57,0.75,64.5,1
Servicios Pérez,88587111572,2024-Q3,147,37740902.35,28759233.63,8981668.720000003,7478532.91,53268531.27,2,0,113085.26,0.0,56542.63,0.0,0,0,0,1,1,1,0,0,22,68,2.46,54.12,1
Servicios Pérez,88587111572,2025-Q1,176,20192934.1,14925222.18,5267711.920000002,4143626.74,25343639.03,2,0,210190.67,0.0,105095.335,0.0,0,0,0,1,0,1,0,0,53,11,4.08,216.24,1
Servicios Pérez,88587111572,2025-Q2,101,20998807.69,11272096.11,9726711.580000002,2553697.37,25430742.57,4,4,394646.54,370562.77,98661.635,92640.6925,1,3,63,1,0,1,1,0,79,14,0.55,43.45,0
Consultora López,08154644756,2025-Q2,178,20112018.05,10743372.06,9368645.99,482920.9,17048838.66,3,1,323002.08,123841.85,107667.36,123841.85,0,1,0,0,0,0,1,0,85,8,1.4,119.0,0
Consultora López,08154644756,2025-Q4,69,35879863.99,21038697.93,14841166.060000002,8841202.26,48625213.81,3,0,201771.29,0.0,67257.09666666666,0.0,0,0,0,0,1,1,0,0,29,9,3.38,98.02,0
Consultora López,08154644756,2025-Q3,116,47384074.44,42166921.34,5217153.099999994,21704788.41,66668040.72,1,0,177405.09,0.0,177405.09,0.0,0,0,0,0,0,0,0,0,52,37,3.34,173.68,1
Comercial Dondero,02945869950,2025-Q1,95,19477876.75,12431127.19,7046749.5600000005,443627.55,19220269.57,3,0,315226.75,0.0,105075.58333333333,0.0,0,0,0,1,1,1,0,0,43,68,0.74,31.82,1
Comercial Dondero,02945869950,2025-Q3,198,48091981.86,32786241.98,15305739.879999999,2698179.6,65756570.48,3,0,493844.69,0.0,164614.89666666667,0.0,0,0,0,0,0,0,0,1,73,41,3.48,254.04,1
Comercial Dondero,02945869950,2024-Q2,16,23085554.31,15996514.55,7089039.759999998,3121193.54,28742323.78,5,5,905868.46,660772.27,181173.69199999998,132154.454,1,4,41,0,1,1,1,0,29,45,1.28,37.12,1
Comercial Dondero,02945869950,2024-Q4,10,11300874.28,10261694.22,1039180.0599999987,482813.22,13537204.94,0,0,0.0,0.0,0.0,0.0,0,0,0,1,0,1,0,1,75,24,0.8,60.0,1
Tecnología Mendoza,51723177225,2025-Q1,147,21614574.31,14587981.25,7026593.059999999,4699074.59,17694621.58,2,0,197951.08,0.0,98975.54,0.0,0,0,0,0,1,1,0,0,47,63,1.49,70.03,1
Tecnología Mendoza,51723177225,2024-Q2,142,42921016.54,26921729.91,15999286.629999999,7580942.54,63383514.41,5,0,573920.25,0.0,114784.05,0.0,0,0,0,0,0,0,0,0,26,25,2.05,53.3,1
Tecnología Mendoza,51723177225,2024-Q4,185,25939486.2,23609175.98,2330310.219999999,10656688.59,31057368.66,2,2,165346.74,310526.2,82673.37,155263.1,1,1,64,2,0,1,1,1,72,31,0.58,41.76,1
Consultora La Pampa,61292812598,2024-Q1,75,12465310.2,9580121.45,2885188.75,2636785.22,17071844.85,3,0,312872.58,0.0,104290.86,0.0,0,0,0,1,1,0,0,1,25,5,3.7,92.5,1
Consultora La Pampa,61292812598,2024-Q4,150,39115691.76,25067162.03,14048529.729999997,18857167.37,54562840.89,0,0,0.0,0.0,0.0,0.0,0,0,0,2,0,1,0,1,62,26,2.87,177.94,0
Consultora La Pampa,61292812598,2025-Q4,27,39359532.78,20766828.67,18592704.11,15937141.62,47567236.02,0,0,0.0,0.0,0.0,0.0,0,0,0,1,0,1,0,1,76,1,2.45,186.2,0
Grupo Salta,97581215743,2025-Q1,64,47396830.72,31534631.79,15862198.93,23550363.3,42124054.24,1,0,59169.22,0.0,59169.22,0.0,0,0,0,2,1,0,0,1,69,5,4.83,333.27,0
Grupo Salta,97581215743,2024-Q3,162,42635024.65,29261096.55,13373928.099999998,15034290.91,46449758.99,3,0,183009.72,0.0,61003.24,0.0,0,0,0,2,1,1,0,0,21,43,3.5,73.5,1
Consultora La Pampa,56553892874,2025-Q4,13,35627770.45,26102770.82,9524999.630000003,6376782.05,48704352.47,0,0,0.0,0.0,0.0,0.0,0,0,0,1,1,1,0,1,22,57,4.21,92.62,1
Consultora La Pampa,56553892874,2024-Q4,95,16203854.13,12198268.97,4005585.16,5325173.93,16539433.52,3,2,369196.1,252025.82,123065.36666666665,126012.91,2,0,66,0,0,0,1,0,52,26,2.58,134.16,1
Consultora La Pampa,56553892874,2025-Q2,13,29528160.92,18521878.15,11006282.770000003,11432881.51,31815538.0,4,0,225958.08,0.0,56489.52,0.0,0,0,0,2,1,0,0,1,89,0,1.77,157.53,0
Alimentos Fernández,67948248050,2025-Q1,100,36855453.94,34792728.56,2062725.3799999952,8093460.58,44667734.15,0,0,0.0,0.0,0.0,0.0,0,0,0,1,1,1,0,1,83,6,0.79,65.57,1
Alimentos Fernández,67948248050,2025-Q2,104,4722334.96,2705907.79,2016427.17,1797889.41,6201622.17,0,0,0.0,0.0,0.0,0.0,0,0,0,2,1,1,0,0,53,64,3.86,204.58,1
Alimentos Fernández,67948248050,2024-Q4,36,33359974.87,26663489.86,6696485.010000002,522707.68,28088193.1,0,0,0.0,0.0,0.0,0.0,0,0,0,0,0,0,0,1,22,32,4.76,104.72,1
Alimentos Fernández,67948248050,2025-Q3,123,11727400.3,5972671.52,5754728.780000001,5608870.8,11606707.14,3,3,155536.74,168392.42,51845.579999999994,56130.80666666667,0,3,0,0,0,0,1,1,20,65,1.77,35.4,1
Cooperativa La Pampa,66187583300,2024-Q3,72,30735895.05,19971380.16,10764514.89,11422270.2,33651942.69,0,0,0.0,0.0,0.0,0.0,0,0,0,0,0,1,0,0,81,45,3.78,306.18,1
Cooperativa La Pampa,66187583300,2025-Q4,137,16311712.03,14510990.38,1800721.6499999985,6054898.37,23232456.46,4,3,533024.07,192753.11,133256.0175,64251.03666666666,3,0,72,2,1,0,1,1,69,18,0.94,64.86,1
Consultora Vargas,72658559260,2024-Q1,106,35388341.2,18158822.13,17229519.070000004,338380.32,28609592.19,2,0,155724.9,0.0,77862.45,0.0,0,0,0,1,1,1,0,1,63,48,2.12,133.56,1
Consultora Vargas,72658559260,2025-Q1,132,22342261.48,15989186.21,6353075.27,10069045.67,25104680.45,5,1,709567.77,105046.43,141913.554,105046.43,1,0,39,0,1,1,1,1,84,44,1.44,120.96,1
Comercial Paraná,19479948826,2024-Q1,81,15435333.34,12666604.51,2768728.83,3769675.46,13263280.8,5,2,258270.66,191175.63,51654.132,95587.815,2,0,50,0,1,0,1,0,26,44,2.24,58.24,1
Comercial Paraná,19479948826,2024-Q3,125,26809347.06,23614858.64,3194488.419999998,6039957.71,27779497.54,5,0,814184.36,0.0,162836.872,0.0,0,0,0,2,0,1,0,1,69,38,0.9,62.1,1
Tecnología Martínez,17652748597,2024-Q4,177,41736574.67,27535076.97,14201497.700000003,7229935.77,61691902.99,4,0,359663.99,0.0,89915.9975,0.0,0,0,0,1,1,0,0,0,41,32,3.73,152.93,1
Tecnología Martínez,17652748597,2024-Q3,189,18096514.8,14071402.11,4025112.6900000013,4949494.41,18016606.59,5,2,457824.13,233048.14,91564.826,116524.07,2,0,52,1,1,1,1,0,46,39,0.76,34.96,1
Tecnología Martínez,17652748597,2024-Q1,151,32293128.34,20741424.29,11551704.05,10073014.36,37021450.43,3,0,471310.68,0.0,157103.56,0.0,0,0,0,2,1,1,0,0,90,48,3.47,312.3,1
Industrias Rosario,34278780665,2025-Q3,12,37580839.37,18866598.85,18714240.519999996,17077029.47,31844757.21,5,0,865173.03,0.0,173034.606,0.0,0,0,0,3,1,1,0,1,68,46,0.76,51.68,1
Industrias Rosario,34278780665,2025-Q2,97,45431520.91,31266882.15,14164638.759999998,9299817.3,38664533.82,0,0,0.0,0.0,0.0,0.0,0,0,0,0,0,1,0,0,80,34,4.83,386.4,1
Industrias Rosario,34278780665,2024-Q4,188,33225336.9,19124281.34,14101055.559999999,10131499.08,27956482.8,3,0,248091.24,0.0,82697.08,0.0,0,0,0,1,1,0,0,1,23,56,3.11,71.53,1
Comercial Rosario,80289260164,2025-Q4,166,46736124.65,38150050.58,8586074.07,7215910.67,53956978.94,2,1,387169.53,70222.16,193584.765,70222.16,1,0,54,0,0,0,1,0,88,62,3.07,270.16,1
Comercial Rosario,80289260164,2024-Q4,137,35439669.21,28122205.06,7317464.150000002,9213605.15,43140330.27,4,2,326069.42,155943.03,81517.355,77971.515,0,2,0,0,0,0,1,1,21,9,4.76,99.96,0
Comercial Rosario,80289260164,2024-Q1,144,40941383.11,24680463.52,16260919.59,6741514.7,49029107.54,3,0,273812.76,0.0,91270.92,0.0,0,0,0,0,1,0,0,1,74,27,3.31,244.94,1
Comercial Rosario,80289260164,2024-Q3,23,36681375.56,27905462.69,8775912.870000001,2438779.52,54253520.48,4,0,675446.75,0.0,168861.6875,0.0,0,0,0,0,1,1,0,1,30,65,1.34,40.2,1
Distribuidora Mendoza,42886533881,2025-Q3,40,29395575.78,22469721.23,6925854.550000001,1866803.72,37133983.46,0,0,0.0,0.0,0.0,0.0,0,0,0,0,1,0,0,0,86,56,2.63,226.18,1
Distribuidora Mendoza,42886533881,2025-Q1,194,46633503.62,25224322.12,21409181.499999996,10439648.25,58078011.67,3,0,523723.0,0.0,174574.33333333334,0.0,0,0,0,0,1,1,0,1,63,56,2.05,129.15,1
Distribuidora Mendoza,42886533881,2024-Q1,193,13316654.69,11096870.69,2219784.0,5226577.1,12436277.78,0,0,0.0,0.0,0.0,0.0,0,0,0,1,0,0,0,1,87,40,1.75,152.25,1
Distribuidora Mendoza,42886533881,2024-Q3,36,17321177.01,13568883.73,3752293.280000001,5204077.75,15246759.71,3,0,453254.74,0.0,151084.91333333333,0.0,0,0,0,0,0,1,0,0,83,30,0.58,48.14,1
Alimentos Gutierrez,39744248641,2025-Q3,21,49670629.79,34264235.73,15406394.060000002,17211533.9,64205162.01,0,0,0.0,0.0,0.0,0.0,0,0,0,0,1,0,0,0,29,28,1.39,40.31,1
Alimentos Gutierrez,39744248641,2025-Q1,69,24863605.78,21315983.15,3547622.6300000027,673522.53,24669976.91,2,2,206747.95,156992.97,103373.975,78496.485,1,1,59,0,0,0,1,1,41,33,3.89,159.49,1
Alimentos Gutierrez,39744248641,2024-Q2,78,49774041.63,40885029.58,8889012.050000004,12652723.45,61563958.49,3,2,239914.84,194432.66,79971.61333333333,97216.33,2,0,86,0,0,0,1,0,62,52,3.9,241.8,1
Alimentos Gutierrez,39744248641,2024-Q1,26,42650939.07,30694793.19,11956145.879999999,4098456.17,43092786.24,2,1,163519.26,79052.05,81759.63,79052.05,0,1,0,1,0,1,1,0,25,26,3.74,93.5,0
Servicios Córdoba,17220175676,2024-Q2,175,30015278.45,28218012.33,1797266.120000001,7514733.03,32301796.54,0,0,0.0,0.0,0.0,0.0,0,0,0,2,1,1,0,1,55,26,4.42,243.1,0
Servicios Córdoba,17220175676,2025-Q2,141,10288750.67,9037062.07,1251688.5999999996,3625649.96,12028414.19,2,2,392119.72,310500.66,196059.86,155250.33,2,0,56,2,0,1,1,1,29,36,2.54,73.66,1
Servicios Córdoba,17220175676,2024-Q1,73,26022997.69,24063210.26,1959787.4299999997,2247877.55,25182966.35,3,0,373070.37,0.0,124356.79,0.0,0,0,0,0,0,0,0,1,68,59,4.93,335.24,1
Servicios Córdoba,17220175676,2025-Q4,196,39736239.54,29509168.85,10227070.689999998,10804201.31,42699005.98,3,1,229656.71,146561.88,76552.23666666666,146561.88,0,1,0,0,0,0,1,0,62,42,3.32,205.84,1
Servicios García,34297200775,2024-Q3,33,27287218.64,24736680.64,2550538.0,10492824.92,36794842.11,3,0,323899.02,0.0,107966.34000000001,0.0,0,0,0,0,0,0,0,0,42,55,3.83,160.86,1
Servicios García,34297200775,2024-Q2,176,5430261.7,3053133.06,2377128.64,711828.55,7861022.43,3,0,466573.52,0.0,155524.50666666668,0.0,0,0,0,2,1,1,0,1,70,16,4.21,294.7,1
Servicios García,34297200775,2024-Q4,48,15797970.0,10392804.55,5405165.449999999,4619452.79,13854918.76,0,0,0.0,0.0,0.0,0.0,0,0,0,2,1,1,0,0,70,20,1.36,95.2,1
Servicios Mendoza,20107206903,2024-Q1,109,39541055.86,36056480.08,3484575.780000001,9182025.91,58739408.37,4,0,474477.68,0.0,118619.42,0.0,0,0,0,1,1,1,0,0,86,17,1.09,93.74,1
Servicios Mendoza,20107206903,2024-Q3,58,41178664.32,21460505.45,19718158.87,6989984.27,59206573.06,2,1,387753.49,126127.07,193876.745,126127.07,1,0,78,0,1,1,1,0,43,24,2.31,99.33,0
Servicios Mendoza,20107206903,2025-Q1,39,8371515.3,6308920.08,2062595.2199999997,3097899.84,11259076.32,4,2,257199.1,330878.78,64299.775,165439.39,0,2,0,0,0,0,1,0,57,2,4.71,268.47,0
Distribuidora Rodríguez,80067902951,2024-Q2,129,43265666.41,22408311.01,20857355.399999995,7371885.4,40494035.07,1,0,68801.46,0.0,68801.46,0.0,0,0,0,2,1,1,0,0,34,1,3.12,106.08,1
Distribuidora Rodríguez,80067902951,2025-Q3,13,22374120.78,15123649.55,7250471.23,2520069.8,25824572.66,5,4,361216.88,741650.51,72243.376,185412.6275,1,3,68,1,0,0,1,1,29,56,3.61,104.69,1
Distribuidora Rodríguez,80067902951,2024-Q1,183,30459427.95,23576349.74,6883078.210000001,5303456.05,44604686.91,4,4,623834.21,717636.31,155958.5525,179409.0775,0,4,0,1,0,0,1,1,79,13,1.6,126.4,1
Distribuidora Rodríguez,80067902951,2025-Q4,108,11224552.41,10537345.63,687206.7799999993,487274.32,12141758.84,5,2,717606.36,286352.23,143521.272,143176.115,0,2,0,3,1,1,1,1,52,65,2.55,132.6,1
Grupo Gutierrez,11501663669,2024-Q2,39,40988868.53,35184223.5,5804645.030000001,7551286.02,52324855.59,0,0,0.0,0.0,0.0,0.0,0,0,0,0,0,1,0,0,74,55,4.12,304.88,1
Grupo Gutierrez,11501663669,2025-Q4,144,22369948.78,18608239.6,3761709.1799999997,1903532.15,24430286.44,1,0,50631.51,0.0,50631.51,0.0,0,0,0,0,0,0,0,1,56,17,3.93,220.08,0
Tecnología Vargas,97661055939,2024-Q2,71,34332326.12,26746302.22,7586023.8999999985,10741456.96,46573874.19,2,0,208429.34,0.0,104214.67,0.0,0,0,0,2,1,1,0,1,66,63,3.88,256.08,1
Tecnología Vargas,97661055939,2024-Q3,176,9227732.83,5312546.43,3915186.4000000004,1152871.64,13496607.75,5,4,858015.86,617007.55,171603.172,154251.8875,3,1,77,1,1,1,1,0,39,9,4.78,186.42,1
Tecnología Vargas,97661055939,2025-Q4,147,1056532.21,726033.37,330498.83999999997,217422.5,1238806.66,5,1,584090.23,118838.76,116818.046,118838.76,1,0,45,1,1,1,1,0,85,9,2.95,250.75,1
Consultora Gómez,02822564681,2025-Q1,48,24004411.65,17424598.45,6579813.199999999,7269049.93,33585322.08,1,0,89452.62,0.0,89452.62,0.0,0,0,0,0,1,1,0,0,26,19,3.54,92.04,1
Consultora Gómez,02822564681,2024-Q1,57,44987881.77,27551161.91,17436719.860000003,1792890.4,48040163.7,2,0,246630.51,0.0,123315.255,0.0,0,0,0,0,0,1,0,1,80,18,4.75,380.0,0
Alimentos Paraná,02771298448,2024-Q4,168,28780975.39,17411479.35,11369496.04,12956072.63,39986007.99,2,0,112794.17,0.0,56397.085,0.0,0,0,0,1,1,0,0,1,79,69,2.38,188.02,1
Alimentos Paraná,02771298448,2025-Q3,28,25874618.89,21913979.89,3960639.0,5461577.9,38707784.19,0,0,0.0,0.0,0.0,0.0,0,0,0,0,0,0,0,0,37,2,3.25,120.25,1
Comercial Gutierrez,11888026867,2025-Q1,62,15088359.79,12579965.12,2508394.67,6327130.81,14798828.43,1,0,158673.11,0.0,158673.11,0.0,0,0,0,1,1,0,0,1,77,8,3.44,264.88,1
Comercial Gutierrez,11888026867,2025-Q4,76,4102063.36,3365046.11,737017.25,1272516.22,3319026.05,4,0,385995.59,0.0,96498.8975,0.0,0,0,0,0,1,0,0,0,57,45,4.02,229.14,1
Comercial Gutierrez,11888026867,2025-Q3,86,2029620.1,1248116.16,781503.9400000002,703903.98,2736512.41,3,0,181183.47,0.0,60394.49,0.0,0,0,0,0,1,0,0,1,22,57,1.63,35.86,1
Productora Río Negro,53683804304,2025-Q3,94,25974642.61,13311569.38,12663073.229999999,7212877.65,37161730.78,5,5,497106.86,652865.03,99421.372,130573.00600000001,1,4,77,2,1,1,1,0,71,7,3.13,222.23,1
Productora Río Negro,53683804304,2025-Q2,179,35177326.36,27419258.3,7758068.059999999,7865476.2,50928789.35,1,0,145769.79,0.0,145769.79,0.0,0,0,0,2,0,1,0,1,41,30,3.2,131.2,0
Productora Río Negro,53683804304,2025-Q1,48,45212587.74,25307764.44,19904823.3,2862736.51,37373639.84,4,3,287487.71,334424.95,71871.9275,111474.98333333334,3,0,87,2,1,1,1,1,74,61,4.71,348.54,1
Consultora Paraná,54188237347,2025-Q4,41,29331512.43,20257235.13,9074277.3,11353095.61,28314488.03,5,2,963233.56,349477.84,192646.712,174738.92,0,2,0,2,1,0,1,1,40,60,1.25,50.0,1
Consultora Paraná,54188237347,2025-Q1,188,43489797.69,30023408.34,13466389.349999998,13055106.84,44966989.82,3,0,414453.94,0.0,138151.31333333332,0.0,0,0,0,1,1,0,0,0,41,4,1.58,64.78,1
Consultora Paraná,54188237347,2024-Q4,90,3256733.03,2927597.11,329135.9199999999,783171.58,3681677.95,0,0,0.0,0.0,0.0,0.0,0,0,0,0,1,1,0,0,31,7,4.32,133.92,1
Grupo Santa Fe,57178221858,2025-Q2,37,28747755.07,26749663.39,1998091.6799999997,6521418.62,33046402.35,1,0,109898.62,0.0,109898.62,0.0,0,0,0,0,1,0,0,0,33,13,0.9,29.7,1
Grupo Santa Fe,57178221858,2024-Q4,124,33192964.16,29747680.48,3445283.6799999997,3273612.23,28480538.25,2,2,109378.07,133591.0,54689.035,66795.5,1,1,77,1,0,0,1,1,84,22,2.4,201.6,1
Grupo Santa Fe,57178221858,2024-Q2,125,27337360.81,21125863.95,6211496.859999999,2731529.7,40800113.11,5,4,505626.68,325926.23,101125.336,81481.5575,0,4,0,0,1,0,1,1,77,28,3.39,261.03,0
Consultora Fernández,38272112148,2025-Q4,94,34207517.02,24256084.98,9951432.040000003,4869299.81,36502209.59,3,0,337209.17,0.0,112403.05666666666,0.0,0,0,0,2,1,0,0,1,76,22,2.48,188.48,0
Consultora Fernández,38272112148,2025-Q3,37,34007485.28,19066569.44,14940915.84,11362137.17,43786971.68,4,4,745236.49,297617.63,186309.1225,74404.4075,3,1,79,0,1,1,1,0,62,24,4.34,269.08,1
Consultora Fernández,38272112148,2024-Q2,18,37336914.12,32372299.3,4964614.819999997,15521377.95,36081111.34,4,1,792904.25,99053.22,198226.0625,99053.22,0,1,0,0,1,0,1,0,81,14,3.44,278.64,0
Grupo Paraná,01215096808,2025-Q1,85,35468876.71,22954523.56,12514353.150000002,9222893.19,28851536.95,2,0,337143.65,0.0,168571.825,0.0,0,0,0,0,1,1,0,0,43,18,4.35,187.05,1
Grupo Paraná,01215096808,2025-Q4,77,20687808.52,15790296.32,4897512.199999999,659415.53,29399848.55,4,0,530954.07,0.0,132738.5175,0.0,0,0,0,0,1,0,0,1,38,10,1.61,61.18,1
Grupo Paraná,01215096808,2024-Q1,144,34506374.21,27844996.14,6661378.07,14545035.59,48488216.82,5,3,343851.25,424439.38,68770.25,141479.79333333333,3,0,81,0,1,1,1,1,33,33,1.22,40.26,1
Grupo Paraná,01215096808,2025-Q3,10,46894898.33,33514869.94,13380028.389999997,5169404.91,59108211.5,3,2,272782.99,132125.82,90927.66333333333,66062.91,0,2,0,0,0,0,1,0,22,41,2.39,52.58,1
Comercial López,62123659420,2025-Q4,86,30078168.42,24564206.26,5513962.16,14472872.35,40626087.4,5,2,683105.48,310948.46,136621.096,155474.23,1,1,31,1,1,0,1,0,84,47,0.51,42.84,1
Comercial López,62123659420,2024-Q1,120,48086620.4,36423131.28,11663489.119999997,19562541.64,52114214.76,3,0,411751.57,0.0,137250.52333333335,0.0,0,0,0,1,0,0,0,1,59,4,1.38,81.42,0
Comercial López,62123659420,2025-Q1,191,7506958.82,4973123.33,2533835.49,3018092.81,8302097.47,3,1,167240.64,81876.48,55746.880000000005,81876.48,1,0,90,0,0,0,1,1,72,52,1.98,142.56,1
Comercial López,62123659420,2024-Q2,94,31622546.9,22624218.34,8998328.559999999,12286803.81,38530334.32,4,3,757991.57,392169.48,189497.8925,130723.15999999999,1,2,76,2,1,0,1,1,22,15,0.8,17.6,1
Tecnología La Pampa,17866954500,2024-Q1,104,6105466.78,3700326.02,2405140.7600000002,2398267.37,7613432.98,3,0,354779.6,0.0,118259.86666666665,0.0,0,0,0,0,0,0,0,1,65,32,4.23,274.95,1
Tecnología La Pampa,17866954500,2025-Q2,12,4110871.77,2650516.64,1460355.13,990280.41,5306395.49,2,1,350407.03,100494.82,175203.515,100494.82,0,1,0,1,0,0,1,1,21,8,1.94,40.74,0
Tecnología La Pampa,17866954500,2025-Q1,182,12397304.85,11007957.81,1389347.039999999,1710168.32,15322367.2,5,0,395035.73,0.0,79007.146,0.0,0,0,0,1,0,0,0,1,64,27,1.55,99.2,1
Tecnología La Pampa,17866954500,2024-Q4,22,23075785.67,18780422.82,4295362.8500000015,1139795.99,32022808.14,5,4,403717.89,340496.73,80743.57800000001,85124.1825,0,4,0,3,1,1,1,1,25,32,1.22,30.5,1
Tecnología Río Negro,42703330578,2025-Q2,65,19133486.46,16495747.09,2637739.370000001,9239632.62,22571959.83,2,0,238289.83,0.0,119144.915,0.0,0,0,0,0,0,0,0,1,68,48,1.42,96.56,1
Tecnología Río Negro,42703330578,2024-Q3,44,9967780.97,9383453.96,584327.0099999998,2037057.11,13059217.24,0,0,0.0,0.0,0.0,0.0,0,0,0,1,0,1,0,0,83,5,1.41,117.03,0
Tecnología Río Negro,42703330578,2025-Q4,43,1041581.77,860528.64,181053.13,333559.85,1555590.34,0,0,0.0,0.0,0.0,0.0,0,0,0,1,0,1,0,1,51,51,0.61,31.11,1
Servicios Vargas,55737981832,2024-Q3,17,21212740.7,12941088.25,8271652.449999999,471466.53,17443049.34,1,0,98537.77,0.0,98537.77,0.0,0,0,0,1,0,1,0,0,89,5,3.31,294.59,1
Servicios Vargas,55737981832,2025-Q3,184,43303422.28,37906707.96,5396714.32,6640492.9,62121607.12,3,0,526183.71,0.0,175394.56999999998,0.0,0,0,0,0,0,1,0,1,23,11,1.42,32.66,1
Servicios Vargas,55737981832,2025-Q4,141,44005424.12,35111782.53,8893641.589999996,11941644.74,54179684.95,5,2,881302.1,377469.55,176260.41999999998,188734.775,2,0,86,1,0,1,1,1,53,5,2.76,146.28,1
Servicios Vargas,55737981832,2024-Q2,25,47036625.63,33886988.82,13149636.810000002,10430273.45,59409631.64,2,0,270015.38,0.0,135007.69,0.0,0,0,0,0,0,0,0,1,78,34,4.67,364.26,1
Distribuidora Córdoba,15079696616,2024-Q1,115,20269842.17,11607081.94,8662760.230000002,8268297.29,23211462.77,4,0,265628.39,0.0,66407.0975,0.0,0,0,0,0,0,1,0,0,55,55,4.04,222.2,1
Distribuidora Córdoba,15079696616,2025-Q1,64,29826077.46,22755846.3,7070231.16,6799320.57,44651310.67,3,0,503180.01,0.0,167726.67,0.0,0,0,0,1,0,0,0,1,32,13,4.22,135.04,1
Distribuidora Córdoba,15079696616,2025-Q2,178,15791870.39,9685871.36,6105999.030000001,1568185.97,13009775.32,5,0,702027.99,0.0,140405.598,0.0,0,0,0,0,1,0,0,1,25,41,4.22,105.5,1
Servicios Martínez,16106808335,2025-Q3,13,15845404.57,10052797.25,5792607.32,2118975.3,17957317.52,5,5,307860.61,482163.55,61572.121999999996,96432.70999999999,4,1,33,0,0,0,1,0,21,22,4.89,102.69,1
Servicios Martínez,16106808335,2025-Q1,157,41068575.32,33715185.33,7353389.990000002,3481384.77,53913051.71,2,0,304944.67,0.0,152472.335,0.0,0,0,0,0,0,0,0,0,29,25,3.43,99.47,0
Servicios Martínez,16106808335,2024-Q3,146,35624593.5,27958891.83,7665701.670000002,12261430.62,41491601.3,1,0,133554.53,0.0,133554.53,0.0,0,0,0,0,1,0,0,0,27,1,1.23,33.21,0
Tecnología Neuquén,38973735034,2024-Q4,127,14903014.86,14126487.33,776527.5299999993,7171789.12,20797010.34,0,0,0.0,0.0,0.0,0.0,0,0,0,1,1,1,0,0,83,45,3.71,307.93,1
Tecnología Neuquén,38973735034,2024-Q2,170,41527745.59,22322167.43,19205578.160000004,3520442.28,54476682.13,3,2,430364.61,159150.29,143454.87,79575.145,0,2,0,1,1,0,1,0,83,16,3.01,249.83,1
Consultora Vargas,75192833798,2024-Q2,191,34219715.74,20727757.14,13491958.600000001,10043209.3,41620711.65,2,0,243920.49,0.0,121960.245,0.0,0,0,0,1,0,1,0,0,38,45,3.88,147.44,1
Consultora Vargas,75192833798,2024-Q4,146,16644432.8,10603715.63,6040717.17,1316248.93,16315862.25,3,1,303337.56,142205.22,101112.52,142205.22,0,1,0,0,0,1,1,0,80,32,3.58,286.4,1
Consultora Gutierrez,80895382341,2024-Q4,147,5105619.2,4792821.91,312797.29000000004,1418810.51,4970290.06,0,0,0.0,0.0,0.0,0.0,0,0,0,3,1,1,0,1,25,43,2.89,72.25,1
Consultora Gutierrez,80895382341,2025-Q2,73,16999145.8,10914248.58,6084897.220000001,6120485.75,14675915.92,5,2,511276.69,334385.33,102255.338,167192.665,2,0,40,0,1,0,1,0,35,12,4.71,164.85,0
Consultora Gutierrez,80895382341,2024-Q3,150,4079351.88,2849071.13,1230280.75,1184668.45,4562943.21,0,0,0.0,0.0,0.0,0.0,0,0,0,2,1,1,0,0,37,34,1.84,68.08,1
Consultora Gutierrez,80895382341,2025-Q1,137,3073518.66,2718879.64,354639.02,1422683.02,3858317.02,3,0,473198.15,0.0,157732.71666666667,0.0,0,0,0,1,1,1,0,1,80,20,4.53,362.4,0
Tecnología García,36163650451,2024-Q2,167,31330922.21,18270480.47,13060441.740000002,6425477.75,35624590.6,1,0,153486.09,0.0,153486.09,0.0,0,0,0,1,0,1,0,0,32,23,1.56,49.92,0
Tecnología García,36163650451,2025-Q4,200,25645949.15,24338670.74,1307278.4100000001,9960518.54,33096256.35,0,0,0.0,0.0,0.0,0.0,0,0,0,1,1,0,0,0,50,54,1.45,72.5,1
Tecnología García,36163650451,2024-Q4,119,14487433.26,8505244.16,5982189.1,799391.53,19303702.19,3,2,275460.7,274773.13,91820.23333333334,137386.565,0,2,0,3,1,1,1,1,20,28,1.02,20.4,1
Tecnología García,36163650451,2025-Q3,95,11460554.92,6766808.55,4693746.37,1739498.87,14826188.33,2,2,170901.9,169888.86,85450.95,84944.43,1,1,53,1,1,0,1,0,58,64,1.42,82.36,1
Servicios La Pampa,87773782059,2024-Q4,64,18702019.52,9474540.89,9227478.629999999,9038803.0,21499494.29,2,2,214157.71,195153.03,107078.855,97576.515,2,0,52,2,1,1,1,0,67,3,0.86,57.62,0
Servicios La Pampa,87773782059,2024-Q3,76,47681190.61,38430930.44,9250260.170000002,12298088.41,47157372.33,2,0,290871.27,0.0,145435.635,0.0,0,0,0,0,1,0,0,0,70,64,3.56,249.2,1
Servicios La Pampa,87773782059,2025-Q4,7,31742290.65,16382116.86,15360173.79,10623291.04,37586682.41,3,0,233749.04,0.0,77916.34666666666,0.0,0,0,0,1,1,0,0,0,64,10,4.65,297.6,0
Servicios La Pampa,87773782059,2024-Q2,152,5238039.98,4038171.95,1199868.0300000003,135473.62,4441804.05,1,0,88173.83,0.0,88173.83,0.0,0,0,0,2,1,1,0,0,80,54,1.72,137.6,1
Grupo Gómez,54583668821,2025-Q1,35,28949426.53,19392848.78,9556577.75,13849829.38,33163977.77,4,3,341703.44,409658.45,85425.86,136552.81666666668,1,2,46,0,0,1,1,1,51,22,2.58,131.58,1
Grupo Gómez,54583668821,2024-Q4,53,34700169.75,20889617.89,13810551.86,10648600.62,45298728.88,4,4,479468.04,700892.53,119867.01,175223.1325,4,0,58,1,0,0,1,1,56,36,2.27,127.12,1
Grupo Gómez,54583668821,2024-Q3,27,9946114.54,6842051.22,3104063.3199999994,2809315.13,10260483.04,1,0,109754.65,0.0,109754.65,0.0,0,0,0,1,1,1,0,1,44,55,0.87,38.28,1
Grupo Gómez,54583668821,2024-Q1,67,22783106.16,14355819.1,8427287.06,2106729.01,30287566.58,4,2,241658.27,193838.47,60414.5675,96919.235,1,1,32,1,1,1,1,0,23,11,2.28,52.44,1
Productora Rodríguez,36480277749,2024-Q4,20,46344825.22,25537410.79,20807414.43,3288610.17,42674729.2,5,4,806592.19,723280.07,161318.438,180820.0175,2,2,54,1,1,0,1,0,31,42,3.57,110.67,1
Productora Rodríguez,36480277749,2024-Q2,23,19692998.6,18646686.26,1046312.3399999999,4108348.57,18159387.94,2,0,346286.62,0.0,173143.31,0.0,0,0,0,0,1,1,0,0,22,55,4.31,94.82,1
Productora Rodríguez,36480277749,2025-Q3,197,15974854.55,13994682.39,1980172.1600000001,5988169.62,23652869.76,4,0,512792.49,0.0,128198.1225,0.0,0,0,0,2,1,0,0,1,37,12,4.65,172.05,1
Industrias Gutierrez,84761213528,2024-Q4,127,16840471.54,13344457.87,3496013.67,6397130.16,17155642.54,2,2,136483.89,283727.35,68241.945,141863.675,0,2,0,1,1,0,1,0,26,64,3.1,80.6,1
Industrias Gutierrez,84761213528,2025-Q2,75,10135661.89,9011873.65,1123788.2400000002,4179425.88,9893860.45,4,0,675801.34,0.0,168950.335,0.0,0,0,0,1,0,0,0,1,33,65,1.84,60.72,1
Alimentos López,12187903068,2025-Q4,114,20367617.34,19224386.43,1143230.9100000001,6876263.73,30469843.71,5,3,595162.83,316815.58,119032.56599999999,105605.19333333334,3,0,79,1,0,1,1,1,47,64,1.76,82.72,1
Alimentos López,12187903068,2024-Q1,105,3846497.02,3204106.2,642390.8199999998,951823.09,3562096.55,0,0,0.0,0.0,0.0,0.0,0,0,0,0,0,0,0,0,47,36,2.25,105.75,1
Consultora Vargas,51223831811,2024-Q4,93,21518949.65,15606176.65,5912772.999999998,10152283.72,32010176.57,2,0,154587.25,0.0,77293.625,0.0,0,0,0,0,0,1,0,0,36,38,0.69,24.84,1
Consultora Vargas,51223831811,2025-Q3,195,41992308.9,37085829.3,4906479.6000000015,6304505.01,36115740.36,0,0,0.0,0.0,0.0,0.0,0,0,0,0,1,1,0,1,32,20,3.72,119.04,1
Consultora Vargas,51223831811,2025-Q1,80,35730317.83,29922794.37,5807523.459999997,5719758.56,28937488.76,4,4,382230.76,440236.59,95557.69,110059.1475,4,0,37,0,0,0,1,0,29,15,2.27,65.83,1
Productora Sánchez,20730866701,2024-Q2,18,44269372.27,33144515.91,11124856.360000003,1037019.3,66203693.14,0,0,0.0,0.0,0.0,0.0,0,0,0,1,0,0,0,1,57,25,4.93,281.01,1
Productora Sánchez,20730866701,2024-Q3,50,36674552.36,25401190.41,11273361.95,3445426.46,51703942.5,0,0,0.0,0.0,0.0,0.0,0,0,0,1,0,0,0,1,61,45,2.23,136.03,1
Productora Sánchez,20730866701,2024-Q4,127,42439736.59,23127360.92,19312375.67,3596112.85,52431214.45,0,0,0.0,0.0,0.0,0.0,0,0,0,0,0,0,0,0,79,20,3.41,269.39,0
Productora Sánchez,20730866701,2025-Q4,80,2037844.76,1551425.59,486419.1699999999,689963.82,2605872.59,3,0,428470.36,0.0,142823.45333333334,0.0,0,0,0,1,0,1,0,1,61,53,1.61,98.21,1
Comercial Fernández,33584909054,2025-Q4,66,48879471.1,40495146.07,8384325.030000001,23892848.36,46554162.73,4,2,640419.4,215217.48,160104.85,107608.74,0,2,0,1,0,0,1,1,83,28,1.01,83.83,0
Comercial Fernández,33584909054,2024-Q1,130,33964084.48,26242491.92,7721592.559999995,14182500.9,29102488.5,3,0,534844.45,0.0,178281.4833333333,0.0,0,0,0,0,0,0,0,0,76,20,0.77,58.52,1
Servicios García,61794546425,2025-Q1,60,15530826.88,7967577.81,7563249.070000001,7647535.85,20882370.75,3,3,458489.03,490750.47,152829.67666666667,163583.49,2,1,49,1,1,1,1,0,36,7,2.99,107.64,0
Servicios García,61794546425,2025-Q4,50,44133113.09,39171288.22,4961824.870000005,14315044.9,63308993.12,3,2,512158.74,161167.22,170719.58,80583.61,0,2,0,1,0,0,1,1,82,56,0.55,45.1,1
Servicios García,61794546425,2025-Q3,199,15785541.62,9249856.4,6535685.219999999,5135870.7,20090306.35,5,1,272985.99,60597.42,54597.198,60597.42,0,1,0,0,0,0,1,1,23,14,1.23,28.29,1
Distribuidora Paraná,67824798644,2025-Q3,63,46113395.66,42666971.82,3446423.839999996,20466217.01,38578845.04,1,0,138521.54,0.0,138521.54,0.0,0,0,0,2,1,1,0,1,30,66,3.27,98.1,1
Distribuidora Paraná,67824798644,2024-Q2,84,17634807.09,13246452.71,4388354.379999999,2102187.46,19322012.09,2,1,235794.73,72212.79,117897.365,72212.79,0,1,0,0,0,1,1,0,34,6,2.05,69.7,0
Distribuidora Paraná,67824798644,2025-Q1,60,39259401.42,19825539.26,19433862.16,8274899.27,56701702.12,3,2,418195.8,304592.28,139398.6,152296.14,2,0,86,0,0,1,1,0,78,44,3.56,277.68,1
Distribuidora Paraná,67824798644,2024-Q4,165,48852073.04,42419794.65,6432278.390000001,22767325.82,47884130.68,3,1,531687.99,168504.88,177229.33,168504.88,0,1,0,0,1,0,1,1,46,20,2.05,94.3,1
Cooperativa Gutierrez,43491831815,2025-Q4,105,34668950.06,28298519.29,6370430.770000003,10532607.12,37398093.56,4,1,715391.38,197819.57,178847.845,197819.57,0,1,0,0,1,0,1,1,49,25,1.35,66.15,1
Cooperativa Gutierrez,43491831815,2025-Q2,137,36822249.26,33816723.25,3005526.009999998,2387063.12,41899925.37,1,0,88260.84,0.0,88260.84,0.0,0,0,0,1,1,1,0,1,30,52,2.59,77.7,1
Cooperativa Gutierrez,43491831815,2024-Q1,28,19437991.26,10710762.16,8727229.100000001,2635128.23,26851446.49,2,1,301097.26,174633.67,150548.63,174633.67,1,0,37,1,1,0,1,1,34,68,3.25,110.5,1
Cooperativa Gutierrez,43491831815,2024-Q4,38,21426233.49,10860977.24,10565256.249999998,4686171.36,22345485.82,5,2,597277.07,227018.88,119455.41399999999,113509.44,0,2,0,2,1,1,1,1,59,46,1.27,74.93,1
Alimentos Mendoza,15421219401,2025-Q2,160,46041292.25,25734280.29,20307011.96,12997255.05,47828736.74,1,0,191435.66,0.0,191435.66,0.0,0,0,0,0,0,1,0,1,55,1,1.64,90.2,1
Alimentos Mendoza,15421219401,2025-Q4,9,16462133.5,12817461.11,3644672.3900000006,895540.67,17142872.09,3,1,248764.48,181360.11,82921.49333333333,181360.11,1,0,51,2,0,1,1,1,29,55,1.22,35.38,1
Alimentos Mendoza,15421219401,2024-Q3,94,4720433.41,3878616.52,841816.8900000001,1697081.72,4440107.51,5,1,536246.3,99690.78,107249.26000000001,99690.78,1,0,80,2,1,0,1,1,46,54,3.7,170.2,1
Alimentos Mendoza,15421219401,2024-Q4,123,41735374.21,24087729.3,17647644.91,5216413.93,37508240.19,1,1,75804.13,170379.74,75804.13,170379.74,0,1,0,0,1,1,1,1,51,26,1.74,88.74,0
Distribuidora Santa Fe,03192218083,2024-Q2,110,7084357.38,5051998.58,2032358.7999999998,2186771.71,9920893.1,0,0,0.0,0.0,0.0,0.0,0,0,0,0,0,0,0,0,53,45,1.26,66.78,1
Distribuidora Santa Fe,03192218083,2025-Q3,35,33306800.91,26193880.27,7112920.640000001,8284049.35,43804749.4,2,0,397297.32,0.0,198648.66,0.0,0,0,0,1,1,0,0,0,49,10,3.85,188.65,1
Distribuidora Santa Fe,03192218083,2025-Q2,124,2027518.03,1306353.65,721164.3800000001,29255.84,1804938.75,4,3,590582.62,459491.78,147645.655,153163.92666666667,3,0,56,0,0,0,1,0,25,62,2.42,60.5,1
Productora Río Negro,87960065219,2025-Q3,133,13801683.79,10291291.73,3510392.0599999987,3458349.78,13926057.19,1,0,71421.71,0.0,71421.71,0.0,0,0,0,1,1,0,0,0,51,2,2.82,143.82,1
Productora Río Negro,87960065219,2024-Q3,190,29962118.95,18496042.31,11466076.64,9430879.79,25596279.52,2,2,110616.26,332507.16,55308.13,166253.58,2,0,44,0,0,0,1,0,81,6,2.83,229.23,0
Productora Río Negro,87960065219,2025-Q1,76,19531808.75,18412890.72,1118918.0300000012,1390544.48,20568903.53,5,2,912337.93,383890.91,182467.586,191945.455,2,0,73,1,1,0,1,0,51,38,3.4,173.4,1
Productora Río Negro,87960065219,2024-Q1,19,10360005.5,7935722.03,2424283.4699999997,1464333.35,12823750.57,3,0,596654.54,0.0,198884.84666666668,0.0,0,0,0,2,1,0,0,1,53,64,3.5,185.5,1
Comercial Neuquén,42700607093,2025-Q3,172,14163911.51,12888468.74,1275442.7699999996,6349325.64,11371493.76,5,5,262883.37,451529.34,52576.674,90305.868,0,5,0,1,0,0,1,1,40,31,4.91,196.4,1
Comercial Neuquén,42700607093,2024-Q1,75,31490221.17,26569614.23,4920606.940000001,7676880.78,45502150.11,1,0,65983.79,0.0,65983.79,0.0,0,0,0,0,1,1,0,1,79,46,2.34,184.86,1
Comercial Neuquén,42700607093,2024-Q4,32,11185337.92,10586685.6,598652.3200000003,4292643.2,10817058.24,3,2,237523.56,343840.75,79174.52,171920.375,1,1,58,3,1,1,1,1,72,57,0.54,38.88,1
Comercial Neuquén,42700607093,2025-Q2,38,25051639.17,16673817.23,8377821.940000001,9997232.11,22262376.06,5,5,738049.32,908853.55,147609.864,181770.71000000002,4,1,70,0,0,1,1,0,34,47,1.32,44.88,1
Consultora Córdoba,34231075194,2025-Q4,33,36398206.02,29268099.11,7130106.910000004,10071234.23,49745677.07,5,0,320402.7,0.0,64080.54,0.0,0,0,0,2,1,1,0,0,22,8,0.8,17.6,0
Consultora Córdoba,34231075194,2024-Q3,185,39318902.83,27315814.96,12003087.869999997,7767026.41,44380472.34,0,0,0.0,0.0,0.0,0.0,0,0,0,1,0,1,0,1,25,60,1.71,42.75,1
Consultora Córdoba,34231075194,2024-Q4,142,24807763.75,17301274.56,7506489.190000001,5521634.1,21160624.79,1,0,103322.46,0.0,103322.46,0.0,0,0,0,1,1,0,0,0,59,62,3.26,192.34,1
Consultora Córdoba,34231075194,2024-Q1,190,30447484.84,26768190.38,3679294.460000001,7648015.78,35699672.96,3,0,568169.15,0.0,189389.71666666667,0.0,0,0,0,0,1,0,0,0,83,49,1.06,87.98,1
Productora Pérez,47487359795,2025-Q2,195,28790231.66,23032539.44,5757692.219999999,12643560.47,32615884.78,1,0,168606.83,0.0,168606.83,0.0,0,0,0,0,0,1,0,1,44,51,3.98,175.12,1
Productora Pérez,47487359795,2024-Q2,60,5068102.36,3901256.84,1166845.5200000005,905744.07,5794102.03,5,1,661793.64,158624.88,132358.728,158624.88,1,0,34,0,0,0,1,0,85,0,1.45,123.25,1
Productora Pérez,47487359795,2024-Q4,134,30490751.06,24525939.17,5964811.889999997,5003634.3,42567841.45,0,0,0.0,0.0,0.0,0.0,0,0,0,0,0,0,0,0,22,56,0.58,12.76,1
Productora Pérez,47487359795,2025-Q3,53,39718525.3,27265358.9,12453166.399999999,6615255.52,34897018.34,1,0,118757.39,0.0,118757.39,0.0,0,0,0,0,0,0,0,1,36,16,4.75,171.0,1
Distribuidora Rosario,48841918587,2025-Q2,73,32695477.78,26135607.15,6559870.630000003,11135114.12,31634158.54,3,0,213976.47,0.0,71325.49,0.0,0,0,0,2,0,1,0,1,25,45,4.88,122.0,1
Distribuidora Rosario,48841918587,2024-Q1,35,29659494.61,24871945.3,4787549.309999999,14817356.1,43532203.68,3,0,302452.07,0.0,100817.35666666667,0.0,0,0,0,1,0,0,0,1,41,62,4.72,193.52,1
Distribuidora Rosario,48841918587,2024-Q3,80,40158145.54,35861208.01,4296937.530000001,3602405.71,57769022.85,4,1,799270.24,55580.03,199817.56,55580.03,1,0,50,1,1,1,1,0,69,39,1.75,120.75,1
Productora Salta,62266644561,2024-Q3,83,7768568.65,6597159.51,1171409.1400000006,575119.77,8165927.24,2,0,150589.09,0.0,75294.545,0.0,0,0,0,0,0,0,0,1,37,36,4.56,168.72,1
Productora Salta,62266644561,2025-Q4,93,40071625.69,31419767.97,8651857.719999999,1635944.43,49448725.99,3,1,339217.3,150288.25,113072.43333333333,150288.25,1,0,44,0,0,1,1,1,67,53,4.91,328.97,1
Distribuidora Checo,66290807094,2025-Q2,171,36135206.76,27032571.88,9102634.879999999,6118636.07,37380262.71,1,1,91670.24,61366.26,91670.24,61366.26,0,1,0,0,0,1,1,0,24,62,2.41,57.84,1
Distribuidora Checo,66290807094,2025-Q3,61,7182564.18,6172252.51,1010311.6699999999,2191080.71,10264127.26,5,1,438997.24,166458.67,87799.448,166458.67,1,0,84,0,0,1,1,0,23,61,3.29,75.67,1
Distribuidora Checo,66290807094,2024-Q3,135,14433037.21,8281507.66,6151529.550000001,1872568.16,12685824.11,5,3,967535.13,228889.92,193507.026,76296.64,0,3,0,0,0,1,1,0,81,15,3.67,297.27,1
Productora Rosario,65325048585,2025-Q1,190,37835301.24,35261284.69,2574016.5500000045,4543371.29,45576602.33,5,2,714826.31,372724.99,142965.26200000002,186362.495,0,2,0,1,0,1,1,1,31,33,2.18,67.58,1
Productora Rosario,65325048585,2024-Q3,46,35100645.12,26995878.05,8104767.069999997,16306932.77,48463327.73,2,0,366667.07,0.0,183333.535,0.0,0,0,0,1,0,0,0,1,52,45,2.15,111.8,1
Productora Rosario,65325048585,2025-Q4,103,20958121.97,18892739.74,2065382.2300000004,9885400.71,27461215.4,0,0,0.0,0.0,0.0,0.0,0,0,0,3,1,1,0,1,50,45,4.26,213.0,1
Productora Rosario,65325048585,2024-Q1,104,21644030.35,13448222.69,8195807.660000002,6897691.89,27521755.25,0,0,0.0,0.0,0.0,0.0,0,0,0,1,1,0,0,0,75,27,2.39,179.25,1
Tecnología López,26320692631,2024-Q3,90,20146723.58,15072739.85,5073983.729999999,4822930.64,25126728.84,2,0,193246.6,0.0,96623.3,0.0,0,0,0,1,0,0,0,1,88,61,2.24,197.12,1
Tecnología López,26320692631,2024-Q2,145,28042083.32,17538351.03,10503732.29,7620571.79,25744124.28,4,2,368025.41,258496.8,92006.3525,129248.4,0,2,0,0,0,1,1,0,87,50,1.61,140.07,1
Tecnología López,26320692631,2025-Q4,54,34494355.52,18312168.43,16182187.090000004,7135970.29,36589858.47,2,0,319427.75,0.0,159713.875,0.0,0,0,0,0,0,0,0,0,55,55,4.78,262.9,1
Tecnología López,26320692631,2024-Q4,56,28562769.38,19436956.38,9125813.0,1784698.38,30090622.2,0,0,0.0,0.0,0.0,0.0,0,0,0,0,0,0,0,0,45,0,3.05,137.25,0
Productora Checo,48846233241,2024-Q1,191,25095786.95,15182239.31,9913547.639999999,9427661.68,35692533.13,4,0,747480.75,0.0,186870.1875,0.0,0,0,0,0,0,0,0,0,83,66,1.32,109.56,1
Productora Checo,48846233241,2025-Q1,11,33227737.76,19522796.39,13704941.370000001,6439812.98,34319838.01,5,0,361341.84,0.0,72268.368,0.0,0,0,0,1,1,0,0,0,81,40,1.63,132.03,1
Cooperativa Buenos Aires,90600901703,2025-Q2,95,17110394.06,12409510.67,4700883.389999999,3585897.93,17069175.23,3,1,430924.15,150695.57,143641.38333333333,150695.57,0,1,0,0,0,1,1,1,27,24,1.75,47.25,1
Cooperativa Buenos Aires,90600901703,2024-Q4,187,9367492.41,4862884.95,4504607.46,2322140.66,11840585.15,3,0,378879.12,0.0,126293.04,0.0,0,0,0,2,1,1,0,1,47,45,2.49,117.03,1
Industrias Checo,30563935845,2025-Q2,92,1765446.53,1217500.77,547945.76,653418.38,1809887.49,2,1,143897.37,110384.97,71948.685,110384.97,0,1,0,0,0,0,1,0,26,1,3.71,96.46,1
Industrias Checo,30563935845,2025-Q1,86,42257717.62,28583185.64,13674531.979999997,8826189.52,35840708.27,1,0,89001.43,0.0,89001.43,0.0,0,0,0,1,0,0,0,1,26,54,2.67,69.42,1
Industrias Checo,30563935845,2024-Q1,168,23316187.98,12327163.77,10989024.21,9877904.11,23856483.88,1,0,128051.9,0.0,128051.9,0.0,0,0,0,0,1,0,0,1,20,20,4.03,80.6,0
Productora Paraná,24199440879,2024-Q3,85,11535370.94,6421726.15,5113644.789999999,1378431.19,15407402.15,2,0,394887.73,0.0,197443.865,0.0,0,0,0,0,0,0,0,0,27,27,2.88,77.76,0
Productora Paraná,24199440879,2024-Q4,100,45248339.0,25986600.32,19261738.68,167341.87,53355217.03,3,2,430992.91,329128.22,143664.30333333332,164564.11,0,2,0,0,0,1,1,0,49,52,1.27,62.23,1
Productora Paraná,24199440879,2025-Q3,86,23429023.06,18657567.09,4771455.969999999,3211154.82,26335737.65,3,0,481796.95,0.0,160598.98333333334,0.0,0,0,0,0,0,1,0,0,29,40,3.25,94.25,1
Consultora Neuquén,22481493924,2025-Q2,16,20001468.68,11236651.01,8764817.67,9761198.99,24120428.35,4,1,586361.05,102005.95,146590.2625,102005.95,0,1,0,0,1,0,1,0,40,64,3.23,129.2,1
Consultora Neuquén,22481493924,2025-Q1,10,29292061.55,15822544.01,13469517.540000001,4392754.73,30586371.04,2,0,207239.55,0.0,103619.775,0.0,0,0,0,1,0,0,0,1,68,29,1.51,102.68,1
Consultora Neuquén,22481493924,2024-Q2,22,18303598.38,15125174.16,3178424.219999999,2571459.72,19822401.62,1,0,106750.36,0.0,106750.36,0.0,0,0,0,2,1,1,0,1,54,11,2.36,127.44,1
Consultora Neuquén,22481493924,2025-Q4,148,2214748.85,1814184.4,400564.4500000002,972714.88,2761619.75,0,0,0.0,0.0,0.0,0.0,0,0,0,1,1,0,0,1,82,66,3.91,320.62,1
Consultora Salta,84166756906,2025-Q2,8,9533700.67,8205330.97,1328369.7000000002,2876358.14,12823271.73,2,2,120529.23,296649.61,60264.615,148324.805,0,2,0,0,1,0,1,0,41,22,3.43,140.63,1
Consultora Salta,84166756906,2025-Q1,156,9855397.12,6170414.22,3684982.8999999994,2657056.49,9856796.89,0,0,0.0,0.0,0.0,0.0,0,0,0,2,0,1,0,1,81,54,4.07,329.67,1
Consultora Salta,84166756906,2024-Q2,152,39930001.96,34948964.25,4981037.710000001,12363276.59,58931744.36,1,0,69290.04,0.0,69290.04,0.0,0,0,0,0,1,0,0,0,72,47,3.16,227.52,1
Consultora Salta,84166756906,2024-Q3,180,27432064.18,21249606.73,6182457.449999999,12328165.2,32262649.76,5,4,648563.99,643629.61,129712.798,160907.4025,4,0,83,1,1,0,1,1,36,14,1.87,67.32,1
Distribuidora Martínez,32369630366,2024-Q4,96,49314439.23,43622304.57,5692134.659999996,9834413.08,51439645.01,3,1,201821.4,131630.32,67273.8,131630.32,1,0,72,0,1,1,1,1,24,53,1.41,33.84,1
Distribuidora Martínez,32369630366,2024-Q3,105,46374051.21,41258219.04,5115832.170000002,22594725.9,65111324.33,3,0,438753.99,0.0,146251.33,0.0,0,0,0,1,1,1,0,0,33,25,0.79,26.07,0
Distribuidora Martínez,32369630366,2025-Q4,72,11340069.11,8402352.36,2937716.75,73851.73,9181757.04,1,0,126156.63,0.0,126156.63,0.0,0,0,0,0,0,1,0,0,62,19,0.68,42.16,1
Productora Gómez,88971154773,2024-Q2,80,10962983.18,5493506.45,5469476.7299999995,4145371.6,10450181.76,5,4,645812.58,275307.41,129162.51599999999,68826.8525,1,3,53,0,0,0,1,0,27,42,0.61,16.47,1
Productora Gómez,88971154773,2025-Q1,59,14316088.09,8899306.96,5416781.129999999,3177722.67,18411363.19,1,1,57448.69,90570.46,57448.69,90570.46,0,1,0,1,0,0,1,1,61,37,3.24,197.64,1
Alimentos Paraná,44522649813,2024-Q4,79,17336418.96,15723546.88,1612872.08,4496248.62,15960657.08,5,3,830622.2,478706.81,166124.44,159568.93666666668,0,3,0,0,0,1,1,1,23,55,1.14,26.22,1
Alimentos Paraná,44522649813,2024-Q2,138,37804793.84,30879380.67,6925413.170000002,17771145.51,53228467.25,0,0,0.0,0.0,0.0,0.0,0,0,0,1,0,0,0,1,20,63,3.99,79.8,1
Alimentos Paraná,44522649813,2024-Q1,129,2390002.58,2005114.42,384888.16000000015,1177613.0,2841319.25,0,0,0.0,0.0,0.0,0.0,0,0,0,0,0,1,0,1,25,20,1.26,31.5,1
Comercial Río Negro,67531316275,2024-Q4,67,39874718.23,28936894.17,10937824.059999995,6148650.3,54759592.92,2,0,179362.49,0.0,89681.245,0.0,0,0,0,0,0,0,0,1,69,18,1.06,73.14,1
Comercial Río Negro,67531316275,2024-Q2,152,8106229.36,7455108.26,651121.1000000006,879134.48,12022901.04,0,0,0.0,0.0,0.0,0.0,0,0,0,0,0,1,0,0,63,53,3.87,243.81,1
Comercial Río Negro,67531316275,2025-Q1,139,19672901.32,11771439.33,7901461.99,1032385.93,17032420.65,5,3,666802.24,585839.83,133360.448,195279.94333333333,2,1,73,1,0,1,1,0,72,55,4.23,304.56,1
Comercial Río Negro,67531316275,2024-Q3,138,12579237.27,10395622.13,2183615.1399999987,3927420.38,14029932.27,0,0,0.0,0.0,0.0,0.0,0,0,0,2,0,1,0,1,60,16,3.94,236.4,1
Distribuidora Buenos Aires,28593203336,2025-Q1,198,3973032.24,3047634.07,925398.1700000004,1174601.92,3239206.63,5,4,287100.45,324544.7,57420.090000000004,81136.175,0,4,0,2,1,0,1,1,76,54,4.22,320.72,1
Distribuidora Buenos Aires,28593203336,2024-Q3,56,5330633.4,4867751.12,462882.28000000026,2640189.1,5080470.67,2,0,149565.37,0.0,74782.685,0.0,0,0,0,1,0,1,0,1,80,8,4.11,328.8,0
Distribuidora Buenos Aires,28593203336,2025-Q2,149,39442809.03,23911294.63,15531514.400000002,14776868.97,48962487.22,1,1,126225.66,146971.03,126225.66,146971.03,0,1,0,1,1,0,1,1,51,18,4.09,208.59,1
Grupo Mendoza,08526203384,2025-Q4,147,44490754.78,33681617.46,10809137.32,18781179.56,39457779.93,0,0,0.0,0.0,0.0,0.0,0,0,0,1,1,1,0,0,62,68,3.25,201.5,1
Grupo Mendoza,08526203384,2025-Q2,54,10838725.29,6001965.29,4836759.999999999,2213613.76,11440583.21,2,0,288860.19,0.0,144430.095,0.0,0,0,0,0,1,0,0,0,69,23,2.84,195.96,1
Grupo Mendoza,08526203384,2025-Q1,167,5489926.2,3539834.68,1950091.52,525629.43,6455420.23,2,0,184057.74,0.0,92028.87,0.0,0,0,0,1,1,1,0,1,55,26,0.83,45.65,1
Alimentos Rodríguez,06937328549,2025-Q2,100,17018779.9,15681131.67,1337648.2299999986,905787.8,16566599.41,4,4,562261.11,392257.05,140565.2775,98064.2625,3,1,33,1,1,0,1,0,38,70,2.57,97.66,1
Alimentos Rodríguez,06937328549,2024-Q4,151,42975559.81,37358593.14,5616966.670000002,5450882.71,62504809.04,0,0,0.0,0.0,0.0,0.0,0,0,0,1,0,0,0,1,40,15,4.68,187.2,0
Alimentos Rodríguez,06937328549,2024-Q2,87,22365695.06,20335364.92,2030330.1399999969,2574882.92,29220529.09,3,1,332979.92,74424.22,110993.30666666666,74424.22,1,0,65,2,1,1,1,0,65,69,4.4,286.0,1
Distribuidora Santa Fe,14507421748,2024-Q4,37,11352793.64,6706731.78,4646061.86,970879.65,11271516.81,1,0,143402.3,0.0,143402.3,0.0,0,0,0,0,1,0,0,0,80,4,4.73,378.4,1
Distribuidora Santa Fe,14507421748,2024-Q1,192,36729588.14,27631702.67,9097885.469999999,13417300.43,48767848.88,1,0,86985.7,0.0,86985.7,0.0,0,0,0,0,1,1,0,0,74,25,4.12,304.88,1
Distribuidora Santa Fe,14507421748,2025-Q2,75,33451379.92,26129183.11,7322196.810000002,15388382.56,30007476.6,5,2,691735.26,360036.24,138347.052,180018.12,1,1,53,0,1,1,1,0,82,11,2.77,227.14,1
Productora Salta,46186048916,2024-Q4,120,30011014.32,16609458.47,13401555.85,2789735.88,34788208.01,5,4,484776.95,337987.89,96955.39,84496.9725,2,2,46,2,1,1,1,0,26,49,1.99,51.74,1
Productora Salta,46186048916,2025-Q2,27,21536659.61,13065225.23,8471434.379999999,2335284.37,21700100.97,4,4,725281.23,375011.46,181320.3075,93752.865,3,1,30,1,0,1,1,0,87,66,4.51,392.37,1
Productora Salta,46186048916,2024-Q3,182,42819859.82,36292563.67,6527296.1499999985,21296561.92,39239191.82,1,0,61921.04,0.0,61921.04,0.0,0,0,0,1,1,0,0,0,71,13,2.27,161.17,1
Productora Salta,46186048916,2025-Q3,158,40044963.06,33444610.42,6600352.640000001,9718977.82,34825241.21,2,0,314855.41,0.0,157427.705,0.0,0,0,0,0,0,1,0,0,71,42,2.51,178.21,1
Industrias Córdoba,32734146970,2024-Q1,73,45925484.75,38079765.53,7845719.219999999,18139542.12,61940738.46,2,0,199927.24,0.0,99963.62,0.0,0,0,0,0,0,1,0,1,37,35,1.66,61.42,1
Industrias Córdoba,32734146970,2025-Q1,142,26483555.84,23328508.86,3155046.9800000004,3327043.71,39537297.1,0,0,0.0,0.0,0.0,0.0,0,0,0,1,0,1,0,1,82,45,1.55,127.1,1
Industrias Córdoba,32734146970,2024-Q3,158,22461833.8,17325666.38,5136167.420000002,8784513.26,25406385.5,0,0,0.0,0.0,0.0,0.0,0,0,0,1,1,0,0,0,36,13,3.81,137.16,1
Industrias La Pampa,65959994942,2025-Q1,175,32648865.47,30926070.15,1722795.3200000003,13005581.3,31747462.08,2,0,257457.06,0.0,128728.53,0.0,0,0,0,0,0,1,0,0,36,57,4.33,155.88,1
Industrias La Pampa,65959994942,2024-Q4,139,3704454.1,3414660.86,289793.2400000002,1021550.75,3103610.06,2,0,275687.6,0.0,137843.8,0.0,0,0,0,0,0,0,0,0,65,69,1.71,111.15,1
Productora Buenos Aires,09642882968,2024-Q3,46,9063399.19,8120239.95,943159.2399999993,4403667.62,7737322.06,0,0,0.0,0.0,0.0,0.0,0,0,0,0,0,1,0,1,31,46,2.2,68.2,1
Productora Buenos Aires,09642882968,2024-Q1,166,14991711.95,13995461.23,996250.7199999988,7328559.19,15581093.51,4,1,206941.46,123904.04,51735.365,123904.04,0,1,0,0,1,1,1,1,20,18,4.45,89.0,1
Productora Buenos Aires,09642882968,2024-Q4,137,10416136.8,8884590.38,1531546.42,4796281.42,13414819.82,2,0,232268.35,0.0,116134.175,0.0,0,0,0,0,0,0,0,0,22,29,1.86,40.92,0
Distribuidora Martínez,55802701084,2024-Q4,44,11750349.83,9352729.07,2397620.76,1934707.75,9606526.56,5,1,411591.86,76998.5,82318.372,76998.5,1,0,53,2,1,1,1,1,40,58,2.05,82.0,1
Distribuidora Martínez,55802701084,2024-Q3,102,13951696.74,8923556.98,5028139.76,1655618.86,20321499.33,4,2,513899.37,128662.45,128474.8425,64331.225,2,0,72,0,0,0,1,0,35,22,1.05,36.75,1
Distribuidora Martínez,55802701084,2025-Q4,95,49392014.82,28129881.93,21262132.89,22912575.11,58231305.32,4,1,517684.74,80285.15,129421.185,80285.15,0,1,0,1,0,1,1,1,41,24,4.29,175.89,1
Productora Santa Fe,47116237213,2024-Q2,79,49925938.69,40357042.4,9568896.29,2135714.91,41255492.04,5,3,972488.95,581544.26,194497.78999999998,193848.08666666667,2,1,69,1,1,1,1,0,56,33,0.86,48.16,1
Productora Santa Fe,47116237213,2025-Q2,194,4343970.75,3117439.72,1226531.0299999998,2113339.17,5305719.72,2,0,246801.46,0.0,123400.73,0.0,0,0,0,2,1,1,0,1,42,40,3.81,160.02,1
Distribuidora Rodríguez,84541150873,2024-Q3,167,25936992.08,20268736.16,5668255.919999998,1305433.69,23243385.8,2,0,135123.04,0.0,67561.52,0.0,0,0,0,0,1,0,0,0,22,67,2.31,50.82,1
Distribuidora Rodríguez,84541150873,2025-Q1,65,2731091.87,1742640.91,988450.9600000002,936550.85,2637560.57,5,1,380193.59,167800.67,76038.71800000001,167800.67,0,1,0,2,1,0,1,1,65,55,1.62,105.3,1
Distribuidora Rodríguez,84541150873,2024-Q4,33,46015259.17,29174432.09,16840827.080000002,2404942.92,67206512.02,1,0,153571.02,0.0,153571.02,0.0,0,0,0,1,0,1,0,0,59,63,2.2,129.8,1
Distribuidora Rodríguez,84541150873,2025-Q4,168,15914119.44,14564023.35,1350096.0899999999,6043209.06,22930845.52,2,0,196887.84,0.0,98443.92,0.0,0,0,0,0,0,1,0,1,34,49,4.27,145.18,1
Consultora Mendoza,89265025397,2024-Q3,185,2975278.09,1913114.04,1062164.0499999998,999339.99,3174986.51,0,0,0.0,0.0,0.0,0.0,0,0,0,1,0,0,0,1,44,5,1.14,50.16,1
Consultora Mendoza,89265025397,2024-Q1,11,7646832.92,5163304.6,2483528.3200000003,1493225.43,8711048.9,4,3,462331.23,225650.39,115582.8075,75216.79666666668,0,3,0,0,0,1,1,0,58,48,1.33,77.14,1
Consultora Mendoza,89265025397,2025-Q3,175,28255962.86,26006058.6,2249904.259999998,6871125.88,38362136.29,3,0,522434.87,0.0,174144.95666666667,0.0,0,0,0,1,1,1,0,0,20,53,2.04,40.8,1
Productora Neuquén,54189452383,2025-Q4,25,16539411.21,13917838.63,2621572.58,1890229.59,22327736.91,2,0,243968.88,0.0,121984.44,0.0,0,0,0,0,1,0,0,0,85,19,0.7,59.5,1
Productora Neuquén,54189452383,2024-Q4,9,18523433.33,16122568.87,2400864.459999999,4124971.48,17354866.88,0,0,0.0,0.0,0.0,0.0,0,0,0,0,1,1,0,0,83,64,3.34,277.22,1
Productora Neuquén,54189452383,2025-Q2,37,31135813.76,21941155.69,9194658.07,9528161.76,26525023.21,0,0,0.0,0.0,0.0,0.0,0,0,0,1,0,1,0,0,30,3,0.98,29.4,0
Productora Neuquén,54189452383,2025-Q1,43,34958674.03,24216086.35,10742587.68,7350225.13,30107677.53,3,0,449681.25,0.0,149893.75,0.0,0,0,0,0,0,1,0,0,79,11,4.01,316.79,0
Industrias Vargas,30340824161,2025-Q1,146,12410864.66,11189190.39,1221674.2699999996,5460960.48,12982722.77,2,0,348222.08,0.0,174111.04,0.0,0,0,0,1,0,0,0,1,44,13,4.91,216.04,1
Industrias Vargas,30340824161,2025-Q4,76,10259107.58,6077967.7,4181139.88,1106856.51,11338094.56,3,0,195175.35,0.0,65058.450000000004,0.0,0,0,0,1,0,1,0,0,20,10,3.75,75.0,0
Industrias Vargas,30340824161,2025-Q3,112,30928480.77,18944371.7,11984109.07,13396648.87,35645448.09,1,1,170725.33,97216.2,170725.33,97216.2,1,0,79,0,0,1,1,1,58,20,4.18,242.44,1
Industrias La Pampa,81293932937,2025-Q4,197,43685571.34,31234096.72,12451474.620000005,10025775.26,56196651.87,0,0,0.0,0.0,0.0,0.0,0,0,0,0,0,1,0,0,59,12,3.86,227.74,1
Industrias La Pampa,81293932937,2024-Q4,75,33323283.06,18406748.01,14916535.049999997,7500714.9,48252407.65,5,1,561280.49,52113.25,112256.098,52113.25,0,1,0,0,0,0,1,0,84,36,0.71,59.64,1
Alimentos Pérez,71152458267,2025-Q4,33,12070587.78,6677497.63,5393090.149999999,3312969.13,14672039.64,0,0,0.0,0.0,0.0,0.0,0,0,0,1,1,1,0,1,48,12,4.1,196.8,1
Alimentos Pérez,71152458267,2025-Q2,106,34031818.51,17340507.48,16691311.029999997,5590257.94,42054911.51,1,0,187255.14,0.0,187255.14,0.0,0,0,0,1,0,0,0,1,30,67,2.88,86.4,1
Alimentos Pérez,71152458267,2024-Q4,103,24576797.17,15927427.59,8649369.580000002,1496569.52,31089870.35,5,2,864643.82,225252.78,172928.764,112626.39,2,0,85,0,0,1,1,0,85,32,1.85,157.25,1
Alimentos Pérez,71152458267,2025-Q1,52,26333594.6,19673238.59,6660356.010000002,3710591.58,39348132.01,4,1,672100.5,192483.06,168025.125,192483.06,1,0,66,0,0,0,1,1,79,22,1.34,105.86,1
Servicios Martínez,01967687761,2024-Q3,85,49271848.25,28450170.91,20821677.34,3498447.85,67475650.95,4,0,279226.32,0.0,69806.58,0.0,0,0,0,0,0,0,0,0,84,61,3.0,252.0,1
Servicios Martínez,01967687761,2025-Q4,184,22444385.75,15849293.19,6595092.5600000005,9825826.65,27612621.76,2,0,382860.44,0.0,191430.22,0.0,0,0,0,0,0,0,0,0,35,31,2.72,95.2,1
Servicios Martínez,01967687761,2024-Q2,56,2525576.04,2134857.16,390718.8799999999,209114.12,3135224.38,4,4,645083.02,269867.62,161270.755,67466.905,3,1,74,0,0,0,1,0,37,4,4.67,172.79,1
Servicios Martínez,01967687761,2024-Q1,179,15321962.47,9609374.67,5712587.800000001,3144123.98,19414396.1,1,0,195485.2,0.0,195485.2,0.0,0,0,0,1,1,0,0,0,66,43,1.19,78.54,1
Productora Pérez,35947888455,2024-Q3,20,44083234.69,29804770.06,14278464.629999999,16439991.29,62667034.96,4,3,415509.67,382869.09,103877.4175,127623.03000000001,1,2,47,3,1,1,1,1,52,59,2.43,126.36,1
Productora Pérez,35947888455,2025-Q3,30,2599703.34,2332180.32,267523.02,875367.64,2311201.0,0,0,0.0,0.0,0.0,0.0,0,0,0,0,0,0,0,1,74,61,0.52,38.48,1
Productora Pérez,35947888455,2024-Q2,179,48869180.68,35113874.38,13755306.299999997,6229660.78,52789369.86,2,0,265014.71,0.0,132507.355,0.0,0,0,0,0,0,0,0,0,20,27,1.58,31.6,0
Productora Pérez,35947888455,2024-Q4,167,16727721.14,8547799.04,8179922.1000000015,3097480.36,22076060.83,5,4,630951.73,661213.01,126190.34599999999,165303.2525,3,1,39,2,0,1,1,1,25,34,0.87,21.75,1
Cooperativa Martínez,39079566767,2024-Q2,198,24408352.81,20594044.06,3814308.75,2017274.28,22307140.02,1,0,121158.55,0.0,121158.55,0.0,0,0,0,1,0,0,0,1,71,5,4.88,346.48,1
Cooperativa Martínez,39079566767,2024-Q3,53,14085135.64,8939403.02,5145732.620000001,3444186.24,13772111.42,4,2,505691.78,136953.31,126422.945,68476.655,2,0,58,0,0,1,1,1,50,11,4.92,246.0,1
Cooperativa Martínez,39079566767,2025-Q2,139,18276169.08,10205261.31,8070907.769999998,7353451.1,21913803.0,0,0,0.0,0.0,0.0,0.0,0,0,0,3,1,1,0,1,62,45,2.2,136.4,1
Industrias La Pampa,78879200370,2025-Q2,101,8772848.67,6809880.16,1962968.5099999998,193882.21,12363809.82,4,0,452183.15,0.0,113045.7875,0.0,0,0,0,1,1,0,0,1,79,22,3.24,255.96,1
Industrias La Pampa,78879200370,2024-Q1,53,38744815.65,31522641.81,7222173.84,15459237.86,56615121.68,5,0,419163.51,0.0,83832.702,0.0,0,0,0,1,1,0,0,0,41,50,3.57,146.37,1
Distribuidora Santa Fe,53339267554,2025-Q1,178,45442923.74,32360629.14,13082294.600000001,107182.38,62349107.52,2,0,189065.18,0.0,94532.59,0.0,0,0,0,1,0,0,0,1,74,7,3.05,225.7,0
Distribuidora Santa Fe,53339267554,2025-Q2,169,11424418.57,8628485.18,2795933.3900000006,1819038.73,10443285.11,0,0,0.0,0.0,0.0,0.0,0,0,0,2,0,1,0,1,46,54,1.72,79.12,1
Cooperativa Mendoza,56029321665,2024-Q2,114,38181907.5,25865388.31,12316519.190000001,8965163.2,50216052.92,1,0,159469.22,0.0,159469.22,0.0,0,0,0,1,1,0,0,0,42,37,0.96,40.32,1
Cooperativa Mendoza,56029321665,2025-Q4,126,35525480.22,18413012.85,17112467.369999997,587849.45,34521316.34,3,3,459330.82,171880.04,153110.27333333335,57293.34666666667,3,0,34,3,1,1,1,1,54,42,1.61,86.94,1
Cooperativa Mendoza,56029321665,2025-Q3,99,25739394.4,13360464.79,12378929.61,2535418.48,32701747.87,3,3,512253.29,307524.38,170751.09666666665,102508.12666666666,3,0,85,1,0,1,1,0,31,8,1.94,60.14,0
Alimentos La Pampa,93878188687,2024-Q3,175,46594092.75,33673884.24,12920208.509999998,19162352.88,62072263.89,0,0,0.0,0.0,0.0,0.0,0,0,0,1,0,0,0,1,74,9,1.48,109.52,0
Alimentos La Pampa,93878188687,2025-Q1,61,36064664.07,28239755.79,7824908.280000001,14766174.84,52984169.11,3,1,220350.01,81070.66,73450.00333333334,81070.66,0,1,0,0,1,1,1,1,87,61,4.99,434.13,1
Alimentos La Pampa,93878188687,2025-Q2,176,31297865.03,17911807.79,13386057.240000002,6654097.88,26754574.7,2,2,306589.44,171184.7,153294.72,85592.35,1,1,71,1,1,1,1,0,68,23,0.64,43.52,1
Comercial Buenos Aires,42063795822,2024-Q4,132,44800765.36,29753650.86,15047114.5,5919631.43,40837419.68,3,0,366461.59,0.0,122153.86333333334,0.0,0,0,0,1,1,1,0,1,83,24,1.39,115.37,1
Comercial Buenos Aires,42063795822,2025-Q2,101,23410599.69,20680011.3,2730588.3900000006,9033605.5,28617887.92,2,1,170884.18,75708.45,85442.09,75708.45,1,0,84,2,1,1,1,0,78,65,4.41,343.98,1
Comercial Buenos Aires,42063795822,2024-Q1,170,42617508.17,23706834.91,18910673.26,18802771.2,51156793.12,1,0,108862.13,0.0,108862.13,0.0,0,0,0,1,1,1,0,1,33,70,1.92,63.36,1
Alimentos Pérez,34540039477,2024-Q1,54,3232418.7,2320017.05,912401.6500000004,54198.14,3630930.26,1,0,65330.71,0.0,65330.71,0.0,0,0,0,0,0,0,0,0,33,11,1.14,37.62,1
Alimentos Pérez,34540039477,2025-Q1,99,18644152.7,16416348.0,2227804.6999999993,582867.35,22886913.35,0,0,0.0,0.0,0.0,0.0,0,0,0,1,0,0,0,1,79,44,3.18,251.22,1
Alimentos Pérez,34540039477,2025-Q3,139,26214313.99,24034147.8,2180166.1899999976,7050961.93,21822215.66,4,1,204195.1,109110.47,51048.775,109110.47,0,1,0,0,0,0,1,0,50,52,1.94,97.0,1
Cooperativa Vargas,13793036439,2024-Q3,178,37535871.58,27912027.76,9623843.819999997,7278908.46,51410785.21,2,2,235124.69,227357.24,117562.345,113678.62,0,2,0,1,1,0,1,0,41,58,3.86,158.26,1
Cooperativa Vargas,13793036439,2024-Q2,89,32801319.11,26665680.87,6135638.239999998,2728551.2,41789949.66,0,0,0.0,0.0,0.0,0.0,0,0,0,3,1,1,0,1,26,22,1.47,38.22,0
Cooperativa Vargas,13793036439,2025-Q3,160,5212365.8,3862288.66,1350077.1399999997,1018966.49,6724769.5,0,0,0.0,0.0,0.0,0.0,0,0,0,3,1,1,0,1,70,46,4.8,336.0,1
Cooperativa Vargas,13793036439,2024-Q4,49,49794632.28,43080794.38,6713837.8999999985,7843590.69,52779130.52,2,1,220187.02,64314.2,110093.51,64314.2,0,1,0,0,1,1,1,0,39,10,2.42,94.38,1
Servicios Pérez,30591726427,2025-Q1,117,5313068.54,3011342.52,2301726.02,888194.08,4759684.42,2,0,108554.92,0.0,54277.46,0.0,0,0,0,0,0,0,0,1,78,17,3.84,299.52,1
Servicios Pérez,30591726427,2024-Q4,193,5294271.07,3312000.14,1982270.9300000002,1806312.75,7202346.66,0,0,0.0,0.0,0.0,0.0,0,0,0,0,0,1,0,0,54,52,2.97,160.38,1
Servicios Pérez,30591726427,2024-Q3,25,40285944.1,36939949.32,3345994.780000001,8801814.8,50239939.3,2,2,107617.05,155811.26,53808.525,77905.63,1,1,60,0,1,1,1,1,64,0,4.91,314.24,0
Alimentos Córdoba,23721536166,2025-Q4,52,18865487.22,16298465.77,2567021.4499999993,9342808.37,22347003.37,2,0,380973.17,0.0,190486.585,0.0,0,0,0,0,0,0,0,1,50,11,3.98,199.0,1
Alimentos Córdoba,23721536166,2025-Q1,29,48967697.25,32315436.81,16652260.440000001,10312074.32,48040235.16,0,0,0.0,0.0,0.0,0.0,0,0,0,2,0,1,0,1,84,0,4.73,397.32,1
Alimentos Córdoba,23721536166,2024-Q4,16,45319886.81,38253852.44,7066034.370000005,3612418.3,45406447.29,3,1,305750.96,87152.53,101916.98666666668,87152.53,1,0,90,0,1,0,1,0,71,51,3.15,223.65,1
Industrias Buenos Aires,44777851140,2024-Q1,136,28311682.13,15234901.11,13076781.02,7808000.5,27811186.01,5,3,452183.86,223759.31,90436.772,74586.43666666666,3,0,30,0,1,0,1,1,62,52,4.26,264.12,1
Industrias Buenos Aires,44777851140,2025-Q2,81,35327290.92,19539413.46,15787877.46,10421774.17,38839149.58,5,1,490215.67,148214.56,98043.13399999999,148214.56,0,1,0,2,0,1,1,1,30,27,0.99,29.7,0
Industrias Buenos Aires,44777851140,2025-Q3,45,49714770.83,46165408.61,3549362.219999999,10687199.9,68318369.55,0,0,0.0,0.0,0.0,0.0,0,0,0,0,0,0,0,0,89,20,2.44,217.16,1
Industrias Buenos Aires,44777851140,2025-Q4,133,46838003.28,42232636.85,4605366.43,20301829.77,62585689.59,1,0,165304.46,0.0,165304.46,0.0,0,0,0,0,0,0,0,1,32,59,4.23,135.36,1
Servicios Córdoba,85118174310,2025-Q1,101,36949105.47,24398974.62,12550130.849999998,15523401.23,31298686.95,0,0,0.0,0.0,0.0,0.0,0,0,0,1,1,1,0,1,30,64,2.94,88.2,1
Servicios Córdoba,85118174310,2024-Q2,115,38399619.59,32704999.37,5694620.2200000025,16181911.79,50678945.14,4,0,353028.79,0.0,88257.1975,0.0,0,0,0,0,1,0,0,0,56,13,0.55,30.8,1
Comercial Neuquén,06760758994,2025-Q4,138,16203896.83,9144755.79,7059141.040000001,5816418.62,18618959.82,0,0,0.0,0.0,0.0,0.0,0,0,0,0,0,1,0,0,46,21,0.85,39.1,1
Comercial Neuquén,06760758994,2024-Q1,105,1516898.93,828087.63,688811.2999999999,138997.42,2008389.95,3,0,446405.25,0.0,148801.75,0.0,0,0,0,0,1,1,0,0,80,38,1.02,81.6,1
Comercial Neuquén,06760758994,2025-Q1,183,30549806.47,21648044.15,8901762.32,15216947.7,34382514.48,5,4,260246.48,454285.75,52049.296,113571.4375,0,4,0,0,0,0,1,1,57,22,2.04,116.28,1
Grupo Martínez,79314828931,2024-Q3,74,43733169.3,37737541.84,5995627.459999993,13629214.28,47773886.71,0,0,0.0,0.0,0.0,0.0,0,0,0,1,0,0,0,1,56,47,3.71,207.76,1
Grupo Martínez,79314828931,2024-Q1,139,35036189.05,17599113.97,17437075.08,2709993.24,38646606.15,1,1,199670.48,51683.3,199670.48,51683.3,1,0,50,0,0,1,1,0,79,19,2.65,209.35,1
Grupo Salta,21880549075,2025-Q3,23,6224037.91,4898354.92,1325682.9900000002,239075.98,5310250.25,4,2,694045.19,125319.71,173511.2975,62659.855,0,2,0,0,1,0,1,1,47,17,0.71,33.37,0
Grupo Salta,21880549075,2024-Q2,52,12663547.82,10917341.38,1746206.4399999995,668801.04,15764183.88,4,2,638646.96,145512.49,159661.74,72756.245,0,2,0,0,1,0,1,0,28,0,3.35,93.8,1
Grupo Salta,21880549075,2025-Q4,50,16972028.25,11294951.41,5677076.84,6116286.93,24430121.08,5,0,348300.56,0.0,69660.112,0.0,0,0,0,2,0,1,0,1,55,68,3.13,172.15,1
Grupo Salta,21880549075,2024-Q3,45,46341677.91,23984992.02,22356685.889999997,7040501.8,49915018.18,5,5,752982.62,992046.53,150596.524,198409.306,5,0,72,1,1,1,1,0,39,56,3.59,140.01,1
Tecnología Rodríguez,20118310434,2024-Q2,24,3705776.56,1970146.52,1735630.04,1297793.65,4288308.45,0,0,0.0,0.0,0.0,0.0,0,0,0,2,1,1,0,1,39,43,4.08,159.12,1
Tecnología Rodríguez,20118310434,2024-Q3,129,15129237.29,7953998.52,7175238.77,7314958.72,13239464.61,0,0,0.0,0.0,0.0,0.0,0,0,0,3,1,1,0,1,72,55,4.1,295.2,1
Servicios Checo,57840842845,2025-Q4,23,30275343.61,19871295.12,10404048.489999998,12694690.94,44232588.1,5,5,507112.86,395001.6,101422.572,79000.31999999999,3,2,63,0,1,0,1,0,37,58,2.9,107.3,1
Servicios Checo,57840842845,2024-Q1,88,13900069.71,11977351.88,1922717.83,3511549.1,14815003.48,5,0,765510.65,0.0,153102.13,0.0,0,0,0,2,1,0,0,1,26,44,0.98,25.48,1
Servicios Checo,57840842845,2024-Q2,51,2841998.07,1654481.07,1187516.9999999998,1090414.84,3778324.93,0,0,0.0,0.0,0.0,0.0,0,0,0,1,0,0,0,1,71,60,4.49,318.79,1
Grupo Rosario,77549320770,2024-Q2,141,45429326.98,39180685.46,6248641.519999996,21148492.82,66714417.3,4,1,677038.96,172514.4,169259.74,172514.4,1,0,71,0,0,1,1,0,89,54,3.06,272.34,1
Grupo Rosario,77549320770,2025-Q1,77,44022999.21,34675646.43,9347352.780000001,8399226.81,40855302.91,1,0,114169.6,0.0,114169.6,0.0,0,0,0,1,1,1,0,1,49,49,3.95,193.55,1
Grupo Rosario,77549320770,2025-Q3,123,18612852.74,14198778.96,4414073.7799999975,826134.7,27792526.09,5,1,890131.77,132925.62,178026.354,132925.62,1,0,76,1,1,0,1,0,68,66,1.46,99.28,1
Industrias Buenos Aires,59105912486,2024-Q2,139,18388900.47,9872765.57,8516134.899999999,2827631.3,25485188.46,3,1,498154.05,123080.83,166051.35,123080.83,1,0,80,0,0,0,1,1,77,2,3.64,280.28,0
Industrias Buenos Aires,59105912486,2024-Q3,187,31676597.28,18091626.0,13584971.280000001,12350984.61,35784577.9,4,1,349194.63,54591.06,87298.6575,54591.06,1,0,55,0,1,0,1,0,42,14,4.36,183.12,1
Industrias Buenos Aires,59105912486,2024-Q1,31,29914432.25,25124389.36,4790042.890000001,7817361.78,25176049.77,5,2,322733.57,270332.77,64546.714,135166.385,2,0,70,2,0,1,1,1,78,66,3.47,270.66,1
Industrias Buenos Aires,59105912486,2025-Q3,73,39423430.6,28692084.11,10731346.490000002,16414286.05,41526251.58,1,0,182775.53,0.0,182775.53,0.0,0,0,0,0,0,1,0,0,62,24,2.28,141.36,1
Comercial Mendoza,46961451058,2024-Q4,55,31610282.72,25828424.05,5781858.669999998,10580132.77,31263167.26,2,0,396657.71,0.0,198328.855,0.0,0,0,0,1,0,0,0,1,64,35,4.59,293.76,1
Comercial Mendoza,46961451058,2025-Q1,114,39647399.96,23046188.82,16601211.14,14813840.58,50192566.88,3,0,313834.79,0.0,104611.59666666666,0.0,0,0,0,0,1,1,0,0,84,8,2.63,220.92,1
Cooperativa Rodríguez,10126655021,2024-Q2,29,35360867.35,19876579.58,15484287.770000003,2540177.3,44763140.57,2,0,253736.38,0.0,126868.19,0.0,0,0,0,0,0,0,0,1,65,46,1.2,78.0,1
Cooperativa Rodríguez,10126655021,2025-Q4,38,25117326.6,20125405.95,4991920.650000002,5277524.33,36681166.76,5,0,613268.75,0.0,122653.75,0.0,0,0,0,0,0,0,0,0,25,10,2.43,60.75,1
Cooperativa Rodríguez,10126655021,2025-Q2,160,2626590.52,1934134.06,692456.46,849567.21,2853387.62,2,0,251121.39,0.0,125560.695,0.0,0,0,0,0,1,0,0,0,63,2,0.83,52.29,1
Productora Paraná,54161414576,2024-Q3,141,37847827.3,31369164.01,6478663.289999995,2943050.37,34285304.44,1,0,109138.96,0.0,109138.96,0.0,0,0,0,1,0,1,0,1,50,63,0.88,44.0,1
Productora Paraná,54161414576,2025-Q3,100,31232177.8,19901312.47,11330865.330000002,4472927.6,28132205.35,4,0,331839.04,0.0,82959.76,0.0,0,0,0,1,1,0,0,0,37,11,4.89,180.93,0
Productora Paraná,54161414576,2025-Q2,56,33326424.04,19875463.55,13450960.489999998,5517929.37,46626617.38,2,2,254585.63,252620.91,127292.815,126310.455,2,0,34,3,1,1,1,1,53,20,0.81,42.93,0
Industrias Córdoba,54582877007,2024-Q4,87,47999940.13,32410980.59,15588959.540000003,2306784.74,48865264.35,2,0,374882.38,0.0,187441.19,0.0,0,0,0,0,0,0,0,0,41,62,4.59,188.19,1
Industrias Córdoba,54582877007,2024-Q2,129,8166158.03,6102911.98,2063246.0499999998,769887.72,8309012.7,3,3,337424.32,543587.28,112474.77333333333,181195.76,1,2,74,0,0,0,1,0,64,13,2.8,179.2,1
Productora Córdoba,16564300559,2025-Q4,173,1046597.93,595999.6,450598.3300000001,412264.32,1308093.13,0,0,0.0,0.0,0.0,0.0,0,0,0,2,0,1,0,1,37,67,4.74,175.38,1
Productora Córdoba,16564300559,2024-Q3,180,21430000.93,12258389.37,9171611.56,3173183.4,25884036.46,0,0,0.0,0.0,0.0,0.0,0,0,0,1,1,0,0,0,34,60,0.7,23.8,1
Productora Córdoba,16564300559,2024-Q1,14,28894877.07,22108124.12,6786752.949999999,4429522.1,29495097.22,0,0,0.0,0.0,0.0,0.0,0,0,0,1,1,1,0,0,46,63,0.69,31.74,1
Alimentos García,37762831570,2024-Q2,124,27361114.33,15101802.57,12259311.759999998,2926087.58,24680447.31,4,0,488056.03,0.0,122014.0075,0.0,0,0,0,1,0,0,0,1,57,53,1.87,106.59,1
Alimentos García,37762831570,2025-Q1,70,15987844.05,12437160.87,3550683.1800000016,2085139.05,22674231.72,1,0,135309.2,0.0,135309.2,0.0,0,0,0,2,1,1,0,1,56,30,0.65,36.4,1
Alimentos García,37762831570,2025-Q3,85,18942558.73,16025323.01,2917235.7200000007,2741346.02,15866880.65,2,2,297791.34,215441.77,148895.67,107720.885,1,1,77,2,1,1,1,0,30,17,4.43,132.9,1
Alimentos García,37762831570,2024-Q1,6,22265780.72,19418888.18,2846892.539999999,10556661.08,25289253.97,4,0,586045.49,0.0,146511.3725,0.0,0,0,0,2,1,1,0,0,41,67,1.63,66.83,1
Tecnología López,35702641863,2024-Q2,98,2489853.53,1657555.09,832298.4399999997,572605.49,2202950.66,3,1,435526.61,89222.47,145175.53666666665,89222.47,1,0,74,0,1,1,1,0,39,20,2.09,81.51,1
Tecnología López,35702641863,2024-Q1,78,12636236.32,9415333.5,3220902.8200000003,5874824.38,13881097.91,1,1,74822.11,128298.44,74822.11,128298.44,1,0,89,1,1,0,1,0,42,32,1.19,49.98,1
Tecnología López,35702641863,2025-Q3,93,14174633.42,9029686.96,5144946.459999999,325591.57,14335810.28,1,1,110487.48,88438.66,110487.48,88438.66,0,1,0,0,1,0,1,0,61,16,1.08,65.88,1
Tecnología López,35702641863,2025-Q4,33,44255012.1,29064940.13,15190071.970000003,14782956.25,43150319.96,0,0,0.0,0.0,0.0,0.0,0,0,0,0,0,1,0,0,64,37,0.87,55.68,1
Comercial Dondero,40913547084,2024-Q4,57,5966134.58,5624068.63,342065.9500000002,540269.53,7645961.33,2,0,353388.35,0.0,176694.175,0.0,0,0,0,1,0,1,0,1,44,43,3.46,152.24,1
Comercial Dondero,40913547084,2025-Q1,98,40556719.61,32650880.73,7905838.879999999,8919510.56,34934190.88,4,1,257644.41,54528.83,64411.1025,54528.83,0,1,0,0,0,0,1,1,56,45,3.86,216.16,1
Productora Dondero,79379169914,2025-Q2,196,33690073.51,27560899.68,6129173.829999998,15819942.16,30592345.66,2,1,384289.14,118804.6,192144.57,118804.6,0,1,0,0,0,0,1,0,86,31,1.08,92.88,1
Productora Dondero,79379169914,2025-Q1,129,31018897.31,26236064.32,4782832.989999998,1215540.97,39233893.44,0,0,0.0,0.0,0.0,0.0,0,0,0,1,0,1,0,1,48,22,3.84,184.32,0
Grupo Sánchez,11907978749,2025-Q4,180,46201168.25,40745869.21,5455299.039999999,19202918.44,62446193.12,4,2,529567.46,222543.17,132391.865,111271.585,2,0,66,0,0,1,1,1,87,43,0.79,68.73,1
Grupo Sánchez,11907978749,2025-Q3,91,49707182.22,25921724.57,23785457.65,415032.57,50351368.96,5,2,328024.29,292384.65,65604.858,146192.325,2,0,50,1,1,0,1,0,76,70,2.81,213.56,1
Grupo Sánchez,11907978749,2025-Q1,61,35255169.35,24592263.79,10662905.560000002,1183538.29,43624017.13,3,0,273578.82,0.0,91192.94,0.0,0,0,0,0,0,1,0,0,74,63,2.67,197.58,1
Tecnología Salta,56067582894,2024-Q3,48,13713357.38,10067752.96,3645604.42,755724.28,16082708.14,0,0,0.0,0.0,0.0,0.0,0,0,0,3,1,1,0,1,84,42,4.57,383.88,1
Tecnología Salta,56067582894,2025-Q2,134,49486191.0,38844926.79,10641264.21,4718280.18,59104944.12,3,0,378247.27,0.0,126082.42333333334,0.0,0,0,0,1,0,0,0,1,53,38,4.95,262.35,1
Tecnología Salta,56067582894,2025-Q3,196,26339912.32,15044280.92,11295631.4,2417272.87,29807900.18,4,2,601185.24,378607.51,150296.31,189303.755,2,0,76,0,0,1,1,0,75,55,1.05,78.75,1
Tecnología Salta,56067582894,2024-Q2,9,18556769.03,15893295.78,2663473.250000002,8499575.12,26112828.85,1,1,106920.1,98269.61,106920.1,98269.61,1,0,37,0,0,0,1,0,77,55,1.59,122.43,1
Industrias López,08274043862,2024-Q2,111,33821850.7,21710243.09,12111607.610000003,8210728.86,35116993.62,1,0,146621.23,0.0,146621.23,0.0,0,0,0,0,1,0,0,1,60,47,1.82,109.2,1
Industrias López,08274043862,2024-Q1,193,43903927.63,27251659.48,16652268.150000002,18263750.42,39760583.41,0,0,0.0,0.0,0.0,0.0,0,0,0,1,1,1,0,0,50,51,1.97,98.5,1
Industrias López,08274043862,2024-Q4,43,43286049.24,33777678.83,9508370.410000004,4310434.84,44545976.94,0,0,0.0,0.0,0.0,0.0,0,0,0,2,1,0,0,1,86,43,4.84,416.24,1
Industrias López,08274043862,2025-Q1,137,21271744.6,12648767.63,8622976.97,1551489.11,20717749.95,1,0,183015.88,0.0,183015.88,0.0,0,0,0,0,0,1,0,0,79,9,1.08,85.32,1
Distribuidora Gutierrez,39024014652,2024-Q2,23,18830943.27,15864650.15,2966293.119999999,1239079.41,19697993.19,2,0,386326.49,0.0,193163.245,0.0,0,0,0,0,0,0,0,0,20,45,4.25,85.0,1
Distribuidora Gutierrez,39024014652,2025-Q2,79,35445033.05,32264225.58,3180807.469999999,16946609.63,49863422.51,5,5,973257.31,832753.32,194651.462,166550.664,5,0,69,2,1,0,1,1,67,63,3.25,217.75,1
Distribuidora Gutierrez,39024014652,2024-Q1,17,44778312.86,29101458.97,15676853.89,18188710.9,65454164.36,4,4,749420.87,360228.6,187355.2175,90057.15,4,0,35,0,1,0,1,1,66,7,3.07,202.62,1
Industrias Neuquén,98025110675,2024-Q3,182,21997178.82,19623282.35,2373896.469999999,9994461.46,27409442.09,4,1,208694.76,84007.25,52173.69,84007.25,0,1,0,1,1,0,1,0,63,43,4.47,281.61,1
Industrias Neuquén,98025110675,2024-Q1,145,28019030.55,26213883.77,1805146.7800000012,2105702.94,40397867.14,0,0,0.0,0.0,0.0,0.0,0,0,0,2,1,1,0,1,61,17,0.91,55.51,1
Industrias Neuquén,98025110675,2024-Q4,65,16505766.4,10498056.15,6007710.25,5722473.0,23815087.23,0,0,0.0,0.0,0.0,0.0,0,0,0,0,1,1,0,0,20,33,3.78,75.6,1
Distribuidora Rosario,12688819557,2024-Q4,36,15419996.18,9465923.65,5954072.529999999,947037.98,12810186.06,5,2,381616.94,380145.87,76323.388,190072.935,0,2,0,0,1,1,1,0,74,27,1.82,134.68,0
Distribuidora Rosario,12688819557,2024-Q2,40,33694793.02,29913629.04,3781163.980000004,380397.74,38021474.18,5,1,568790.45,123569.7,113758.09,123569.7,1,0,61,1,1,1,1,0,45,4,3.13,140.85,0
Distribuidora Rosario,12688819557,2024-Q3,41,3360737.3,2002317.37,1358419.9299999997,939415.09,3027097.79,3,0,524023.43,0.0,174674.47666666665,0.0,0,0,0,0,0,0,0,1,35,26,0.88,30.8,0
Alimentos La Pampa,21886899599,2025-Q3,61,42139924.38,27410011.32,14729913.060000002,17661576.53,58750787.55,3,3,581231.04,184566.44,193743.68000000002,61522.14666666667,2,1,85,0,0,1,1,0,42,68,2.28,95.76,1
Alimentos La Pampa,21886899599,2025-Q1,195,15908090.29,11571056.65,4337033.639999999,5560655.29,14170510.1,5,2,759282.0,347736.56,151856.4,173868.28,2,0,41,2,0,1,1,1,44,57,0.85,37.4,1
Comercial Checo,55871408668,2025-Q3,123,39131363.58,29560927.2,9570436.379999999,13364559.53,40807760.84,1,1,133360.55,89141.82,133360.55,89141.82,1,0,39,1,0,0,1,1,42,8,2.38,99.96,1
Comercial Checo,55871408668,2025-Q2,37,46212331.23,36850021.15,9362310.079999998,17344910.24,67719109.35,0,0,0.0,0.0,0.0,0.0,0,0,0,1,0,1,0,1,60,47,1.34,80.4,1
Comercial Checo,55871408668,2024-Q4,134,3653722.09,2598446.66,1055275.4299999997,1400294.52,2951754.74,3,3,296738.77,170962.6,98912.92333333334,56987.53333333333,2,1,50,1,1,1,1,0,75,54,2.18,163.5,1
Industrias Córdoba,10249008131,2025-Q2,57,22548775.38,19979834.35,2568941.0299999975,9754284.5,22117801.88,0,0,0.0,0.0,0.0,0.0,0,0,0,3,1,1,0,1,52,62,3.36,174.72,1
Industrias Córdoba,10249008131,2024-Q3,19,42699494.26,31826015.96,10873478.299999997,569932.1,49436294.04,4,4,574316.99,507583.41,143579.2475,126895.8525,1,3,71,1,1,1,1,1,22,19,4.82,106.04,1
Industrias Córdoba,10249008131,2024-Q2,65,23975978.56,18168070.88,5807907.68,6223058.7,22757482.34,5,5,275953.03,526388.58,55190.60600000001,105277.71599999999,2,3,82,1,0,1,1,1,26,2,3.73,96.98,1
Industrias Córdoba,10249008131,2024-Q4,184,2960399.49,2300389.66,660009.8300000001,1055787.32,2483481.56,1,0,178322.08,0.0,178322.08,0.0,0,0,0,1,1,0,0,0,79,46,0.88,69.52,1
Productora Vargas,57344827589,2024-Q3,7,16651037.09,11668992.2,4982044.890000001,1881912.45,22417717.98,4,4,331776.23,611259.31,82944.0575,152814.8275,2,2,90,0,0,0,1,0,74,21,0.87,64.38,1
Productora Vargas,57344827589,2025-Q3,141,7255997.18,4424288.52,2831708.66,625593.33,6403402.21,2,0,169076.95,0.0,84538.475,0.0,0,0,0,1,0,1,0,0,27,54,4.2,113.4,1
Productora Vargas,57344827589,2025-Q2,183,13816690.22,8952386.63,4864303.59,1548135.34,18988450.19,4,4,529077.52,412531.53,132269.38,103132.8825,0,4,0,2,1,0,1,1,25,55,4.35,108.75,1
Productora Vargas,57344827589,2024-Q4,172,33917936.3,23839073.13,10078863.169999998,12577966.99,35516492.95,1,0,141127.0,0.0,141127.0,0.0,0,0,0,0,0,1,0,0,60,34,3.52,211.2,1
Consultora Paraná,39529927361,2024-Q2,122,48327376.39,42893331.43,5434044.960000001,1960802.91,54742572.68,4,3,687370.54,159116.02,171842.635,53038.67333333333,0,3,0,1,0,1,1,1,46,52,1.3,59.8,1
Consultora Paraná,39529927361,2025-Q2,184,7482151.44,6978301.05,503850.3900000006,2511111.57,10249772.46,1,0,60750.04,0.0,60750.04,0.0,0,0,0,1,1,1,0,1,33,61,3.51,115.83,1
Consultora Paraná,39529927361,2024-Q4,38,7401397.35,6971459.9,429937.44999999925,1762.15,10164493.85,3,0,480036.95,0.0,160012.31666666668,0.0,0,0,0,2,0,1,0,1,55,31,1.24,68.2,1
Consultora Paraná,39529927361,2025-Q3,85,41054740.11,38048514.02,3006226.089999996,13915809.19,58450962.38,0,0,0.0,0.0,0.0,0.0,0,0,0,0,0,1,0,0,46,18,1.77,81.42,1
Industrias Río Negro,74478894770,2025-Q3,35,39271050.22,36121325.72,3149724.5,13059639.77,40211844.16,3,2,155824.69,284874.66,51941.56333333333,142437.33,2,0,36,2,1,1,1,0,67,23,3.11,208.37,1
Industrias Río Negro,74478894770,2024-Q2,40,49756271.54,42245768.08,7510503.460000001,2371540.86,41662473.88,0,0,0.0,0.0,0.0,0.0,0,0,0,1,1,0,0,0,33,31,3.43,113.19,1
Consultora Sánchez,51029322581,2025-Q1,72,11548498.51,9550835.89,1997662.6199999992,1947966.46,17060965.92,2,2,184404.98,156909.22,92202.49,78454.61,1,1,56,0,0,1,1,1,22,1,2.42,53.24,1
Consultora Sánchez,51029322581,2024-Q4,169,8153518.87,6610940.54,1542578.33,1647195.0,10573765.06,4,0,764855.88,0.0,191213.97,0.0,0,0,0,3,1,1,0,1,72,39,4.17,300.24,1
Consultora Sánchez,51029322581,2024-Q2,63,24995485.06,16214338.23,8781146.829999998,8565353.02,22749065.39,3,2,569636.98,287650.0,189878.99333333332,143825.0,2,0,57,0,1,0,1,0,47,70,1.12,52.64,1
Grupo Gutierrez,62357669663,2025-Q1,195,5784891.18,3499098.95,2285792.2299999995,2608607.35,5463339.06,2,2,205460.45,161650.87,102730.225,80825.435,2,0,62,2,1,1,1,0,22,34,1.5,33.0,1
Grupo Gutierrez,62357669663,2025-Q2,15,18720056.2,11692908.43,7027147.77,6419303.42,25451454.48,0,0,0.0,0.0,0.0,0.0,0,0,0,0,1,0,0,1,77,49,1.21,93.17,1
Grupo Gutierrez,62357669663,2024-Q2,177,11597613.11,9489400.73,2108212.379999999,2587618.4,14216956.32,2,0,192181.08,0.0,96090.54,0.0,0,0,0,1,1,0,0,0,57,51,4.19,238.83,1
Tecnología Mendoza,38528436415,2025-Q4,47,22642504.54,16531383.08,6111121.459999999,10288156.71,29223182.4,0,0,0.0,0.0,0.0,0.0,0,0,0,2,1,1,0,1,55,21,0.91,50.05,0
Tecnología Mendoza,38528436415,2024-Q3,37,11516470.17,5770556.46,5745913.71,3308244.64,13595536.82,4,3,568620.03,490030.38,142155.0075,163343.46,0,3,0,0,1,0,1,1,71,60,1.4,99.4,1
Tecnología Mendoza,38528436415,2025-Q1,38,33956057.6,26554087.75,7401969.8500000015,7726318.46,45671650.37,3,3,166670.56,498333.24,55556.85333333333,166111.08,2,1,68,2,1,0,1,1,21,49,0.58,12.18,1
Grupo Córdoba,22372277427,2025-Q1,26,33509374.96,29328797.28,4180577.6799999997,40085.71,34600704.97,5,2,802665.39,340750.7,160533.078,170375.35,2,0,73,0,1,0,1,1,86,47,1.86,159.96,1
Grupo Córdoba,22372277427,2025-Q3,107,42434007.6,38870794.88,3563212.719999999,14178894.68,41092110.71,5,5,346007.32,730265.08,69201.464,146053.016,1,4,55,0,0,1,1,1,83,21,4.74,393.42,0
Grupo Córdoba,22372277427,2024-Q3,87,29415879.47,23885748.82,5530130.6499999985,14613093.41,41848645.29,4,4,698017.57,752284.9,174504.3925,188071.225,3,1,56,0,0,0,1,0,84,40,2.52,211.68,1
Comercial Paraná,88578670296,2024-Q1,7,1059122.84,779856.9,279265.94000000006,204165.09,1241665.99,2,2,358099.06,203354.03,179049.53,101677.015,2,0,48,2,1,0,1,1,24,11,4.86,116.64,0
Comercial Paraná,88578670296,2025-Q2,102,23698789.78,19574558.83,4124230.950000003,1674524.09,27228452.42,1,0,55916.51,0.0,55916.51,0.0,0,0,0,1,1,1,0,1,87,65,1.37,119.19,1
Comercial Paraná,88578670296,2025-Q4,198,26953461.25,24275240.04,2678221.210000001,1403510.82,26335448.68,4,4,382168.87,592073.34,95542.2175,148018.335,2,2,43,0,0,0,1,1,78,42,1.33,103.74,1
Tecnología Rodríguez,88643027853,2024-Q1,32,6737706.8,4474243.38,2263463.42,1379529.65,7481621.4,2,1,342054.01,149490.45,171027.005,149490.45,0,1,0,1,0,1,1,0,29,13,2.62,75.98,1
Tecnología Rodríguez,88643027853,2025-Q3,146,30998070.44,17350501.99,13647568.450000003,13864004.91,40848703.3,0,0,0.0,0.0,0.0,0.0,0,0,0,1,1,1,0,1,30,5,3.52,105.6,1
Tecnología Rodríguez,88643027853,2024-Q4,69,46948458.65,32819945.3,14128513.349999998,21878329.4,54157169.36,0,0,0.0,0.0,0.0,0.0,0,0,0,1,0,1,0,0,23,28,2.26,51.98,0
Productora Buenos Aires,48513849563,2025-Q2,168,20319285.82,18159100.48,2160185.34,9361404.78,18186733.21,1,0,125987.75,0.0,125987.75,0.0,0,0,0,1,0,0,0,1,80,12,4.68,374.4,0
Productora Buenos Aires,48513849563,2024-Q4,6,17385508.04,9420940.65,7964567.389999999,2235265.36,22096537.38,0,0,0.0,0.0,0.0,0.0,0,0,0,1,1,0,0,0,36,34,4.7,169.2,1
Productora Buenos Aires,48513849563,2025-Q1,91,21789379.13,12494116.64,9295262.489999998,9620042.11,26004040.38,4,3,323665.3,230204.77,80916.325,76734.92333333332,0,3,0,2,1,1,1,0,64,29,1.65,105.6,0
Comercial Río Negro,39394764315,2024-Q2,63,22302395.45,19532970.18,2769425.2699999996,3867101.57,19818445.43,2,2,319636.92,292605.3,159818.46,146302.65,2,0,56,0,0,1,1,0,32,57,3.57,114.24,1
Comercial Río Negro,39394764315,2025-Q4,92,32144634.62,26788560.93,5356073.690000001,4205147.51,37527178.44,0,0,0.0,0.0,0.0,0.0,0,0,0,0,0,0,0,1,23,40,0.64,14.72,1
Distribuidora Rodríguez,85127905227,2025-Q2,175,26826595.41,25370639.98,1455955.4299999997,3128097.53,35649026.18,4,3,462490.21,441178.79,115622.5525,147059.59666666665,2,1,46,0,1,0,1,0,68,6,3.06,208.08,1
Distribuidora Rodríguez,85127905227,2024-Q3,149,24215056.98,15125572.93,9089484.05,7879758.96,34486419.6,0,0,0.0,0.0,0.0,0.0,0,0,0,0,0,1,0,1,47,27,3.7,173.9,1
Distribuidora Rodríguez,85127905227,2024-Q2,66,1936529.42,1128600.89,807928.53,614256.69,2067069.91,3,1,394307.25,142210.9,131435.75,142210.9,0,1,0,1,0,1,1,0,75,44,4.64,348.0,1
Servicios Vargas,94164738250,2025-Q4,139,15509139.29,9453272.78,6055866.51,7673659.37,12524570.77,0,0,0.0,0.0,0.0,0.0,0,0,0,0,1,1,0,0,74,32,2.81,207.94,1
Servicios Vargas,94164738250,2025-Q1,158,34107576.12,31788960.8,2318615.3199999966,16406067.05,40817553.06,2,0,267743.07,0.0,133871.535,0.0,0,0,0,1,1,0,0,0,74,4,4.23,313.02,1
Tecnología Neuquén,45451234792,2025-Q3,64,40419234.99,20308198.28,20111036.71,7438351.09,53033239.9,1,0,135494.64,0.0,135494.64,0.0,0,0,0,0,0,0,0,0,70,4,0.56,39.2,1
Tecnología Neuquén,45451234792,2024-Q2,166,30116904.41,19619017.48,10497886.93,7904752.0,40138144.65,2,0,325776.71,0.0,162888.355,0.0,0,0,0,1,0,1,0,0,63,10,4.36,274.68,1
Tecnología Neuquén,45451234792,2024-Q3,138,24596381.18,19329032.27,5267348.91,7915957.41,30899606.25,0,0,0.0,0.0,0.0,0.0,0,0,0,2,1,1,0,1,21,37,4.19,87.99,1
Servicios Paraná,39360226917,2024-Q4,31,47054175.84,41764966.06,5289209.780000001,9962351.04,52605772.42,2,2,345679.65,347939.28,172839.825,173969.64,1,1,53,1,1,0,1,0,83,51,3.38,280.54,1
Servicios Paraná,39360226917,2025-Q3,179,13799876.19,9088928.51,4710947.68,5557740.41,16337551.05,5,5,646183.75,596894.36,129236.75,119378.872,1,4,40,1,1,0,1,1,67,63,1.74,116.58,1
Servicios Buenos Aires,46411957747,2025-Q3,27,2749507.31,1929992.8,819514.51,1019870.99,3525017.3,3,1,207085.14,91617.4,69028.38,91617.4,1,0,58,1,0,0,1,1,89,4,4.59,408.51,1
Servicios Buenos Aires,46411957747,2025-Q2,17,30543468.29,19362368.07,11181100.219999999,525631.76,33098578.5,1,1,197928.91,175735.04,197928.91,175735.04,0,1,0,3,1,1,1,1,20,0,4.86,97.2,1
Servicios Buenos Aires,46411957747,2024-Q3,139,23258864.62,19171198.97,4087665.6500000022,1057878.4,29502810.65,3,1,374520.35,177300.57,124840.11666666665,177300.57,0,1,0,2,1,0,1,1,44,53,2.14,94.16,1
Servicios Buenos Aires,46411957747,2025-Q1,54,20919802.1,17724043.89,3195758.210000001,10171193.07,23348335.39,4,3,267523.2,152619.46,66880.8,50873.15333333333,1,2,79,1,0,0,1,1,29,41,3.91,113.39,1
Productora Río Negro,89074002342,2024-Q4,180,6015422.53,3854403.09,2161019.4400000004,98488.16,7353480.4,4,4,363783.71,627489.58,90945.9275,156872.395,0,4,0,0,0,0,1,0,29,67,3.64,105.56,1
Productora Río Negro,89074002342,2025-Q1,95,8504269.5,6689276.62,1814992.88,2662654.53,7403258.46,1,0,63550.73,0.0,63550.73,0.0,0,0,0,1,0,0,0,1,54,42,1.93,104.22,1
Productora Río Negro,89074002342,2025-Q2,61,41307627.38,32046545.07,9261082.310000002,17651980.85,44109135.74,3,1,572596.32,100284.98,190865.43999999997,100284.98,1,0,78,0,0,1,1,1,79,58,2.88,227.52,1
Cooperativa Paraná,17468013269,2024-Q1,191,44997653.68,30982367.79,14015285.89,13441155.84,66136100.79,0,0,0.0,0.0,0.0,0.0,0,0,0,2,1,1,0,1,20,21,2.54,50.8,1
Cooperativa Paraná,17468013269,2024-Q3,170,17034020.03,9108029.86,7925990.170000002,1219988.32,23847716.15,3,3,496009.33,576289.63,165336.44333333333,192096.54333333333,2,1,47,0,0,0,1,0,71,21,3.44,244.24,1
Comercial Rodríguez,12089467720,2025-Q4,151,10684630.85,9176608.98,1508021.8699999992,2124604.38,11656379.62,1,0,116021.22,0.0,116021.22,0.0,0,0,0,1,1,1,0,0,24,29,4.57,109.68,0
Comercial Rodríguez,12089467720,2025-Q2,193,9273283.36,8513703.78,759579.5800000001,941792.34,10794845.44,3,0,557398.43,0.0,185799.47666666668,0.0,0,0,0,0,0,1,0,0,74,21,3.24,239.76,1
Grupo Paraná,81846285093,2025-Q3,48,32008353.14,18361857.36,13646495.780000001,8213999.36,38318160.36,4,3,768280.17,433720.64,192070.0425,144573.54666666666,3,0,87,2,1,1,1,1,26,70,2.15,55.9,1
Grupo Paraná,81846285093,2024-Q3,152,49911311.78,45361963.26,4549348.520000003,23294495.68,69318327.35,4,0,550498.11,0.0,137624.5275,0.0,0,0,0,1,1,1,0,1,41,54,1.89,77.49,1
Grupo Sánchez,88987938011,2024-Q1,30,23320553.51,14075742.17,9244811.340000002,463516.22,33133245.38,3,2,352599.89,260530.49,117533.29666666668,130265.245,0,2,0,1,0,0,1,1,64,28,2.94,188.16,0
Grupo Sánchez,88987938011,2025-Q1,177,24891978.42,12957118.32,11934860.100000001,8032455.93,35967045.12,0,0,0.0,0.0,0.0,0.0,0,0,0,1,1,0,0,0,63,20,0.83,52.29,1
Grupo Sánchez,88987938011,2024-Q4,166,1627288.95,838722.92,788566.0299999999,270348.06,2353122.86,4,0,481131.6,0.0,120282.9,0.0,0,0,0,0,0,0,0,0,70,38,4.86,340.2,1
Grupo Sánchez,88987938011,2024-Q3,79,36808342.87,23692205.55,13116137.319999997,5232345.63,49090269.01,1,1,109150.92,153600.71,109150.92,153600.71,1,0,79,0,1,1,1,0,86,35,1.07,92.02,1
Consultora López,86282974989,2025-Q4,89,26608819.64,24482389.36,2126430.280000001,4290572.8,25656020.0,5,1,973718.51,68525.16,194743.702,68525.16,0,1,0,2,1,0,1,1,83,16,3.16,262.28,0
Consultora López,86282974989,2025-Q3,19,7805283.01,4592734.9,3212548.1099999994,2063001.61,7358954.3,3,0,568288.94,0.0,189429.64666666664,0.0,0,0,0,3,1,1,0,1,40,70,3.64,145.6,1
Consultora López,86282974989,2025-Q1,180,17110348.57,14925996.03,2184352.540000001,5499293.07,22379024.26,4,4,777488.24,700927.29,194372.06,175231.8225,3,1,43,1,0,1,1,0,41,25,3.87,158.67,0
Consultora López,86282974989,2025-Q2,194,33662968.52,24420058.78,9242909.740000002,11140351.45,49120988.21,4,3,417941.16,200405.31,104485.29,66801.77,2,1,67,2,1,0,1,1,89,4,3.05,271.45,1
Tecnología Martínez,69200677069,2025-Q4,18,25676294.1,19792957.78,5883336.32,3904256.36,36125013.21,1,0,145436.39,0.0,145436.39,0.0,0,0,0,2,1,1,0,1,44,33,4.72,207.68,1
Tecnología Martínez,69200677069,2024-Q2,50,44780795.8,23447799.85,21332995.949999996,20675076.56,46909271.12,3,1,262842.06,58301.82,87614.02,58301.82,0,1,0,0,0,1,1,0,39,64,0.89,34.71,1
Tecnología Martínez,69200677069,2024-Q3,165,20566649.56,14412073.16,6154576.3999999985,6787679.27,26551777.18,4,3,725075.85,414206.25,181268.9625,138068.75,2,1,90,0,0,0,1,0,64,10,0.91,58.24,0
Productora La Pampa,17090002378,2025-Q1,109,42378091.48,29703273.22,12674818.259999998,6225765.24,58889947.21,0,0,0.0,0.0,0.0,0.0,0,0,0,2,1,0,0,1,37,22,3.62,133.94,1
Productora La Pampa,17090002378,2024-Q3,88,20986962.68,15511143.35,5475819.33,2513155.4,19873626.65,2,0,394447.03,0.0,197223.515,0.0,0,0,0,2,1,1,0,0,88,23,3.05,268.4,1
Productora La Pampa,17090002378,2025-Q2,62,5946571.03,3692933.31,2253637.72,1360875.04,7224808.6,5,3,986282.69,408882.53,197256.538,136294.17666666667,3,0,57,1,1,1,1,1,86,41,4.14,356.04,1
Servicios Mendoza,32556845708,2025-Q4,114,32847303.22,20736595.79,12110707.43,15854043.17,37381961.04,2,2,269492.18,130830.36,134746.09,65415.18,1,1,49,1,0,0,1,1,53,60,1.4,74.2,1
Servicios Mendoza,32556845708,2024-Q4,33,14294822.94,9668379.63,4626443.309999999,6421213.61,15403512.42,5,4,468603.51,380099.31,93720.702,95024.8275,1,3,83,2,1,0,1,1,80,22,1.8,144.0,0
Tecnología Vargas,38847598992,2024-Q3,87,1364214.5,1143507.2,220707.30000000005,547809.67,1395026.92,1,1,84342.48,190514.12,84342.48,190514.12,0,1,0,3,1,1,1,1,55,6,3.96,217.8,0
Tecnología Vargas,38847598992,2025-Q4,189,1455845.96,1069175.37,386670.58999999985,154835.54,1524678.49,0,0,0.0,0.0,0.0,0.0,0,0,0,0,1,0,0,0,65,20,4.63,300.95,1
Tecnología Vargas,38847598992,2025-Q3,183,16971496.33,10700700.63,6270795.699999997,1202411.05,19664706.31,2,2,102538.86,382704.67,51269.43,191352.335,1,1,43,2,0,1,1,1,87,23,2.0,174.0,0
Tecnología Vargas,38847598992,2025-Q1,122,44536549.62,29680943.06,14855606.559999999,7270453.38,52118387.0,0,0,0.0,0.0,0.0,0.0,0,0,0,2,1,0,0,1,46,8,3.42,157.32,0
Productora Paraná,31991932333,2025-Q2,18,9223137.26,4841196.6,4381940.66,3212958.11,10875244.75,5,1,672894.4,102488.43,134578.88,102488.43,0,1,0,3,1,1,1,1,71,30,4.69,332.99,0
Productora Paraná,31991932333,2024-Q3,126,29457708.05,20484591.67,8973116.379999999,13008329.38,38141084.41,1,1,83779.01,100793.04,83779.01,100793.04,0,1,0,1,1,0,1,0,45,52,2.44,109.8,1
Productora Paraná,31991932333,2024-Q1,36,38298175.0,24476870.95,13821304.05,9651016.34,32278258.4,2,0,394224.82,0.0,197112.41,0.0,0,0,0,1,0,1,0,1,40,2,2.35,94.0,1
Productora Paraná,31991932333,2025-Q1,174,48500502.02,37861336.79,10639165.230000004,14277286.66,61920550.41,5,5,888774.21,383570.19,177754.842,76714.038,2,3,45,0,1,1,1,0,81,27,4.97,402.57,0
Tecnología Paraná,85853589334,2024-Q2,124,9798189.89,7491559.62,2306630.2700000005,2931380.52,13299972.76,0,0,0.0,0.0,0.0,0.0,0,0,0,0,1,0,0,1,31,4,1.28,39.68,0
Tecnología Paraná,85853589334,2025-Q2,14,27328554.36,15558218.02,11770336.34,13071556.36,22115607.17,2,0,368395.49,0.0,184197.745,0.0,0,0,0,0,0,0,0,0,87,38,3.74,325.38,1
Alimentos García,26155240746,2025-Q1,7,38518818.07,20266849.37,18251968.7,7728161.52,50136435.69,2,0,179070.74,0.0,89535.37,0.0,0,0,0,0,1,0,0,0,54,27,2.8,151.2,1
Alimentos García,26155240746,2024-Q1,42,47122657.09,32696991.46,14425665.630000003,13113106.75,61815762.67,3,0,303983.5,0.0,101327.83333333333,0.0,0,0,0,1,0,0,0,1,43,24,1.93,82.99,1
Alimentos García,26155240746,2025-Q2,11,37121815.13,22811350.35,14310464.780000001,16263935.16,46183924.33,0,0,0.0,0.0,0.0,0.0,0,0,0,0,1,1,0,0,65,9,5.0,325.0,1
Cooperativa Checo,14675055161,2024-Q2,194,42524533.99,31429197.33,11095336.660000004,4295729.35,37372526.99,3,3,229802.32,289403.36,76600.77333333333,96467.78666666667,1,2,37,2,1,1,1,1,60,37,0.87,52.2,1
Cooperativa Checo,14675055161,2025-Q4,99,15968216.07,13801173.18,2167042.8900000006,2708392.04,16090199.03,0,0,0.0,0.0,0.0,0.0,0,0,0,0,1,0,0,0,66,43,2.55,168.3,1
Consultora Buenos Aires,54657368256,2024-Q4,14,45316459.43,34482151.17,10834308.259999998,8143172.91,37450056.02,3,0,317125.18,0.0,105708.39333333333,0.0,0,0,0,0,0,1,0,1,80,22,4.21,336.8,0
Consultora Buenos Aires,54657368256,2024-Q3,46,36534608.32,23250949.93,13283658.39,10780317.93,54787600.68,0,0,0.0,0.0,0.0,0.0,0,0,0,0,1,0,0,0,20,62,4.56,91.2,1
Consultora Buenos Aires,54657368256,2025-Q2,6,39576567.06,29085237.68,10491329.380000003,16675200.52,58431496.29,1,0,141891.12,0.0,141891.12,0.0,0,0,0,1,0,1,0,1,77,1,3.67,282.59,1
Servicios Mendoza,32192129422,2025-Q1,161,33570306.48,21862416.21,11707890.269999996,11183141.97,44483021.45,1,0,81282.98,0.0,81282.98,0.0,0,0,0,3,1,1,0,1,81,44,3.75,303.75,1
Servicios Mendoza,32192129422,2024-Q3,79,2102105.23,1692615.09,409490.1399999999,26836.59,2822808.53,1,0,53972.3,0.0,53972.3,0.0,0,0,0,1,0,1,0,1,73,14,3.39,247.47,1
Servicios Mendoza,32192129422,2025-Q4,168,8615132.54,7631274.8,983857.7399999993,1410711.3,10651764.17,1,0,150240.19,0.0,150240.19,0.0,0,0,0,1,1,1,0,0,26,15,2.83,73.58,0
Servicios Mendoza,32192129422,2025-Q3,21,16814088.27,15602155.78,1211932.4900000002,987730.6,15586169.35,5,5,394293.74,647012.09,78858.74799999999,129402.41799999999,3,2,50,0,1,0,1,0,47,5,4.88,229.36,1
Tecnología Neuquén,26671215491,2025-Q3,71,14648051.94,10188444.36,4459607.58,4629435.8,12927685.33,1,1,157859.5,124591.4,157859.5,124591.4,1,0,88,1,1,1,1,0,78,64,1.01,78.78,1
Tecnología Neuquén,26671215491,2024-Q2,102,42693447.78,21867390.12,20826057.66,3057612.12,47763777.28,5,4,625711.21,457868.34,125142.242,114467.085,2,2,31,1,0,1,1,0,41,6,1.78,72.98,1
Tecnología Neuquén,26671215491,2025-Q4,58,40019620.32,22032310.11,17987310.21,8405004.89,38836820.61,5,3,370799.82,427207.83,74159.964,142402.61000000002,0,3,0,2,1,1,1,0,30,60,2.56,76.8,1
Tecnología Neuquén,26671215491,2024-Q3,112,16251742.77,8285953.45,7965789.319999999,5976108.69,20298266.1,3,0,300000.3,0.0,100000.09999999999,0.0,0,0,0,1,1,0,0,1,31,54,2.81,87.11,1
Grupo Martínez,16759128931,2025-Q1,188,42268466.39,26681017.98,15587448.41,20072125.71,53366197.04,4,1,443712.48,157922.72,110928.12,157922.72,1,0,83,1,1,1,1,0,31,2,3.04,94.24,0
Grupo Martínez,16759128931,2024-Q4,64,40753454.82,31455476.56,9297978.260000002,4332715.78,61031250.41,1,0,123308.5,0.0,123308.5,0.0,0,0,0,1,1,0,0,0,73,23,4.13,301.49,1
Grupo Martínez,16759128931,2025-Q4,175,2213941.21,1341061.52,872879.69,753756.77,2507848.17,1,0,102398.62,0.0,102398.62,0.0,0,0,0,1,0,1,0,1,56,31,1.48,82.88,1
Grupo Martínez,16759128931,2025-Q2,39,31976774.59,20939531.95,11037242.64,11685811.83,29735743.76,2,0,346128.99,0.0,173064.495,0.0,0,0,0,1,0,1,0,0,70,44,3.53,247.1,1
Tecnología Gutierrez,18639109897,2025-Q4,98,22277907.6,18913046.02,3364861.580000002,5564442.73,31942151.54,2,0,397906.62,0.0,198953.31,0.0,0,0,0,0,0,1,0,0,32,40,4.02,128.64,1
Tecnología Gutierrez,18639109897,2025-Q3,108,35481111.13,31300113.59,4180997.540000003,16677217.28,50099408.58,3,3,291665.18,289763.18,97221.72666666667,96587.72666666667,1,2,62,2,1,0,1,1,35,67,3.18,111.3,1
Tecnología Gutierrez,18639109897,2024-Q2,65,24849046.7,20786383.93,4062662.7699999996,447532.7,24706625.96,2,2,143526.3,279163.93,71763.15,139581.965,0,2,0,0,0,0,1,0,31,56,1.06,32.86,1
Tecnología Gutierrez,18639109897,2024-Q1,171,4376030.89,2424970.62,1951060.2699999996,2072140.43,5429808.42,5,1,640519.14,183710.49,128103.82800000001,183710.49,0,1,0,1,0,0,1,1,75,20,2.41,180.75,0
Grupo Córdoba,52696454051,2025-Q3,172,3111527.68,1685277.13,1426250.5500000003,1290122.48,4431060.95,2,1,336185.34,77410.62,168092.67,77410.62,0,1,0,0,1,0,1,0,71,0,4.55,323.05,1
Grupo Córdoba,52696454051,2024-Q3,136,23073293.32,11992262.83,11081030.49,1076213.78,20704568.3,1,0,146790.16,0.0,146790.16,0.0,0,0,0,3,1,1,0,1,71,28,0.89,63.19,1
Grupo Córdoba,52696454051,2024-Q1,179,32964050.9,26161900.6,6802150.299999997,10991088.08,28432817.1,4,1,544982.57,51202.17,136245.6425,51202.17,0,1,0,2,1,1,1,0,34,26,0.89,30.26,0
Cooperativa Pérez,80002334539,2024-Q3,136,12795683.15,7844564.36,4951118.79,1718579.25,11297024.38,2,2,261825.94,299624.87,130912.97,149812.435,1,1,51,0,0,0,1,1,21,21,1.76,36.96,1
Cooperativa Pérez,80002334539,2024-Q4,184,11879238.69,5946430.47,5932808.22,5578234.27,17346056.68,2,2,270156.02,269071.81,135078.01,134535.905,2,0,46,0,0,1,1,0,65,53,3.72,241.8,1
Cooperativa Pérez,80002334539,2024-Q2,162,32864691.3,21441761.75,11422929.55,3626793.39,37904963.18,1,0,108678.92,0.0,108678.92,0.0,0,0,0,3,1,1,0,1,24,0,4.7,112.8,0
Tecnología Rodríguez,12240711038,2025-Q4,120,47583734.67,26576970.23,21006764.44,11768040.28,58102764.44,4,3,412097.68,473541.98,103024.42,157847.32666666666,2,1,86,0,1,1,1,0,78,23,1.94,151.32,1
Tecnología Rodríguez,12240711038,2025-Q2,124,7916552.02,7385445.6,531106.4199999999,2172270.36,8584337.62,2,2,119303.97,375581.77,59651.985,187790.885,0,2,0,0,0,0,1,0,29,18,1.09,31.61,1
Tecnología Rodríguez,12240711038,2024-Q2,48,2695649.48,1415929.33,1279720.15,872685.02,3064525.58,4,0,287569.31,0.0,71892.3275,0.0,0,0,0,0,0,1,0,0,57,7,1.5,85.5,1
Tecnología Rodríguez,12240711038,2025-Q3,17,7666282.69,4544908.2,3121374.49,3312325.38,9621738.99,0,0,0.0,0.0,0.0,0.0,0,0,0,0,1,0,0,0,28,65,1.19,33.32,1
Cooperativa Pérez,62228921006,2024-Q4,12,4313388.66,2837580.56,1475808.1,1503810.95,3559665.62,3,3,492262.25,190239.32,164087.41666666666,63413.10666666667,3,0,38,1,1,0,1,1,79,62,1.14,90.06,1
Cooperativa Pérez,62228921006,2024-Q2,148,44642984.6,29775552.48,14867432.120000001,10292085.88,50660342.55,3,0,193690.65,0.0,64563.549999999996,0.0,0,0,0,0,1,1,0,0,84,47,1.32,110.88,1
Cooperativa Pérez,62228921006,2025-Q2,138,2884932.63,2521128.27,363804.35999999987,523444.34,3076986.46,5,5,547000.36,947237.18,109400.072,189447.43600000002,3,2,75,0,0,0,1,0,66,42,3.85,254.1,1
Cooperativa Pérez,62228921006,2025-Q3,73,18625094.09,11088180.99,7536913.1,1676095.57,17373503.39,1,0,132495.76,0.0,132495.76,0.0,0,0,0,0,0,0,0,0,55,17,1.13,62.15,1
Consultora Neuquén,21295797614,2024-Q2,44,11403059.35,10098575.49,1304483.8599999994,5552376.2,9481564.73,3,0,565942.0,0.0,188647.33333333334,0.0,0,0,0,2,1,0,0,1,87,33,4.2,365.4,1
Consultora Neuquén,21295797614,2024-Q3,173,24289572.28,13840755.1,10448817.180000002,6623957.25,30399860.3,2,0,305282.16,0.0,152641.08,0.0,0,0,0,0,1,0,0,1,87,33,3.43,298.41,1
Consultora Neuquén,21295797614,2024-Q4,20,38015905.38,35642930.94,2372974.440000005,11801699.08,44683423.85,4,2,345755.32,279517.55,86438.83,139758.775,0,2,0,1,0,1,1,0,47,63,4.86,228.42,1
Tecnología Fernández,20451518021,2025-Q3,100,30000273.86,17952614.69,12047659.169999998,9056142.17,29117512.65,3,1,512748.52,86809.99,170916.17333333334,86809.99,0,1,0,1,0,1,1,0,84,58,2.66,223.44,1
Tecnología Fernández,20451518021,2024-Q3,46,10881136.97,10190403.0,690733.9700000007,2833834.51,13710629.47,0,0,0.0,0.0,0.0,0.0,0,0,0,0,0,1,0,1,50,56,0.95,47.5,1
Tecnología Fernández,20451518021,2025-Q1,21,16922412.43,12585242.97,4337169.459999999,1425406.22,14542910.68,4,4,562477.24,429265.3,140619.31,107316.325,4,0,58,1,1,1,1,1,29,61,1.87,54.23,1
Tecnología Fernández,20451518021,2025-Q2,174,5281327.01,4600525.61,680801.3999999994,816792.84,4976790.68,2,1,268482.38,91032.19,134241.19,91032.19,0,1,0,0,0,0,1,0,21,67,4.46,93.66,1
Distribuidora Neuquén,60938470016,2024-Q1,69,18143498.19,9629934.52,8513563.670000002,4165967.99,26857458.59,5,1,702663.37,67393.27,140532.674,67393.27,0,1,0,2,1,1,1,1,90,14,1.93,173.7,1
Distribuidora Neuquén,60938470016,2025-Q1,70,49735279.5,44226904.38,5508375.119999997,4970934.45,60445865.25,2,0,385996.28,0.0,192998.14,0.0,0,0,0,1,0,1,0,0,68,31,0.85,57.8,1
Distribuidora Neuquén,60938470016,2025-Q4,158,22004325.76,17813974.81,4190350.950000003,6152131.65,26599114.57,0,0,0.0,0.0,0.0,0.0,0,0,0,2,1,1,0,0,27,38,0.66,17.82,1
Cooperativa Gutierrez,99512563646,2024-Q4,136,4835726.39,4163734.83,671991.5599999996,85072.12,6789048.46,2,2,116099.78,157601.9,58049.89,78800.95,0,2,0,0,0,0,1,1,24,23,1.03,24.72,1
Cooperativa Gutierrez,99512563646,2024-Q3,87,9558653.02,8840845.42,717807.5999999996,3594308.22,10881909.37,0,0,0.0,0.0,0.0,0.0,0,0,0,0,0,0,0,1,30,11,3.81,114.3,1
Cooperativa Gutierrez,99512563646,2025-Q3,109,33639111.37,17834069.82,15805041.549999997,6241589.25,45077651.32,0,0,0.0,0.0,0.0,0.0,0,0,0,0,0,0,0,1,86,14,2.19,188.34,0
Cooperativa Gutierrez,99512563646,2024-Q1,15,30661184.48,20716639.53,9944544.95,3751502.82,40756418.11,4,0,329733.51,0.0,82433.3775,0.0,0,0,0,0,1,1,0,1,30,47,1.23,36.9,1
Grupo Rodríguez,69279374481,2025-Q2,54,30884520.62,23498222.65,7386297.9700000025,11467518.92,41278622.96,2,0,101515.52,0.0,50757.76,0.0,0,0,0,2,1,0,0,1,25,16,1.97,49.25,1
Grupo Rodríguez,69279374481,2024-Q2,169,36444193.34,28544473.65,7899719.690000005,8028963.6,32203911.37,0,0,0.0,0.0,0.0,0.0,0,0,0,1,1,0,0,0,45,21,4.83,217.35,1
Comercial Rodríguez,76702724865,2024-Q2,73,17735818.25,14670533.38,3065284.869999999,1812398.04,26494680.44,5,5,771129.62,290720.95,154225.924,58144.19,3,2,75,1,1,1,1,0,58,19,3.28,190.24,1
Comercial Rodríguez,76702724865,2025-Q3,98,38597904.42,30416141.27,8181763.150000002,11600174.42,48103998.85,1,0,147747.38,0.0,147747.38,0.0,0,0,0,0,0,0,0,0,60,63,2.34,140.4,1
Comercial Rodríguez,76702724865,2024-Q1,158,23101423.95,12613182.44,10488241.51,2140182.21,29207799.67,5,0,376561.29,0.0,75312.258,0.0,0,0,0,0,0,0,0,0,25,2,2.1,52.5,1
Alimentos Dondero,61809356327,2024-Q3,120,1424816.64,733288.06,691528.5799999998,524408.28,2070924.58,2,1,395032.6,89781.27,197516.3,89781.27,1,0,32,0,1,1,1,0,73,60,4.91,358.43,1
Alimentos Dondero,61809356327,2025-Q3,141,5901010.5,3798780.37,2102230.13,1786293.21,6800101.26,3,0,218833.66,0.0,72944.55333333333,0.0,0,0,0,0,1,1,0,0,85,59,4.67,396.95,1
Servicios Córdoba,88630523821,2024-Q4,153,9559757.46,8649751.17,910006.290000001,3974029.87,12965050.89,4,4,321526.89,653637.89,80381.7225,163409.4725,0,4,0,1,1,0,1,0,64,36,0.63,40.32,1
Servicios Córdoba,88630523821,2025-Q4,7,43954642.75,34874539.79,9080102.96,7481472.89,43397170.98,2,2,300921.15,290611.49,150460.575,145305.745,1,1,75,0,0,1,1,0,83,24,0.78,64.74,1
Servicios Córdoba,88630523821,2025-Q1,142,9101563.84,5395084.55,3706479.29,2253805.36,12939258.82,0,0,0.0,0.0,0.0,0.0,0,0,0,0,1,0,0,1,89,45,2.74,243.86,1
Distribuidora Martínez,44330398825,2024-Q3,38,7462652.78,3867632.02,3595020.7600000002,1878324.04,8409844.3,4,1,761320.77,104942.41,190330.1925,104942.41,1,0,85,1,0,0,1,1,71,56,1.77,125.67,1
Distribuidora Martínez,44330398825,2025-Q1,145,30443930.78,17869583.56,12574347.220000003,1996733.56,42606072.9,0,0,0.0,0.0,0.0,0.0,0,0,0,3,1,1,0,1,21,61,4.25,89.25,1
Distribuidora Martínez,44330398825,2025-Q2,97,47844160.69,32260691.08,15583469.61,9367296.03,44015307.79,3,1,225955.97,158112.82,75318.65666666666,158112.82,1,0,30,0,1,0,1,0,60,5,4.95,297.0,1
Grupo Rosario,68118899530,2024-Q2,168,29660512.76,21511305.78,8149206.98,3572972.08,43699203.69,0,0,0.0,0.0,0.0,0.0,0,0,0,0,0,1,0,0,85,9,4.81,408.85,1
Grupo Rosario,68118899530,2024-Q3,200,45312012.59,30651351.44,14660661.150000002,10801903.45,55497562.18,2,1,187803.7,176186.1,93901.85,176186.1,1,0,35,0,0,0,1,1,42,63,1.39,58.38,1
Grupo Rosario,68118899530,2025-Q4,41,49688415.22,29209787.84,20478627.38,13411987.22,64878227.04,4,4,531445.05,535694.34,132861.2625,133923.585,2,2,53,2,1,1,1,1,20,2,3.01,60.2,0
Grupo Rosario,68118899530,2025-Q2,12,27460279.78,14860200.75,12600079.030000001,7473177.51,32072555.39,4,3,541548.45,151927.2,135387.1125,50642.4,3,0,52,1,0,1,1,0,86,11,3.45,296.7,0
Alimentos Gómez,79082295132,2025-Q3,96,28374077.09,22714799.05,5659278.039999999,4460115.16,33163396.47,2,1,257830.3,96875.21,128915.15,96875.21,0,1,0,1,1,0,1,0,38,7,4.93,187.34,1
Alimentos Gómez,79082295132,2024-Q1,167,14924500.83,9257757.0,5666743.83,3902665.36,16809259.46,4,0,317271.04,0.0,79317.76,0.0,0,0,0,1,0,0,0,1,27,56,1.07,28.89,1
Alimentos Gómez,79082295132,2024-Q3,171,13017641.91,6603314.81,6414327.100000001,717789.28,17078090.51,5,3,850816.44,371878.24,170163.288,123959.41333333333,1,2,37,1,0,0,1,1,72,66,2.1,151.2,1
Industrias Pérez,62443548651,2025-Q4,198,16088613.33,10234869.23,5853744.1,4876916.28,18383313.2,3,1,386031.27,130034.68,128677.09000000001,130034.68,0,1,0,0,1,0,1,0,42,65,4.3,180.6,1
Industrias Pérez,62443548651,2024-Q2,86,17194185.22,9941527.12,7252658.1,5964047.72,14091639.1,2,0,130868.75,0.0,65434.375,0.0,0,0,0,0,0,0,0,0,79,37,0.5,39.5,1
Industrias Pérez,62443548651,2025-Q2,154,12132054.77,6510856.81,5621197.96,5016779.76,13842454.07,2,1,361505.1,101713.93,180752.55,101713.93,0,1,0,0,0,0,1,0,21,12,3.65,76.65,1
Distribuidora Gómez,65574676901,2025-Q4,26,15975208.02,14710046.25,1265161.7699999996,1877863.99,20940327.82,5,3,336406.77,161020.96,67281.354,53673.65333333333,2,1,65,3,1,1,1,1,79,64,3.55,280.45,1
Distribuidora Gómez,65574676901,2024-Q1,96,37446897.96,20692901.4,16753996.560000002,4108891.8,39803086.37,2,0,279150.84,0.0,139575.42,0.0,0,0,0,0,1,1,0,0,77,10,3.55,273.35,1
Distribuidora Gómez,65574676901,2025-Q2,119,18496594.54,11804213.17,6692381.369999999,2359951.85,15434507.98,2,0,342027.85,0.0,171013.925,0.0,0,0,0,2,1,1,0,0,75,20,1.92,144.0,0
Distribuidora Gómez,65574676901,2024-Q2,13,5933013.89,3647436.03,2285577.86,1239959.58,6813256.38,4,2,269922.14,132861.59,67480.535,66430.795,1,1,78,0,0,1,1,0,63,65,3.91,246.33,1
Comercial Fernández,65545955476,2024-Q4,66,29395759.84,18446141.23,10949618.61,2554545.34,28641827.47,5,0,778920.93,0.0,155784.18600000002,0.0,0,0,0,2,0,1,0,1,55,59,2.88,158.4,1
Comercial Fernández,65545955476,2025-Q2,188,4175858.71,2907169.88,1268688.83,774462.28,5194719.92,4,2,357590.89,122026.22,89397.7225,61013.11,2,0,84,0,1,0,1,0,59,21,2.04,120.36,0
Comercial Fernández,65545955476,2025-Q4,160,10358705.41,6787392.05,3571313.3600000003,2830561.84,12091748.63,0,0,0.0,0.0,0.0,0.0,0,0,0,0,1,0,0,0,82,25,2.93,240.26,1
Comercial Fernández,65545955476,2025-Q1,123,7515124.6,5094313.85,2420810.75,3087247.6,6717427.07,4,3,375598.02,232374.14,93899.505,77458.04666666668,2,1,35,2,1,1,1,0,61,52,4.96,302.56,1
Industrias López,12407074762,2025-Q1,36,5421098.95,2781091.25,2640007.7,1506738.46,6656992.24,1,0,84242.74,0.0,84242.74,0.0,0,0,0,0,0,0,0,0,25,13,2.22,55.5,0
Industrias López,12407074762,2024-Q1,65,39114069.07,26496439.7,12617629.370000001,10048491.0,31349210.91,5,0,643028.92,0.0,128605.78400000001,0.0,0,0,0,1,1,0,0,0,56,26,3.92,219.52,1
Industrias López,12407074762,2024-Q2,127,24449742.81,16404590.07,8045152.739999998,10712294.54,29469379.35,3,2,530016.04,103698.29,176672.01333333334,51849.145,0,2,0,2,1,0,1,1,35,67,4.9,171.5,1
Industrias López,12407074762,2024-Q4,75,29267214.81,16434056.15,12833158.659999998,3923520.88,39000923.06,2,0,111737.07,0.0,55868.535,0.0,0,0,0,0,1,0,0,0,39,28,1.83,71.37,1
Alimentos Fernández,12672558654,2025-Q3,180,45031844.68,32221090.59,12810754.09,19882357.67,57397131.3,4,4,486110.41,561276.18,121527.6025,140319.045,1,3,40,0,1,1,1,1,45,66,4.52,203.4,1
Alimentos Fernández,12672558654,2025-Q1,46,43610596.56,35289386.05,8321210.510000005,16641655.44,50114567.88,5,4,459884.12,540812.43,91976.824,135203.1075,1,3,36,0,0,1,1,1,26,68,2.22,57.72,1
Alimentos Fernández,12672558654,2024-Q3,147,31221918.12,20662811.51,10559106.61,13647300.98,39270764.97,4,1,278862.52,76182.91,69715.63,76182.91,0,1,0,0,1,0,1,0,30,42,1.93,57.9,1
Consultora Paraná,56321426075,2025-Q3,77,12454060.67,11083059.31,1371001.3599999994,4988118.6,11570284.98,4,1,556680.76,50863.94,139170.19,50863.94,1,0,42,2,1,0,1,1,90,5,1.85,166.5,1
Consultora Paraná,56321426075,2024-Q4,193,38215534.2,34327582.62,3887951.5800000057,12074342.88,32713187.99,1,0,162146.96,0.0,162146.96,0.0,0,0,0,0,0,0,0,0,76,29,0.58,44.08,1
Consultora Paraná,56321426075,2025-Q2,179,25714173.84,22220832.31,3493341.530000001,4812674.52,30186513.57,1,0,173560.19,0.0,173560.19,0.0,0,0,0,1,1,0,0,0,50,25,4.44,222.0,1
Distribuidora Buenos Aires,30167472006,2025-Q2,167,44011145.77,29489958.64,14521187.130000003,3299415.82,45432730.08,2,0,397162.13,0.0,198581.065,0.0,0,0,0,0,0,1,0,0,75,19,3.17,237.75,0
Distribuidora Buenos Aires,30167472006,2025-Q3,145,30675342.83,20321511.99,10353830.84,1794746.97,26584567.38,4,1,422393.87,104569.94,105598.4675,104569.94,1,0,33,1,1,1,1,0,87,12,0.95,82.65,1
Distribuidora Buenos Aires,30167472006,2024-Q4,140,44419019.32,27108906.25,17310113.07,10044107.74,47586255.15,4,0,265419.28,0.0,66354.82,0.0,0,0,0,0,0,0,0,0,33,11,4.88,161.04,0
Distribuidora Buenos Aires,30167472006,2024-Q1,55,26656741.29,17564207.12,9092534.169999998,12555852.75,24434004.13,5,0,583855.5,0.0,116771.1,0.0,0,0,0,0,0,0,0,1,58,33,1.7,98.6,1
Industrias Santa Fe,17372524200,2025-Q4,93,46771813.43,42350100.64,4421712.789999999,11676483.68,64584281.75,4,3,681884.83,161483.73,170471.2075,53827.91,1,2,62,2,1,1,1,1,67,35,1.45,97.15,1
Industrias Santa Fe,17372524200,2024-Q4,200,5223580.02,4445504.12,778075.8999999994,1908877.13,6421833.37,1,0,157060.15,0.0,157060.15,0.0,0,0,0,0,0,0,0,0,65,54,4.23,274.95,1
Cooperativa Mendoza,55459750125,2024-Q3,102,30560389.55,25361876.65,5198512.900000002,5784391.19,26017657.37,4,2,499649.51,142017.66,124912.3775,71008.83,2,0,36,0,0,1,1,0,36,20,4.2,151.2,1
Cooperativa Mendoza,55459750125,2025-Q2,166,32748015.91,28444059.85,4303956.059999999,8373249.53,30852104.97,4,0,545099.51,0.0,136274.8775,0.0,0,0,0,1,0,0,0,1,71,39,1.25,88.75,1
Cooperativa Mendoza,55459750125,2025-Q3,127,31515250.31,21585985.12,9929265.189999998,7110592.64,27819125.32,0,0,0.0,0.0,0.0,0.0,0,0,0,0,0,0,0,0,89,22,2.34,208.26,1
Cooperativa Mendoza,55459750125,2024-Q2,37,37986573.96,29127022.65,8859551.310000002,3057601.19,45545215.73,0,0,0.0,0.0,0.0,0.0,0,0,0,0,0,1,0,0,45,9,4.22,189.9,1
Tecnología Córdoba,94303995466,2025-Q3,73,3957959.69,3013024.65,944935.04,1466256.28,4637083.12,5,4,318403.63,519940.79,63680.726,129985.1975,0,4,0,2,1,1,1,0,29,3,3.24,93.96,1
Tecnología Córdoba,94303995466,2024-Q2,183,17284387.9,15670073.72,1614314.1799999978,8275072.92,19927979.03,0,0,0.0,0.0,0.0,0.0,0,0,0,2,1,0,0,1,40,6,2.37,94.8,1
Tecnología Córdoba,94303995466,2024-Q1,178,7438609.32,5787469.86,1651139.46,2764134.56,6687642.67,5,3,458426.07,159794.58,91685.214,53264.85999999999,1,2,48,0,1,1,1,1,75,26,3.55,266.25,0
Tecnología Córdoba,94303995466,2024-Q4,70,29777932.71,15226461.61,14551471.100000001,8735392.46,24561460.34,5,4,567981.4,214266.5,113596.28,53566.625,3,1,89,1,0,1,1,1,33,55,4.71,155.43,1
Servicios Checo,32820988385,2025-Q4,116,7760813.44,6584076.14,1176737.3000000007,2491076.75,10640384.06,0,0,0.0,0.0,0.0,0.0,0,0,0,1,0,1,0,0,55,35,2.75,151.25,1
Servicios Checo,32820988385,2025-Q2,88,49951987.09,28557932.59,21394054.500000004,7517454.09,59326266.99,4,0,581893.25,0.0,145473.3125,0.0,0,0,0,2,0,1,0,1,65,65,3.75,243.75,1
Servicios Checo,32820988385,2024-Q3,126,13141775.97,10001763.5,3140012.4700000007,5224304.19,16317539.03,3,1,519793.46,152943.68,173264.48666666666,152943.68,0,1,0,0,1,1,1,0,87,64,3.87,336.69,1
Servicios Checo,32820988385,2024-Q2,97,48561586.42,26865970.1,21695616.32,16126400.31,41614215.54,4,2,702951.88,356345.52,175737.97,178172.76,0,2,0,1,1,1,1,0,43,25,4.72,202.96,1
Distribuidora Mendoza,05581217719,2024-Q1,43,35555172.19,25729115.24,9826056.95,12715726.32,33311158.43,1,0,80111.93,0.0,80111.93,0.0,0,0,0,0,1,1,0,1,66,25,2.48,163.68,1
Distribuidora Mendoza,05581217719,2025-Q3,24,16897730.56,10238018.08,6659712.479999999,5379264.92,15103931.39,5,0,615907.77,0.0,123181.554,0.0,0,0,0,0,0,0,0,1,65,46,2.23,144.95,1
Distribuidora Mendoza,05581217719,2025-Q4,56,42329608.95,22170535.45,20159073.500000004,6426935.58,51772419.32,1,0,166738.32,0.0,166738.32,0.0,0,0,0,2,0,1,0,1,63,43,3.41,214.83,1
